mol_idx,smiles,target,pic50,cluster_id,cluster_size,is_singleton,max_sali,n_cliff_pairs
2532,O=C(c1cc(Cc2n[nH]c(=O)c3ccccc23)ccc1F)N1CCn2c(nnc2-c2ccc(CN3CCSCC3)o2)C1,CHEMBL3105,10.7,2516,19,False,15.800003348457189,0
1788,N#Cc1ccccc1N1CCN(C(=O)c2cc(Cc3n[nH]c(=O)c4ccccc34)cc(F)c2F)CC1,CHEMBL3105,10.7,1767,12,False,21.389996685147796,1
2643,NC(=O)c1cccc2[nH]c(-c3ccc(NCc4ccc(C(=O)Nc5ccccc5N)cc4)cc3)nc12,CHEMBL3105,10.66,singleton,1,True,12.69666742344702,0
2496,NC(=O)c1cccc2[nH]c(-c3ccc(C(=O)N4CCN(C(=O)c5ccc(Br)o5)CC4)cc3)nc12,CHEMBL3105,10.64,2614,9,False,19.29299954001905,1
1793,O=C(c1cc(Cc2n[nH]c(=O)c3ccccc23)cc(F)c1F)N1CCN(c2ccccn2)CC1,CHEMBL3105,10.0,401,173,False,12.375000737607524,0
2605,Cn1cc(-c2ccc(=O)n(CCOc3ccnc4cc(N5CCN(C(=O)c6cc(Cc7n[nH]c(=O)c8ccccc78)ccc6F)CC5)ccc34)n2)cn1,CHEMBL3105,9.92,2607,14,False,13.502105009014262,2
2530,O=C(c1cc(Cc2n[nH]c(=O)c3ccccc23)ccc1F)N1CCn2c(nnc2-c2ccc(CN3CCCCC3)o2)C1,CHEMBL3105,9.77,2516,19,False,64.38003837349312,0
2476,O=C(c1cc(Cc2n[nH]c(=O)c3cccc(O)c23)ccc1F)N1CCN(C(=O)C2CC2)CC1,CHEMBL3105,9.76,401,173,False,11.708076520467841,0
2134,O=C(c1cc(Cc2n[nH]c(=O)c3ccccc23)ccc1F)N1CCN(c2nc3ccccc3[nH]2)CC1,CHEMBL3105,9.72,401,173,False,11.320000000000002,0
1660,Cc1cc(-c2[nH]c(=O)c3cc(F)ccc3c2OCCN)ccc1Cl,CHEMBL3105,9.7,1651,17,False,10.437142323912433,0
1801,O=C(c1cc(Cc2n[nH]c(=O)c3ccccc23)cc(F)c1F)N1CCN(c2nccs2)CC1,CHEMBL3105,9.7,401,173,False,9.940000310341524,0
2517,N#Cc1ccc(-c2nnc3n2CCN(C(=O)c2cc(Cc4n[nH]c(=O)c5ccccc45)ccc2F)C3)o1,CHEMBL3105,9.64,2516,19,False,11.998125581054513,0
2130,NC(=O)c1cncc2[nH]c(C3CCN(C(=O)c4cc(Cc5n[nH]c(=O)c6ccccc56)ccc4F)CC3)nc12,CHEMBL3105,9.64,2130,3,False,10.580000105102858,0
2509,Cc1ccc(-c2nnc3n2CCN(C(=O)c2cc(Cc4n[nH]c(=O)c5ccccc45)ccc2F)C3)o1,CHEMBL3105,9.62,401,173,False,15.062497531064254,2
2487,NC(=O)c1ccccc1OCc1cccc(NC(=O)c2ccc(Br)cc2)c1,CHEMBL3105,9.6,2489,4,False,7.7133331289997855,0
2310,COc1ccc(NC(=O)c2ccc(NC(=O)N3CCN(C(=O)c4cc(Cc5n[nH]c(=O)c6ccccc56)ccc4F)CC3)cc2)cc1,CHEMBL3105,9.6,401,173,False,10.477825978343114,0
2508,O=C(c1cc(Cc2n[nH]c(=O)c3ccccc23)ccc1F)N1CCn2c(nnc2-c2ccco2)C1,CHEMBL3105,9.59,401,173,False,12.539999770017776,0
884,O=C1NCC2c3c(cccc31)CCN2C(=O)c1cc(Cc2n[nH]c(=O)c3ccccc23)ccc1F,CHEMBL3105,9.51,879,11,False,20.828574266239475,4
2370,CCc1cc2ncc(CN3CC4CN(c5ccc(C(=O)NC)nc5)CC4C3)cc2[nH]c1=O,CHEMBL3105,9.47,2355,95,False,9.290666998926815,0
1783,O=C(c1cc(Cc2n[nH]c(=O)c3ccccc23)cc(F)c1F)N1CCN(c2ccc([N+](=O)[O-])cc2)CC1,CHEMBL3105,9.4,1767,12,False,11.533571183051995,0
2369,CCc1cc2ncc(CN3CCc4cc(/C=C/C(=O)NC)ccc4C3)cc2[nH]c1=O,CHEMBL3105,9.4,singleton,1,True,8.057777315285009,0
1779,O=C(c1cc(Cc2n[nH]c(=O)c3ccccc23)cc(F)c1F)N1CCN(c2ccc(F)cc2)CC1,CHEMBL3105,9.4,401,173,False,18.37624685098471,4
2051,NC(=O)c1ccc(N2CCN(CCCc3cc4c(N)cc(F)cc4c(=O)[nH]3)CC2)cc1,CHEMBL3105,9.4,2049,5,False,7.426956752703194,0
2537,C[C@@H]1CN(C(=O)c2cc(Cc3n[nH]c(=O)c4ccccc34)ccc2F)Cc2nnc(-c3nccs3)n21,CHEMBL3105,9.4,2688,22,False,9.842353033199995,0
2137,O=C(c1cc(Cc2n[nH]c(=O)c3ccccc23)ccc1F)N1CCn2c(nc3ccc(Cl)cc32)C1,CHEMBL3105,9.4,401,173,False,11.826922155079124,0
2320,NC1CCN(Cc2ccc(-c3[nH]c4cc(F)cc5c4c3CCNC5=O)cc2)CC1,CHEMBL3105,9.39,2320,9,False,8.019267896304614,0
2360,CCc1cc2ncc(CN3CCN(c4ccc5c[nH]nc5n4)CC3)cc2[nH]c1=O,CHEMBL3105,9.39,3282,12,False,7.1141376093522695,0
2658,CNC(=O)c1ccc(N2CCN(Cc3ccc4c(c3)[nH]c(=O)n3cccc43)CC2)c(C)n1,CHEMBL3105,9.37,2659,3,False,6.88904138838604,0
2659,CNC(=O)c1ccc(N2CCN(Cc3ccc4c(c3)[nH]c(=O)n3cccc43)CC2)c(F)n1,CHEMBL3105,9.37,2659,3,False,6.9847219678033,0
2660,CNC(=O)c1ccc(N2CCN(Cc3cc(F)c4c(c3)[nH]c(=O)n3cccc43)CC2)c(F)n1,CHEMBL3105,9.37,2492,4,False,6.962328755753776,0
2510,O=C(c1cc(Cc2n[nH]c(=O)c3ccccc23)ccc1F)N1CCn2c(nnc2-c2ccoc2)C1,CHEMBL3105,9.36,401,173,False,12.180000725984616,0
1978,O=C(c1cc(Cc2n[nH]c(=O)c3ccccc23)ccc1F)N1CCN(c2nc(-c3cccc4[nH]ncc34)nc(N3CCOCC3)n2)CC1,CHEMBL3105,9.36,1983,12,False,9.599999309036017,0
2136,Cc1ccc2nc3n(c2c1)CCN(C(=O)c1cc(Cc2n[nH]c(=O)c4ccccc24)ccc1F)C3,CHEMBL3105,9.33,401,173,False,11.343703202861185,0
2378,CCc1cc2ncc(CN3CC[C@@H](Nc4ccc(C(=O)NC)nc4)C3)cc2[nH]c1=O,CHEMBL3105,9.31,2355,95,False,8.959999999999999,0
2306,Cc1ccc(NC(=O)c2ccc(NC(=O)N3CCN(C(=O)c4cc(Cc5n[nH]c(=O)c6ccccc56)ccc4F)CC3)cc2)cc1,CHEMBL3105,9.31,401,173,False,10.095117090686522,0
2135,O=C(c1cc(Cc2n[nH]c(=O)c3ccccc23)ccc1F)N1CCn2c(nc3ccccc32)C1,CHEMBL3105,9.31,401,173,False,12.941363566239513,0
1966,O=C(c1cc(Cc2n[nH]c(=O)c3ccccc23)ccc1F)N1Cc2c(c(O)n(Cc3ccccc3)c2O)C1,CHEMBL3105,9.3,401,173,False,10.480000000000002,0
1778,O=C(c1cc(Cc2n[nH]c(=O)c3ccccc23)cc(F)c1F)N1CCN(c2ccccc2)CC1,CHEMBL3105,9.3,401,173,False,17.325001032650537,4
624,O=C1NCC2c3c(cccc31)CCN2C(=O)CN1CCC(c2ccccc2)CC1,CHEMBL3105,9.3,586,37,False,9.228710245237675,0
2138,O=C(c1cc(Cc2n[nH]c(=O)c3ccccc23)ccc1F)N1CCn2c(nc3ccc(F)cc32)C1,CHEMBL3105,9.29,401,173,False,11.81040078842931,0
2477,Cn1c(COc2cccc3c(=O)[nH]nc(Cc4ccc(F)c(C(=O)N5CCN(C(=O)C6CC6)CC5)c4)c23)cnc1[N+](=O)[O-],CHEMBL3105,9.29,2480,5,False,14.431998623657355,0
2215,CC[C@@H]1CN(C(=O)c2cc(Cn3c(=O)[nH]c(=O)c4ccccc43)ccc2F)CCN1CC,CHEMBL3105,9.29,2568,73,False,16.06428667179181,1
2315,COc1ccccc1NC(=O)c1ccc(NC(=O)N2CCN(C(=O)c3cc(Cc4n[nH]c(=O)c5ccccc45)ccc3F)CC2)cc1,CHEMBL3105,9.23,401,173,False,9.495918413551092,0
2374,CCc1cc2ncc(CN3CC4(C3)CN(c3ccc(C(=O)NC)nc3)C4)cc2[nH]c1=O,CHEMBL3105,9.23,2355,95,False,9.315555555555559,0
2050,N#Cc1ccc(N2CCN(CCCc3cc4c(N)cccc4c(=O)[nH]3)CC2)cc1,CHEMBL3105,9.22,2049,5,False,6.737142398211453,0
2661,CNC(=O)c1ccc(N2CCN(Cc3ccc4c(c3)[nH]c(=O)n3nccc43)CC2)c(C)n1,CHEMBL3105,9.22,2659,3,False,6.586666928397296,0
2690,COc1cccc(-c2nnc3n2C(C)CN(C(=O)c2cc(Cc4n[nH]c(=O)c5ccccc45)ccc2F)C3)n1,CHEMBL3105,9.22,2688,22,False,9.52615454498838,0
2055,N#Cc1ccc(N2CCN([C@@H]3CC=C(c4cc5c(N)cccc5c(=O)[nH]4)C3)CC2)cc1,CHEMBL3105,9.22,2056,6,False,6.238571534813669,0
2049,N#Cc1ccc(N2CCN(CCCc3cc4c(N)cc(F)cc4c(=O)[nH]3)CC2)cc1,CHEMBL3105,9.22,2049,5,False,6.518309952181218,0
1791,O=C(c1cc(Cc2n[nH]c(=O)c3ccccc23)cc(F)c1F)N1CCN(c2ccc(O)cc2)CC1,CHEMBL3105,9.22,401,173,False,15.362224257022048,3
1152,Cn1ncnc1[C@H]1c2n[nH]c(=O)c3cc(F)cc(c23)N[C@@H]1c1ccc(F)cc1,CHEMBL3105,9.22,1290,16,False,10.12833368548918,1
2316,CCN(CC)Cc1ccc(-c2[nH]c3cc(F)cc4c3c2CCNC4=O)cc1,CHEMBL3105,9.21,2320,9,False,8.104444551791676,0
2366,CCc1cc2ncc(CN3CCN(c4ccc(C(=O)NC)c5nccn45)CC3)cc2[nH]c1=O,CHEMBL3105,9.2,2355,95,False,6.561333594057305,0
2133,O=C(c1cc(Cc2n[nH]c(=O)c3ccccc23)ccc1F)N1CCC(c2nc3ccccc3[nH]2)CC1,CHEMBL3105,9.2,401,173,False,10.530732013502702,0
1976,O=C(c1cc(Cc2n[nH]c(=O)c3ccccc23)ccc1F)N1CCN(c2nc(-c3cccc4[nH]ccc34)nc(N3CCOCC3)n2)CC1,CHEMBL3105,9.19,1983,12,False,9.292074802897126,0
2319,C[C@@H]1CN(Cc2ccc(-c3[nH]c4cc(F)cc5c4c3CCNC5=O)cc2)CCN1,CHEMBL3105,9.18,2320,9,False,7.589302115182485,0
1977,O=C(c1cc(Cc2n[nH]c(=O)c3ccccc23)ccc1F)N1CCN(c2nc(-c3ccc4c[nH]nc4c3)nc(N3CCOCC3)n2)CC1,CHEMBL3105,9.17,1983,12,False,9.012182228382777,0
1975,O=C(c1cc(Cc2n[nH]c(=O)c3ccccc23)ccc1F)N1CCN(c2nc(-c3ccc4[nH]ccc4c3)nc(N3CCOCC3)n2)CC1,CHEMBL3105,9.16,1983,12,False,8.99454586394367,0
673,N#Cc1cccnc1N1CCN(C(=O)c2cc(Cc3c[nH]c(=O)c4cc(Cl)c(Cl)n34)ccc2F)CC1,CHEMBL3105,9.15,704,51,False,7.252000484123263,0
2680,CC1CN(C(=O)c2cc(Cc3n[nH]c(=O)c4ccccc34)ccc2F)Cc2nnc(-c3cccs3)n21,CHEMBL3105,9.15,2688,22,False,9.556734833377744,0
1980,Nc1ccc(-c2nc(N3CCOCC3)nc(N3CCN(C(=O)c4cc(Cc5n[nH]c(=O)c6ccccc56)ccc4F)CC3)n2)c(F)c1,CHEMBL3105,9.14,401,173,False,9.252549106116849,0
2518,O=C(c1cc(Cc2n[nH]c(=O)c3ccccc23)ccc1F)N1CCn2c(nnc2-c2ccc(Cl)o2)C1,CHEMBL3105,9.13,401,173,False,11.224615178757174,0
2359,CCc1cc2ncc(CN3CCN(c4ccc5[nH]ncc5n4)CC3)cc2[nH]c1=O,CHEMBL3105,9.11,3282,12,False,6.786666666666666,0
2052,CNC(=O)c1ccc(N2CCN(CCCc3cc4c(N)cc(F)cc4c(=O)[nH]3)CC2)cc1,CHEMBL3105,9.1,2049,5,False,6.402191864460356,0
1784,O=C(c1cc(Cc2n[nH]c(=O)c3ccccc23)cc(F)c1F)N1CCN(c2cccc(C(F)(F)F)c2)CC1,CHEMBL3105,9.1,1767,12,False,8.79529438490687,0
1775,O=C(c1cc(Cc2n[nH]c(=O)c3ccccc23)cc(F)c1F)N1CCN(C2CCCCCC2)CC1,CHEMBL3105,9.1,401,173,False,29.580035262149874,0
1215,CNCc1ccc(-c2[nH]c3cc(F)cc4c3c2CCNC4=O)cc1,CHEMBL3105,9.1,2320,9,False,8.100000227198887,0
1981,Nc1ccc(-c2nc(N3CCOCC3)nc(N3CCN(C(=O)c4cc(Cc5n[nH]c(=O)c6ccccc56)ccc4F)CC3)n2)cc1F,CHEMBL3105,9.08,401,173,False,9.141960869788758,0
1984,Nc1ncc(-c2nc(N3CCOCC3)nc(N3CCN(C(=O)c4cc(Cc5n[nH]c(=O)c6ccccc56)ccc4F)CC3)n2)cn1,CHEMBL3105,9.08,401,173,False,9.141960869788758,0
2405,C[C@@]12CCCN1CC1=NNC(=O)c3cc(F)cc4[nH]c2c1c34,CHEMBL3105,9.08,2405,3,False,6.374901960784314,0
2229,CCC(=O)N1CCN(C(=O)c2cc(Cn3c(=O)[nH]c(=O)c4ccccc43)ccc2F)C[C@H]1CC,CHEMBL3105,9.08,2568,73,False,12.410000739693686,0
2533,CNCc1ccc(-c2nnc3n2CCN(C(=O)c2cc(Cc4n[nH]c(=O)c5ccccc45)ccc2F)C3)o1,CHEMBL3105,9.07,2516,19,False,10.3628577605316,0
1626,C[C@]12CCCN1CC1=NNC(=O)c3cc(F)cc4[nH]c2c1c34,CHEMBL3105,9.05,2405,3,False,6.337254901960785,0
2057,N#Cc1ccc(N2CCN([C@@H]3CC=C(c4cc5c(N)cc(F)cc5c(=O)[nH]4)C3)CC2)c(F)c1,CHEMBL3105,9.05,2057,2,False,6.011904523013141,0
2059,N#Cc1ccc(N2CCN([C@H]3C=C(c4cc5ncc(F)cc5c(=O)[nH]4)CC3)CC2)cc1,CHEMBL3105,9.05,2056,6,False,6.144166935228652,0
1792,O=C(c1cc(Cc2n[nH]c(=O)c3ccccc23)cc(F)c1F)N1CCN(c2ccccc2O)CC1,CHEMBL3105,9.05,401,173,False,15.171429734084166,0
1794,O=C(c1cc(Cc2n[nH]c(=O)c3ccccc23)cc(F)c1F)N1CCN(c2ccncc2)CC1,CHEMBL3105,9.05,401,173,False,11.798182521408298,1
2358,CCc1cc2ncc(CN3CCN(c4cnc5c[nH]nc5c4)CC3)cc2[nH]c1=O,CHEMBL3105,9.05,2355,95,False,7.373913043478262,0
2048,Nc1cc(F)cc2c(=O)[nH]c(CCCN3CCN(c4ccc(F)cc4)CC3)cc12,CHEMBL3105,9.05,2049,5,False,6.4229228884499525,0
2607,O=C(c1cc(Cc2n[nH]c(=O)c3ccccc23)ccc1F)N1CCN(c2ccc3c(OCCn4ncccc4=O)ccnc3c2)CC1,CHEMBL3105,9.05,2607,14,False,8.584999885307306,0
2108,Cc1c(CN2CCN(C(=O)c3cc4cccc(C(N)=O)c4o3)CC2)sc2c(N3CCOCC3)nc(-c3cnc(N)nc3)nc12,CHEMBL3105,9.04,2108,14,False,9.266668139563892,0
2375,CCc1cc2ncc(CN3CCC(Nc4ccc(C(=O)NC)nc4)C3)cc2[nH]c1=O,CHEMBL3105,9.03,2355,95,False,6.300645258205862,0
2535,CCN(CC)Cc1ccc(-c2nnc3n2CCN(C(=O)c2cc(Cc4n[nH]c(=O)c5ccccc45)ccc2F)C3)o1,CHEMBL3105,9.02,2516,19,False,9.64875035944396,0
2323,NC1CCN(Cc2cccc(-c3[nH]c4cc(F)cc5c4c3CCNC5=O)c2)CC1,CHEMBL3105,9.02,2320,9,False,7.301818181818181,0
2528,O=C(c1cc(Cc2n[nH]c(=O)c3ccccc23)ccc1F)N1CCn2c(nnc2-c2ccc(CN3CCC3)o2)C1,CHEMBL3105,9.02,2516,19,False,18.74998994172159,0
2307,O=C(Nc1ccccc1F)c1ccc(NC(=O)N2CCN(C(=O)c3cc(Cc4n[nH]c(=O)c5ccccc45)ccc3F)CC2)cc1,CHEMBL3105,9.01,401,173,False,9.516047276689205,0
2511,O=C(c1cc(Cc2n[nH]c(=O)c3ccccc23)ccc1F)N1CCn2c(nnc2-c2ccno2)C1,CHEMBL3105,9.01,401,173,False,10.844615185726328,0
180,O=c1[nH]c2c(c3ccccc13)Cc1cc(S(=O)(=O)NCCCN3CCOCC3)ccc1-2,CHEMBL3105,9.0,180,3,False,8.123182236336747,0
610,O=C1NCC2c3c(cccc31)CCN2C(=O)Cc1cccnc1,CHEMBL3105,9.0,586,37,False,8.405333333333335,0
2846,O=C(c1cc(Cc2n[nH]c(=O)c3ccccc23)ccc1F)N1CCN(c2ccc3[nH]cnc3n2)CC1,CHEMBL3105,9.0,401,173,False,9.450435174462493,0
620,O=C1NCC2c3c(cccc31)CCN2C(=O)C1CNC1,CHEMBL3105,9.0,586,37,False,9.357499930281193,0
2053,N#Cc1ccc(N2CCN([C@@H]3CC=C(c4cc5c(N)cc(F)cc5c(=O)[nH]4)C3)CC2)cc1,CHEMBL3105,9.0,2057,2,False,5.983606335201184,0
2650,COc1ccc(/C=C2\CC3(CC4C2OC(=O)C(C(C)=O)C4c2ccc(OC)cc2)OCCO3)cc1,CHEMBL3105,9.0,singleton,1,True,6.208695780892906,0
2649,COc1ccc(/C=C2\CC3(CC4C2=NN(C(N)=S)C4c2ccc(OC)cc2)OCCO3)cc1,CHEMBL3105,9.0,singleton,1,True,6.14833351656795,0
2060,N#Cc1ccc(N2CCN([C@H]3C=C(c4cc5ncccc5c(=O)[nH]4)CC3)CC2)nc1,CHEMBL3105,9.0,singleton,1,True,5.963703773918903,0
1661,NCCOc1c(-c2ccc(Cl)c(Cl)c2)[nH]c(=O)c2cc(F)ccc12,CHEMBL3105,9.0,1651,17,False,9.399090399791415,0
2356,CCc1cc2ncc(CN3CCN(c4ccc(OC(F)F)nc4)CC3)cc2[nH]c1=O,CHEMBL3105,9.0,2355,95,False,7.8000004649162555,0
2847,O=C(c1cc(Cc2n[nH]c(=O)c3ccccc23)ccc1F)N1CCN(c2ccc3[nH]c(=O)[nH]c3n2)CC1,CHEMBL3105,9.0,401,173,False,9.655454440816376,0
619,O=C1NCC2c3c(cccc31)CCN2C(=O)C1CCNC1,CHEMBL3105,9.0,586,37,False,8.469333333333333,0
614,O=C1NCC2c3c(cccc31)CCN2C(=O)CCn1cnc2ccccc21,CHEMBL3105,9.0,586,37,False,7.403022681156881,0
2855,O=C(c1cccc(Cc2n[nH]c(=O)c3ccccc23)c1)N1CCN(c2ccc3[nH]cnc3n2)CC1,CHEMBL3105,9.0,2855,5,False,7.786779771149075,0
687,CC(C)(C)C(=O)N1CCN(C(=O)c2cc(Cc3c[nH]c(=O)c4cc(Cl)c(Cl)n34)ccc2F)CC1,CHEMBL3105,9.0,704,51,False,10.969231875690593,0
705,O=C(c1cc(Cc2c[nH]c(=O)c3cc(Cl)cn23)ccc1F)N1CCCNCC1,CHEMBL3105,9.0,704,51,False,7.068000110182398,0
662,O=C(c1cc(Cc2c[nH]c(=O)c3cc(Cl)c(Cl)n23)ccc1F)N1CCC(N2CCC2)CC1,CHEMBL3105,9.0,704,51,False,22.264986065485868,0
1239,N#Cc1cccnc1N1CCN(C(=O)c2cccc(Cc3n[nH]c(=O)c4ccccc34)c2)CC1,CHEMBL3105,9.0,421,39,False,7.835862455492799,0
669,O=C(c1cc(Cc2c[nH]c(=O)c3cc(Cl)c(Cl)n23)ccc1F)N1CCN(c2ncc3ccccc3n2)CC1,CHEMBL3105,9.0,704,51,False,6.995833385456353,0
2569,O=C(c1cc(Cn2c(=O)[nH]c(=O)c3ccccc32)ccc1F)N1CCN(c2ccccc2)C(=O)C1,CHEMBL3105,8.99,2568,73,False,7.277618944338122,0
1983,Nc1ccc(-c2nc(N3CCOCC3)nc(N3CCN(C(=O)c4cc(Cc5n[nH]c(=O)c6ccccc56)ccc4F)CC3)n2)cn1,CHEMBL3105,8.97,1983,12,False,8.784905028080129,0
2606,CC1CN(c2ccc3c(OCCn4nc(-c5cnn(C)c5)ccc4=O)ccnc3c2)CCN1C(=O)c1cc(Cc2n[nH]c(=O)c3ccccc23)ccc1F,CHEMBL3105,8.96,2607,14,False,9.250908288876946,0
1291,O=c1[nH]nc2c3c(cccc13)N[C@H](c1ccc(CN3CCC3)cc1)[C@H]2c1ccc(F)cc1,CHEMBL3105,8.96,1244,25,False,7.280003471376211,0
2609,O=C(c1cc(Cc2n[nH]c(=O)c3ccccc23)ccc1F)N1CCN(c2ccc3c(OCCn4nc(-c5ccccc5)ccc4=O)ccnc3c2)CC1,CHEMBL3105,8.96,2607,14,False,8.091875256228969,0
1979,Nc1cc(-c2nc(N3CCOCC3)nc(N3CCN(C(=O)c4cc(Cc5n[nH]c(=O)c6ccccc56)ccc4F)CC3)n2)ccc1F,CHEMBL3105,8.96,401,173,False,9.002400600975077,0
1625,C[C@]12CCCN1CC1=NNC(=O)c3cccc4[nH]c2c1c34,CHEMBL3105,8.96,2405,3,False,6.096666878643972,0
2061,N#Cc1ccc(N2CCN([C@H]3C=C(c4cc5ncccc5c(=O)[nH]4)CC3)CC2)cc1,CHEMBL3105,8.96,2056,6,False,5.953333187755361,0
1985,Nc1ncc(-c2nc(N3CCOCC3)nc(N3CCN(C(=O)c4cc(Cc5n[nH]c(=O)c6ccccc56)ccc4F)CC3)n2)cc1C(F)(F)F,CHEMBL3105,8.95,1983,12,False,8.410861956599245,0
1982,Nc1ccc(-c2nc(N3CCOCC3)nc(N3CCN(C(=O)c4cc(Cc5n[nH]c(=O)c6ccccc56)ccc4F)CC3)n2)cc1,CHEMBL3105,8.93,401,173,False,9.031020539989576,0
2321,CC(C)(C)OC(=O)NC1CCN(Cc2ccc(-c3[nH]c4cc(F)cc5c4c3CCNC5=O)cc2)CC1,CHEMBL3105,8.93,2320,9,False,6.755925538155626,0
2322,O=C1NCCc2c(-c3ccc(CN4CCN(c5ncccn5)CC4)cc3)[nH]c3cc(F)cc1c23,CHEMBL3105,8.92,2320,9,False,7.156363636363636,0
2529,O=C(c1cc(Cc2n[nH]c(=O)c3ccccc23)ccc1F)N1CCn2c(nnc2-c2ccc(CN3CCCC3)o2)C1,CHEMBL3105,8.9,2516,19,False,64.38003837349312,0
1795,N#Cc1cccnc1N1CCN(C(=O)c2cc(Cc3n[nH]c(=O)c4ccccc34)cc(F)c2F)CC1,CHEMBL3105,8.89,1767,12,False,9.606922328115973,0
2361,CCc1cc2ncc(CN3CCN(c4ccc5cc[nH]c5n4)CC3)cc2[nH]c1=O,CHEMBL3105,8.89,3282,12,False,6.443384591750423,0
2031,CC(C)(C)[Si](C)(C)OCCCN1CCN(C(=O)c2cc(Cn3c(=O)[nH]c(=O)c4ccccc43)ccc2F)CC1=O,CHEMBL3105,8.89,2568,73,False,6.826399826395677,0
2531,O=C(c1cc(Cc2n[nH]c(=O)c3ccccc23)ccc1F)N1CCn2c(nnc2-c2ccc(CN3CCOCC3)o2)C1,CHEMBL3105,8.89,2516,19,False,13.328183912566205,0
2486,NC(=O)c1ccccc1OCc1cccc(NC(=O)c2ccc(Cl)cc2)c1,CHEMBL3105,8.89,2489,4,False,6.814468050538388,0
645,Cc1c(Cc2ccc(F)c(C(=O)N3CCN(C(=O)[C@@]4(C)CCCN4)CC3)c2)n[nH]c(=O)c1C,CHEMBL3105,8.89,630,29,False,20.046661090587484,0
2223,CC[C@@H]1CN(C(=O)c2cc(Cn3c(=O)[nH]c(=O)c4ccccc43)ccc2F)CCN1CC1CC1,CHEMBL3105,8.88,2568,73,False,11.762221599037305,0
2317,CC(=O)N1CCN(Cc2ccc(-c3[nH]c4cc(F)cc5c4c3CCNC5=O)cc2)CC1,CHEMBL3105,8.88,2320,9,False,7.149767243646822,0
2534,CN(C)Cc1ccc(-c2nnc3n2CCN(C(=O)c2cc(Cc4n[nH]c(=O)c5ccccc45)ccc2F)C3)o1,CHEMBL3105,8.87,2516,19,False,9.148125340794225,0
2408,Cc1nnc2n1N=C(c1ccccc1OCCNCCCNCCOc1ccccc1C1=Nn3c(C)nnc3SC1)CS2,CHEMBL3105,8.86,singleton,1,True,5.579999975363413,0
1770,CCN1CCN(C(=O)c2cc(Cc3n[nH]c(=O)c4ccccc34)cc(F)c2F)CC1,CHEMBL3105,8.85,401,173,False,9.869089411743643,0
668,O=C(c1cc(Cc2c[nH]c(=O)c3cc(Cl)c(Cl)n23)ccc1F)N1CCN(c2ncnc3ccccc23)CC1,CHEMBL3105,8.85,704,51,False,6.979714095532169,0
2702,O=C(c1cc(Cc2n[nH]c(=O)c3ccccc23)ccc1F)N1CC(CNC2CC2)C1,CHEMBL3105,8.85,401,173,False,10.696364293236417,0
1757,O=C(Nc1cc(Cn2c(=O)[nH]c(=O)c3ccccc32)cnc1F)C1CCN(CCC2CC2)C1,CHEMBL3105,8.85,1747,14,False,13.956921029175826,1
550,CNCc1ccc(-n2cc3cc(F)cc(C(N)=O)c3n2)cc1,CHEMBL3105,8.85,580,33,False,6.634285601304504,0
2562,O=C(c1cc(Cn2c(=O)[nH]c(=O)c3ccccc32)ccc1F)N1CCN(C2CCCC2)C(=O)C1,CHEMBL3105,8.85,2568,73,False,18.910022542503558,0
729,NC(=O)c1cccc2cn(-c3ccc4c(c3)CCNC4)nc12,CHEMBL3105,8.85,730,2,False,6.854545863108226,0
1289,Cn1ncnc1[C@H]1c2n[nH]c(=O)c3cccc(c23)N[C@@H]1c1ccc(F)cc1,CHEMBL3105,8.84,1290,16,False,9.833333675232211,0
2121,Cc1c(CN2CCN(C(=O)c3cc(Cc4n[nH]c(=O)c5ccccc45)ccc3F)CC2)sc2c(N3CCOCC3)nc(-c3cnc(N)nc3)nc12,CHEMBL3105,8.82,1983,12,False,11.216315578354369,1
2308,O=C(Nc1ccc(F)cc1)c1ccc(NC(=O)N2CCN(C(=O)c3cc(Cc4n[nH]c(=O)c5ccccc45)ccc3F)CC2)cc1,CHEMBL3105,8.81,401,173,False,9.344634214266295,0
2318,O=C1NCCc2c(-c3ccc(CN4CCN(CCO)CC4)cc3)[nH]c3cc(F)cc1c23,CHEMBL3105,8.81,2320,9,False,7.156341109689275,0
706,Cc1cc2c(=O)[nH]cc(Cc3ccc(F)c(C(=O)N4CCCNCC4)c3)n2c1,CHEMBL3105,8.8,704,51,False,6.720895713717781,0
3243,CCc1cc2ncc(CN3CCN4c5ccc(C(=O)NC)nc5OC[C@H]4C3)cc2[nH]c1=O,CHEMBL3105,8.8,3229,7,False,5.874217002459998,0
703,O=C(c1cc(Cc2c[nH]c(=O)c3c(Cl)c(Cl)cn23)ccc1F)N1CCCNCC1,CHEMBL3105,8.8,704,51,False,6.8227273096969325,0
1288,Cn1ccnc1[C@H]1c2n[nH]c(=O)c3cc(F)cc(c23)N[C@@H]1c1ccc(F)cc1,CHEMBL3105,8.8,1288,8,False,9.489166996599087,0
2305,Cc1ccccc1NC(=O)c1ccc(NC(=O)N2CCN(C(=O)c3cc(Cc4n[nH]c(=O)c5ccccc45)ccc3F)CC2)cc1,CHEMBL3105,8.79,401,173,False,8.805651900074214,0
1835,COC1CCN(C(=O)c2cc(Cc3n[nH]c(=O)c4ccccc34)ccc2F)CC1,CHEMBL3105,8.77,401,173,False,10.496571357069211,0
2132,CCOc1ncc(C(N)=O)c2[nH]c(C3CCN(C(=O)c4cc(Cc5n[nH]c(=O)c6ccccc56)ccc4F)CC3)nc12,CHEMBL3105,8.77,2130,3,False,8.369999600887317,0
2682,CC1CN(C(=O)c2cc(Cc3n[nH]c(=O)c4ccccc34)ccc2F)Cc2nnc(-c3ccco3)n21,CHEMBL3105,8.77,2688,22,False,8.760600584833185,0
1968,O=C(c1cc(Cc2n[nH]c(=O)c3ccccc23)cc2c1OCC2)N1CCn2c(nnc2C(F)(F)F)C1,CHEMBL3105,8.77,singleton,1,True,7.614499546140459,0
2046,Nc1ccc(F)cc1NC(=O)C1CCN(C(=O)c2cc(Cc3n[nH]c(=O)c4ccccc34)ccc2F)CC1,CHEMBL3105,8.74,401,173,False,9.24,0
670,O=C(c1cc(Cc2c[nH]c(=O)c3cc(Cl)c(Cl)n23)ccc1F)N1CCN(c2cc3ccccc3cn2)CC1,CHEMBL3105,8.74,704,51,False,6.630000395178819,0
707,O=C(c1cc(Cc2c[nH]c(=O)c3cccn23)ccc1F)N1CCCNCC1,CHEMBL3105,8.74,704,51,False,6.834285559102796,0
652,C=CCC1(C(=O)N2CCN(C(=O)c3cc(Cc4n[nH]c(=O)c(C)c4C)ccc3F)CC2)CCCN1,CHEMBL3105,8.74,630,29,False,7.205714517504728,0
633,Cc1c(Cc2ccc(F)c(C(=O)N3CCN(C(=O)C(C)(C)N(C)C)CC3)c2)n[nH]c(=O)c1C,CHEMBL3105,8.74,630,29,False,7.682264038628642,0
883,O=C1NCC2c3c(cccc31)CCN2C(=O)c1cc(Cc2n[nH]c(=O)c3c2CCCC3)ccc1F,CHEMBL3105,8.74,879,11,False,11.098285147277707,0
1275,Cn1ccnc1C1c2n[nH]c(=O)c3cc(F)cc(c23)NC1c1ccc(F)cc1,CHEMBL3105,8.73,1288,8,False,9.145000317965957,0
1272,Cn1nccc1C1c2n[nH]c(=O)c3cc(F)cc(c23)NC1c1ccc(F)cc1,CHEMBL3105,8.73,1288,8,False,6.781764087656436,0
742,NC(=O)c1cccc2cn(-c3ccc(CN4CCCCC4)cc3)nc12,CHEMBL3105,8.72,580,33,False,18.000001072883688,0
2696,O=C1N=c2ccccc2=C1c1[nH]c2ccccc2c1NOCCCC(=O)N1CCN(C(=O)c2ccc(Cc3n[nH]c(=O)c4ccccc34)cc2F)CC1,CHEMBL3105,8.72,2699,4,False,7.189713942882011,0
2115,Cc1c(CN2CCN(C(=O)c3cc4cccc(C(N)=O)c4o3)CC2)sc2c(N3CCOCC3)nc(-c3ccc(N)nc3)nc12,CHEMBL3105,8.72,2108,14,False,7.740000461339981,0
879,O=C1NCC2c3c(cccc31)CCN2C(=O)C1CCN(C(=O)c2cc(Cc3n[nH]c(=O)c4ccccc34)ccc2F)CC1,CHEMBL3105,8.72,879,11,False,11.924117918809607,0
2516,O=C(c1cc(Cc2n[nH]c(=O)c3ccccc23)ccc1F)N1CCn2c(nnc2C2CCOC2)C1,CHEMBL3105,8.72,2516,19,False,9.316551513503203,0
2959,O=c1[nH]c2cc(CN3CCN(c4ccc([N+](=O)[O-])cc4F)CC3)ccc2c2c1CCCN2,CHEMBL3105,8.71,1374,108,False,7.788000074272159,0
1251,Cc1ccc(C2c3n[nH]c(=O)c4cccc(c34)NC2c2ccc(CN(C)C)cc2)cc1,CHEMBL3105,8.71,1244,25,False,6.660000000000002,0
2045,Nc1ccccc1NC(=O)C1CCN(C(=O)c2cc(Cc3n[nH]c(=O)c4ccccc34)ccc2F)CC1,CHEMBL3105,8.71,401,173,False,9.515854225725699,0
3201,CCc1cc2ncc(CN3CCN(c4ccc(C(N)=O)nc4)CC3)cc2[nH]c1=O,CHEMBL3105,8.7,2355,95,False,8.388235999968693,0
3199,CCc1cc2ncc(CN3CCN(c4ccc(C(=O)NC)nc4F)CC3)cc2[nH]c1=O,CHEMBL3105,8.7,2355,95,False,6.451200246093758,0
1259,O=c1[nH]nc2c3c(cccc13)NC(c1ccc(CN3CCCC3)cc1)C2c1ccc(F)cc1,CHEMBL3105,8.7,1244,25,False,12.600006008151038,0
3218,CNC(=O)c1ccc(N2CCN(Cc3ccc4nc(CCF)c(=O)[nH]c4c3)CC2)cn1,CHEMBL3105,8.7,2355,95,False,8.726667360199874,0
2843,O=C(c1cc(Cc2n[nH]c(=O)c3ccccc23)ccc1F)N1CCN(c2ccc3[nH]nnc3n2)CC1,CHEMBL3105,8.7,401,173,False,9.107142818369427,0
2688,CC1CN(C(=O)c2cc(Cc3n[nH]c(=O)c4ccccc34)ccc2F)Cc2nnc(-c3ccccn3)n21,CHEMBL3105,8.7,2688,22,False,11.002104572866804,0
658,CNC(C)(C)C(=O)N1CCN(C(=O)c2cc(Cc3c[nH]c(=O)c4cc(Cl)c(Cl)n34)ccc2F)CC1,CHEMBL3105,8.7,704,51,False,8.125000484287764,0
2857,O=C(c1cc(Cc2n[nH]c(=O)c3ccccc23)ccc1C(F)(F)F)N1CCN(c2ccc3[nH]cnc3n2)CC1,CHEMBL3105,8.7,2855,5,False,7.549830020333627,0
2862,O=C(c1cc(Cc2n[nH]c(=O)c3ccccc23)ccc1C(F)(F)F)N1CCN(c2cnc3[nH]cnc3c2)CC1,CHEMBL3105,8.7,2859,4,False,7.560000081929293,0
680,CN(C)C(=O)C(=O)N1CCN(C(=O)c2cc(Cc3c[nH]c(=O)c4cc(Cl)c(Cl)n34)ccc2F)CC1,CHEMBL3105,8.7,704,51,False,8.53333333333333,0
393,O=C(c1cc(Cc2n[nH]c(=O)c3ccccc23)ccc1F)N1CCN(C(=O)C2CCCC2)CC1,CHEMBL3105,8.7,401,173,False,50.160020928391546,0
390,O=C(c1cc(Cc2n[nH]c(=O)c3ccccc23)ccc1F)N1CCN(C(=O)C2CCOC2)CC1,CHEMBL3105,8.7,401,173,False,9.628000358670963,0
810,O=C(CCC(=O)N1CCCC1C(=O)O)c1ccc2[nH]c3c4c(c5c(O)[nH]c(O)c5c3c2c1)=CCC=4,CHEMBL3105,8.7,800,16,False,5.851162725812747,0
378,O=C(c1cccc(Cc2n[nH]c(=O)c3ccccc23)c1)N1CCN(c2ncccn2)CC1,CHEMBL3105,8.7,421,39,False,7.85959143519056,0
379,O=C(c1cc(Cc2n[nH]c(=O)c3ccccc23)ccc1F)N1CCN(c2ccccn2)CC1,CHEMBL3105,8.7,401,173,False,9.768420562321483,0
1256,CN1CCN(Cc2ccc(C3Nc4cccc5c(=O)[nH]nc(c45)C3c3ccccc3)cc2)CC1,CHEMBL3105,8.7,1244,25,False,7.212414222996835,0
1965,CCN1CCCC2CN(C(=O)c3cc(Cc4n[nH]c(=O)c5ccccc45)ccc3F)CC21,CHEMBL3105,8.7,401,173,False,9.39047675019222,0
2362,CCc1cc2ncc(CN3CCN(c4ccc5oc(=O)[nH]c5c4)CC3)cc2[nH]c1=O,CHEMBL3105,8.7,2355,95,False,6.324999811500313,0
2109,NC(=O)c1cccc2cc(C(=O)N3CCN(Cc4cc5nc(-c6cnc(N)nc6)nc(N6CCOCC6)c5s4)CC3)oc12,CHEMBL3105,8.7,2108,14,False,5.96432836351495,0
2301,N#Cc1ccc(N2CCN(Cc3ccc4c(c3)NC(=O)C3CCCNC43)CC2)nc1,CHEMBL3105,8.7,singleton,1,True,5.920434828637227,0
2129,CNC(=O)c1ccc(N2CCN(Cc3cc4[nH]c(=O)c(CCF)cc4cn3)CC2)cn1,CHEMBL3105,8.7,2355,95,False,6.262941549770995,0
2125,CCc1cc2cnc(CN3CCN(c4ccc(C(=O)NC)nc4F)CC3)cc2[nH]c1=O,CHEMBL3105,8.7,2126,4,False,6.2865672872177525,0
2127,CCc1cc2cnc(CN3CCN(c4ccc(C(N)=O)nc4)CC3)cc2[nH]c1=O,CHEMBL3105,8.7,2126,4,False,6.340645283203841,0
2681,CC1CN(C(=O)c2cc(Cc3n[nH]c(=O)c4ccccc34)ccc2F)Cc2nnc(-c3ccsc3)n21,CHEMBL3105,8.7,2688,22,False,8.552156942705611,0
545,CNCc1ccc(-n2cc3cc(F)cc(C(N)=O)c3n2)cc1F,CHEMBL3105,8.7,545,2,False,5.957884622213799,0
2851,O=C(c1cccc(Cc2n[nH]c(=O)c3ccccc23)c1)N1CCN(c2ccc3[nH]c(=O)[nH]c3n2)CC1,CHEMBL3105,8.7,421,39,False,7.40771903487418,0
1269,Cn1ccnc1C1c2n[nH]c(=O)c3cccc(c23)NC1c1ccc(F)cc1,CHEMBL3105,8.68,1290,16,False,6.3999999999999995,0
1281,CC(=O)Nc1ccc(C2Nc3cc(F)cc4c(=O)[nH]nc(c34)C2c2ncnn2C)cc1,CHEMBL3105,8.68,1290,16,False,9.058461538461538,0
688,CC(C)C(=O)N1CCN(C(=O)c2cc(Cc3c[nH]c(=O)c4cc(Cl)c(Cl)n34)ccc2F)CC1,CHEMBL3105,8.68,704,51,False,9.44307787559451,0
2627,CC(C)C[C@H](NC(=O)CNC(=O)c1cc(Cc2n[nH]c(=O)c3ccccc23)ccc1F)B1O[C@@H]2C[C@@H]3C[C@@H](C3(C)C)[C@]2(C)O1,CHEMBL3105,8.68,2631,15,False,12.849232418805396,1
2561,O=C1CN(C(=O)c2cc(Cn3c(=O)[nH]c(=O)c4ccccc43)ccc2F)CCN1CCC1CC1,CHEMBL3105,8.68,2568,73,False,6.7899995952844865,0
2600,Cn1cc(-c2ccc(=O)n(CCOc3ccnc4cc(OC5CCN(C(=O)c6cc(Cc7n[nH]c(=O)c8ccccc78)ccc6F)CC5)ccc34)n2)cn1,CHEMBL3105,8.68,2607,14,False,7.385914972116529,0
737,NC(=O)c1cccc2cn(-c3ccc(CNCCF)cc3)nc12,CHEMBL3105,8.68,580,33,False,6.548837209302325,0
1771,CCCCN1CCN(C(=O)c2cc(Cc3n[nH]c(=O)c4ccccc34)cc(F)c2F)CC1,CHEMBL3105,8.68,401,173,False,8.18125048764053,0
1280,Cn1ncnc1C1c2n[nH]c(=O)c3cc(F)cc(c23)NC1c1ccc(F)cc1,CHEMBL3105,8.67,1290,16,False,7.424166924800318,0
2512,Cc1nc(-c2nnc3n2CCN(C(=O)c2cc(Cc4n[nH]c(=O)c5ccccc45)ccc2F)C3)cs1,CHEMBL3105,8.67,401,173,False,9.735555297651416,0
1270,Cn1ccnc1C1c2n[nH]c(=O)c3cc(F)cc(c23)NC1c1ccccc1,CHEMBL3105,8.67,1288,8,False,8.305713719932436,0
2285,C=C1C(=O)OC2C[C@@]3(C)CCC=C(COC(=O)CCN(C)C(=O)c4cc(Cc5n[nH]c(=O)c6ccccc56)ccc4F)C3=CC12,CHEMBL3105,8.66,2277,10,False,15.228888031604898,0
3241,CCc1cc2ncc([C@@H](C)N3CCN(c4ccc(C(=O)NC)nc4)CC3)cc2[nH]c1=O,CHEMBL3105,8.66,2355,95,False,5.595270193654465,0
363,Cc1nn(C)c2[nH]c(=O)c3c(c12)CCCC3,CHEMBL3105,8.66,363,6,False,18.08,0
730,NC(=O)c1cccc2cn(-c3ccc4c(c3)CNCC4)nc12,CHEMBL3105,8.66,730,2,False,6.573864028196467,0
1286,Cn1ccnc1[C@H]1c2n[nH]c(=O)c3cccc(c23)N[C@@H]1c1ccc(F)cc1,CHEMBL3105,8.65,1290,16,False,6.341818181818183,0
2697,O=C1N=c2ccc(F)cc2=C1c1[nH]c2ccccc2c1NOCCCC(=O)N1CCN(C(=O)c2cc(Cc3n[nH]c(=O)c4ccccc34)ccc2F)CC1,CHEMBL3105,8.65,2699,4,False,7.555846694282425,0
1279,Cn1ncnc1C1c2n[nH]c(=O)c3cccc(c23)NC1c1ccc(F)cc1,CHEMBL3105,8.64,1290,16,False,8.850000307708992,0
2501,CC1=C(NN)SC(NNS(=O)(=O)c2ccc3[nH]c(=O)c(=O)[nH]c3c2)N1C(=O)c1ccccc1,CHEMBL3105,8.64,2503,3,False,5.656438596326037,0
1630,O=C(c1cccc(Cc2n[nH]c(=O)c3ccccc23)c1)N1CCn2c(nnc2C(F)(F)F)C1,CHEMBL3105,8.64,421,39,False,7.494545535765406,0
1768,O=C(c1cc(Cc2n[nH]c(=O)c3ccccc23)cc(F)c1F)N1CCN(C(=O)N2CCOCC2)CC1,CHEMBL3105,8.64,401,173,False,8.185531748801461,0
1606,O=C(C1CC1)N1C=c2[nH]c3cc(F)cc4c(=O)[nH][nH]c(c2c34)C1,CHEMBL3105,8.64,1612,17,False,7.3694119714123225,0
2100,O=C(CCCCCCCCCCC(=O)N1CCN(C(=O)c2cc(Cc3n[nH]c(=O)c4ccccc34)ccc2F)CC1)NCCNc1cccc2c1C(=O)N(C1CCC(=O)NC1=O)C2=O,CHEMBL3105,8.64,2276,3,False,7.924126991624045,0
699,O=C(c1cc(Cc2c[nH]c(=O)c3cc(Cl)c(Cl)n23)ccc1F)N1CCNCC1,CHEMBL3105,8.64,704,51,False,12.50222271901592,0
666,CNC1CCN(C(=O)c2cc(Cc3c[nH]c(=O)c4cc(Cl)c(Cl)n34)ccc2F)CC1,CHEMBL3105,8.64,704,51,False,8.730000520348582,0
1268,Cn1ccnc1C1c2n[nH]c(=O)c3cccc(c23)NC1c1ccccc1,CHEMBL3105,8.63,1244,25,False,10.951112271532727,0
1246,CN(C)Cc1ccc(C2Nc3cccc4c(=O)[nH]nc(c34)C2c2ccccc2)cc1,CHEMBL3105,8.63,1244,25,False,7.854166978763224,0
2989,N#Cc1ccc(N2CCN(Cc3ccc4c5c(c(=O)[nH]c4c3)CCCN5)CC2)nc1,CHEMBL3105,8.63,1374,108,False,7.986086956521742,0
2527,O=C(c1cc(Cc2n[nH]c(=O)c3ccccc23)ccc1F)N1CCn2c(nnc2-c2ccc(C3CCOCC3)o2)C1,CHEMBL3105,8.63,2516,19,False,8.142909514491839,0
2131,COc1ncc(C(N)=O)c2[nH]c(C3CCN(C(=O)c4cc(Cc5n[nH]c(=O)c6ccccc56)ccc4F)CC3)nc12,CHEMBL3105,8.62,2130,3,False,8.166667027237988,0
2556,CN(C)CCN1CCN(C(=O)c2cc(Cn3c(=O)[nH]c(=O)c4ccccc43)ccc2F)CC1=O,CHEMBL3105,8.62,2568,73,False,6.571764452424438,0
2566,O=C1CN(C(=O)c2cc(Cn3c(=O)[nH]c(=O)c4ccccc43)ccc2F)CCN1CC1CCCCC1,CHEMBL3105,8.62,2568,73,False,7.930000472664854,0
1276,Cn1ncnc1C1c2n[nH]c(=O)c3cccc(c23)NC1c1ccccc1,CHEMBL3105,8.62,1244,25,False,9.084445407066912,0
638,Cc1c(Cc2ccc(F)c(C(=O)N3CCN(C(=O)C4(NCC5CC5)CCCC4)CC3)c2)n[nH]c(=O)c1C,CHEMBL3105,8.62,630,29,False,10.560010070810277,0
1219,CCCCNCc1ccc(-c2[nH]c3cc(F)cc4c3c2C(=O)NNC4=O)cc1,CHEMBL3105,8.62,1222,5,False,7.54133357306587,0
681,CN(C)S(=O)(=O)N1CCN(C(=O)c2cc(Cc3c[nH]c(=O)c4cc(Cl)c(Cl)n34)ccc2F)CC1,CHEMBL3105,8.62,704,51,False,7.4541178561411945,0
685,O=C(c1ccccn1)N1CCN(C(=O)c2cc(Cc3c[nH]c(=O)c4cc(Cl)c(Cl)n34)ccc2F)CC1,CHEMBL3105,8.62,704,51,False,7.4541178561411945,0
1767,O=C(c1cc(Cc2n[nH]c(=O)c3ccccc23)cc(F)c1F)N1CCN(C(=O)C2CCCO2)CC1,CHEMBL3105,8.62,1767,12,False,7.957647300630024,0
724,NC(=O)c1cccc2cn(-c3ccc([C@H]4CCCNC4)cc3)nc12,CHEMBL3105,8.62,563,13,False,6.286595649010135,0
1253,CN(C)Cc1ccc(C2Nc3cccc4c(=O)[nH]nc(c34)C2c2ccc(F)cc2)cc1,CHEMBL3105,8.61,1244,25,False,6.3590628790296835,0
2563,O=C1CN(C(=O)c2cc(Cn3c(=O)[nH]c(=O)c4ccccc43)ccc2F)CCN1CC1CCCC1,CHEMBL3105,8.61,2568,73,False,9.599999999999994,0
2056,N#Cc1ccc(N2CCN([C@@H]3C=C(c4cc5c(N)cccc5c(=O)[nH]4)CC3)CC2)cc1,CHEMBL3105,8.6,2056,6,False,5.5014118997275245,0
656,Cc1c(Cc2ccc(F)c(C(=O)N3CCN(C(=O)[C@]4(Cc5ccc(F)cc5)CCCN4)CC3)c2)n[nH]c(=O)c1C,CHEMBL3105,8.6,630,29,False,7.029676986837265,0
657,O=C(c1cc(Cc2c[nH]c(=O)c3cc(Cl)c(Cl)n23)ccc1F)N1CCC2(CCCN2)CC1,CHEMBL3105,8.6,704,51,False,8.685714285714283,0
2568,O=C1CN(C(=O)c2cc(Cn3c(=O)[nH]c(=O)c4ccccc43)ccc2F)CCN1Cc1ccccc1,CHEMBL3105,8.6,2568,73,False,6.736774608044446,0
2580,Cc1cc2ncc([C@@H](C)N3CCN(c4ccc(C#N)cn4)CC3)cc2[nH]c1=O,CHEMBL3105,8.6,singleton,1,True,5.501830981296694,0
679,CN(C)CC(=O)N1CCN(C(=O)c2cc(Cc3c[nH]c(=O)c4cc(Cl)c(Cl)n34)ccc2F)CC1,CHEMBL3105,8.6,704,51,False,8.106666666666664,0
3050,O=c1[nH]c2cc(CN3CCN(c4ccc5cc[nH]c5c4)CC3)ccc2c2c1CCCN2,CHEMBL3105,8.6,1374,108,False,8.66199930300122,0
704,O=C(c1cc(Cc2c[nH]c(=O)c3cc(Cl)c(Cl)n23)ccc1F)N1CCCNCC1,CHEMBL3105,8.59,704,51,False,12.60000200271638,0
2363,CCc1cc2ncc(CN3CCN(c4ccc5[nH]c(C(F)(F)F)nc5n4)CC3)cc2[nH]c1=O,CHEMBL3105,8.59,3282,12,False,6.442950995948108,0
1773,O=C(c1cc(Cc2n[nH]c(=O)c3ccccc23)cc(F)c1F)N1CCN(C2CCCC2)CC1,CHEMBL3105,8.59,401,173,False,29.580035262149874,0
1989,Nc1ncc(-c2nc3c(c(N4CCOCC4)n2)CCN(C(=O)c2cc(Cc4n[nH]c(=O)c5ccccc45)ccc2F)C3)cn1,CHEMBL3105,8.59,1983,12,False,7.920526166705216,0
1277,Cn1ncnc1C1c2n[nH]c(=O)c3cc(F)cc(c23)NC1c1ccccc1,CHEMBL3105,8.59,1290,16,False,14.249999029295852,0
2047,Nc1cc(F)ccc1NC(=O)C1CCN(C(=O)c2cc(Cc3n[nH]c(=O)c4ccccc34)ccc2F)CC1,CHEMBL3105,8.59,401,173,False,8.94,0
627,Cc1c(Cc2ccc(F)c(C(=O)N3CCC4(CCCN4)CC3)c2)n[nH]c(=O)c1C,CHEMBL3105,8.59,630,29,False,7.436037627134133,0
665,CN(C)C1CCN(C(=O)c2cc(Cc3c[nH]c(=O)c4cc(Cl)c(Cl)n34)ccc2F)CC1,CHEMBL3105,8.59,704,51,False,8.063999999999998,0
2376,CCc1cc2ncc(CN3CC(Nc4ccc(C(=O)NC)nc4)C3)cc2[nH]c1=O,CHEMBL3105,8.59,2355,95,False,8.879999999999995,0
2101,CN1C(=O)CCC(N2C(=O)c3cccc(NCCNC(=O)CCCCCCCCCCC(=O)N4CCN(C(=O)c5cc(Cc6n[nH]c(=O)c7ccccc67)ccc5F)CC4)c3C2=O)C1=O,CHEMBL3105,8.58,2276,3,False,7.839374810174346,0
1248,CN(C)Cc1cccc(C2Nc3cccc4c(=O)[nH]nc(c34)C2c2ccccc2)c1,CHEMBL3105,8.58,1244,25,False,7.111111299491228,0
1255,CN(C)Cc1ccc(C2Nc3cc(F)cc4c(=O)[nH]nc(c34)C2c2ccc(F)cc2)cc1,CHEMBL3105,8.58,1288,8,False,5.804347871212968,0
2478,O=C(c1cc(Cc2n[nH]c(=O)c3ccc(O)cc23)ccc1F)N1CCN(C(=O)C2CC2)CC1,CHEMBL3105,8.57,401,173,False,10.440000414848361,0
639,Cc1c(Cc2ccc(F)c(C(=O)N3CCN(C(=O)C4(N5CCCC5)CCCC4)CC3)c2)n[nH]c(=O)c1C,CHEMBL3105,8.57,630,29,False,7.248214717741551,0
636,CNC1(C(=O)N2CCN(C(=O)c3cc(Cc4n[nH]c(=O)c(C)c4C)ccc3F)CC2)CCCC1,CHEMBL3105,8.57,630,29,False,7.307254731158305,0
2547,CCCCCN1CCN(C(=O)c2cc(Cn3c(=O)[nH]c(=O)c4ccccc43)ccc2F)CC1=O,CHEMBL3105,8.57,2568,73,False,6.499705631674171,0
1278,Cn1cnnc1C1c2n[nH]c(=O)c3cccc(c23)NC1c1ccccc1,CHEMBL3105,8.56,1244,25,False,8.094545629990007,0
2544,CCCCN1CCN(C(=O)c2cc(Cn3c(=O)[nH]c(=O)c4ccccc43)ccc2F)CC1=O,CHEMBL3105,8.56,2568,73,False,6.720000000000009,0
1722,NC(=O)c1cc(F)cc2[nH]c(C(=O)N3CCC(N)CC3)nc12,CHEMBL3105,8.56,1717,11,False,5.646190652472909,0
2380,O=C(COc1ccc2c(c1)CCCN2C(=O)CCl)NCCCCCCCCCC(=O)N1CCN(C(=O)c2cc(Cc3n[nH]c(=O)c4ccccc34)ccc2F)CC1,CHEMBL3105,8.56,singleton,1,True,7.642857070547655,0
2250,CC1C(=O)NN=C(Cc2ccc(F)c(C(=O)C3CC(=O)N(C4CCC4)C(C)C3)c2)C1C,CHEMBL3105,8.56,singleton,1,True,6.326087109533289,0
643,Cc1c(Cc2ccc(F)c(C(=O)N3CCN(C(=O)C4(C)CCCN4)CC3)c2)n[nH]c(=O)c1C,CHEMBL3105,8.55,630,29,False,13.019996378422807,0
647,Cc1c(Cc2ccc(F)c(C(=O)N3CCN(C(=O)C4(C)CCCO4)CC3)c2)n[nH]c(=O)c1C,CHEMBL3105,8.55,630,29,False,7.296250434890418,0
2687,CC1CN(C(=O)c2cc(Cc3n[nH]c(=O)c4ccccc34)ccc2F)Cc2nnc(-c3cnn(C)c3)n21,CHEMBL3105,8.55,2688,22,False,8.351400557516138,0
676,O=C(c1cc(Cc2c[nH]c(=O)c3cc(Cl)c(Cl)n23)ccc1F)N1CCN(c2ccccn2)CC1,CHEMBL3105,8.55,704,51,False,6.621051966912927,0
2201,CC(C)CN1CCN(C(=O)c2cc(Cn3c(=O)[nH]c(=O)c4ccccc43)ccc2F)C[C@H]1C,CHEMBL3105,8.55,2568,73,False,6.470882103374065,0
1283,Cn1nccc1C1Nc2cc(F)cc3c(=O)[nH]nc(c23)C1c1ncnn1C,CHEMBL3105,8.54,1290,16,False,7.407142068749868,0
2227,CC[C@@H]1CN(C(=O)c2cc(Cn3c(=O)[nH]c(=O)c4ccccc43)ccc2F)CCN1C(=O)C(F)(F)F,CHEMBL3105,8.54,2568,73,False,6.522353124123548,0
1797,O=C(c1cc(Cc2n[nH]c(=O)c3ccccc23)cc(F)c1F)N1CCN(c2ncccn2)CC1,CHEMBL3105,8.54,401,173,False,11.214000668406522,0
2565,O=C(c1cc(Cn2c(=O)[nH]c(=O)c3ccccc32)ccc1F)N1CCN(C2CCCCC2)C(=O)C1,CHEMBL3105,8.54,2568,73,False,18.910022542503558,0
1588,CC1(C)C=c2[nH][nH]c(=O)c3cccc4c3c2c(n4CCN2CCCCC2)C1,CHEMBL3105,8.54,1624,12,False,17.280016479507875,0
2110,NC(=O)c1cccc2cc(C(=O)N3CCN(Cc4cc5nc(-c6cnc(N)nc6)nc(N6CCOCC6)c5o4)CC3)oc12,CHEMBL3105,8.53,2108,14,False,5.759999999999999,0
2276,O=C1CCC(N2C(=O)c3cccc(NC(=O)CNCCCCCCCCCCC(=O)N4CCN(C(=O)c5cc(Cc6n[nH]c(=O)c7ccccc67)ccc5F)CC4)c3C2=O)C(=O)N1,CHEMBL3105,8.53,2276,3,False,7.682811956206607,0
1234,O=C(COc1ccc(I)cc1)N1CCN(C(=O)c2cc(Cc3n[nH]c(=O)c4ccccc34)ccc2F)CC1,CHEMBL3105,8.52,401,173,False,8.92,0
2969,O=C(NC1CC1)c1ccc(N2CCN(Cc3ccc4c5c(c(=O)[nH]c4c3)CCCN5)CC2)c(F)c1,CHEMBL3105,8.52,2997,7,False,6.410322186234862,0
3200,CCc1cc2ncc(CN3CCN(c4ccc(C(=O)NC)nc4Cl)CC3)cc2[nH]c1=O,CHEMBL3105,8.52,2355,95,False,6.0200000683466595,0
3202,CCc1nc(C(=O)NC)ccc1N1CCN(Cc2ccc3nc(CC)c(=O)[nH]c3c2)CC1,CHEMBL3105,8.52,3202,14,False,5.78571418718416,0
2848,O=C(c1cc(Cc2n[nH]c(=O)c3ccccc23)ccc1F)N1CCN(c2cc3[nH]cnc3cn2)CC1,CHEMBL3105,8.52,401,173,False,8.53217426682241,0
2495,O=C(NC1CC1)c1ccc(N2CCN(Cc3ccc4cc(C(F)F)c(=O)[nH]c4c3F)CC2)c(F)n1,CHEMBL3105,8.52,2495,2,False,5.957746718947185,0
2548,CC(C)CCN1CCN(C(=O)c2cc(Cn3c(=O)[nH]c(=O)c4ccccc43)ccc2F)CC1=O,CHEMBL3105,8.52,2568,73,False,6.427646810923902,0
3217,CNC(=O)c1ccc(N2CCN(Cc3ccc4nc(CC(F)F)c(=O)[nH]c4c3)CC2)c(F)n1,CHEMBL3105,8.52,3202,14,False,5.838903957029787,0
2573,N#Cc1ccc(C2CCN(CCCc3nc(=O)c4cccc(Cl)c4[nH]3)CC2)cc1,CHEMBL3105,8.52,461,2,False,5.676774302697456,0
2549,CCC(C)CN1CCN(C(=O)c2cc(Cn3c(=O)[nH]c(=O)c4ccccc43)ccc2F)CC1=O,CHEMBL3105,8.52,2568,73,False,6.399130517699544,0
391,O=C(c1cc(Cc2n[nH]c(=O)c3ccccc23)ccc1F)N1CCN(C(=O)C2CCCO2)CC1,CHEMBL3105,8.52,401,173,False,9.254500344757004,0
798,O=C(O)CCC(=O)c1ccc2[nH]c3c4c(c5c(O)[nH]c(O)c5c3c2c1)=CCC=4,CHEMBL3105,8.52,800,16,False,6.554483028053539,0
377,O=C(c1cc(Cc2n[nH]c(=O)c3ccccc23)ccc1F)N1CCN(c2ncccn2)CC1,CHEMBL3105,8.52,401,173,False,9.663333909312918,0
2291,C[C@H]1CCC[C@]2(C)CC3OC(=O)C(CNCCCCCCCC(=O)N4CCN(C(=O)c5cc(Cc6n[nH]c(=O)c7ccccc67)ccc5F)CC4)C3C=C12,CHEMBL3105,8.52,2295,14,False,10.34000123262419,0
3225,CCNC(=O)c1ccc(N2CCN(Cc3cnc4cc(CC)c(=O)[nH]c4c3)CC2)cn1,CHEMBL3105,8.52,2355,95,False,6.662857256324923,0
2124,CCc1cc2cnc(CN3CCN(c4ccc(C(=O)NC)nc4)CC3)cc2[nH]c1=O,CHEMBL3105,8.52,2355,95,False,6.0,0
2355,CCc1cc2ncc(CN3CCN(c4ccc(C(=O)NC)nc4)CC3)cc2[nH]c1=O,CHEMBL3105,8.52,2355,95,False,6.890000410676024,0
2128,CNC(=O)c1ccc(N2CCN(Cc3cc4[nH]c(=O)c(CC(F)F)cc4cn3)CC2)c(F)n1,CHEMBL3105,8.52,2126,4,False,5.957746718947185,0
2490,CCc1nc2c(F)cc(CN3CCN(c4ccc(C(=O)NC)nc4)CC3)cc2[nH]c1=O,CHEMBL3105,8.52,2355,95,False,5.879999999999999,0
2126,CCc1cc2cnc(CN3CCN(c4ccc(C(=O)NC)nc4Cl)CC3)cc2[nH]c1=O,CHEMBL3105,8.52,2126,4,False,6.0200000683466595,0
2204,C[C@H]1CN(C(=O)c2cc(Cn3c(=O)[nH]c(=O)c4ccccc43)ccc2F)CCN1CC1CC1,CHEMBL3105,8.52,2568,73,False,6.427646810923902,0
2900,N#Cc1cnc(N2CCN(c3nc4c(C(N)=O)cc(F)cc4[nH]3)CC2)cn1,CHEMBL3105,8.52,2880,26,False,5.720545553737042,0
2500,Cc1cc(C)n(S(=O)(=O)c2ccc3[nH]c(=O)c(=O)[nH]c3c2)n1,CHEMBL3105,8.52,singleton,1,True,5.444545373415406,0
3223,CCc1cc2ncc(CN3CCN(c4ccc(C(=O)NC)nc4C(F)(F)F)CC3)cc2[nH]c1=O,CHEMBL3105,8.52,2355,95,False,6.328125377185665,0
3040,N#Cc1ccc(N2CCN(Cc3ccc4c5c(c(=O)[nH]c4c3)CCCN5)CC2)s1,CHEMBL3105,8.52,1374,108,False,7.903636834729829,0
461,N#Cc1ccc(C2=CCN(CCCc3nc(=O)c4cccc(Cl)c4[nH]3)CC2)cc1,CHEMBL3105,8.52,461,2,False,5.744355181099927,0
674,O=C(c1cc(Cc2c[nH]c(=O)c3cc(Cl)c(Cl)n23)ccc1F)N1CCN(c2ncccn2)CC1,CHEMBL3105,8.51,704,51,False,7.353125438280428,0
637,CCNC1(C(=O)N2CCN(C(=O)c3cc(Cc4n[nH]c(=O)c(C)c4C)ccc3F)CC2)CCCC1,CHEMBL3105,8.51,630,29,False,7.058621037842704,0
1260,O=c1[nH]nc2c3c(cccc13)NC(c1ccc(CN3CCC3)cc1)C2c1ccc(F)cc1,CHEMBL3105,8.51,1244,25,False,6.039285791422032,0
1755,O=C(Nc1cc(Cn2c(=O)[nH]c(=O)c3ccccc32)cnc1F)C1CCN(CCC(F)(F)F)C1,CHEMBL3105,8.51,1747,14,False,15.478001107072908,1
646,Cc1c(Cc2ccc(F)c(C(=O)N3CCN(C(=O)C4CCCN4)CC3)c2)n[nH]c(=O)c1C,CHEMBL3105,8.51,630,29,False,7.388678979381383,0
650,Cc1c(Cc2ccc(F)c(C(=O)N3CCN(C(=O)[C@@]4(C)CCN4)CC3)c2)n[nH]c(=O)c1C,CHEMBL3105,8.51,630,29,False,7.251851723779542,0
684,O=C(c1ncc[nH]1)N1CCN(C(=O)c2cc(Cc3c[nH]c(=O)c4cc(Cl)c(Cl)n34)ccc2F)CC1,CHEMBL3105,8.51,704,51,False,7.353125438280428,0
728,NC(=O)c1cccc2cn(-c3ccc(C4CCCN4)cc3)nc12,CHEMBL3105,8.51,singleton,1,True,6.169565297333641,0
2578,O=c1[nH]c2cc(CN3CCN(c4ccc(F)cn4)CC3)cnc2cc1C1CC1,CHEMBL3105,8.5,2579,3,False,5.750447658879586,0
2581,[2H]C([2H])(c1cnc2cc(C)c(=O)[nH]c2c1)N1CCN(c2ccc(C#N)cn2)CC1,CHEMBL3105,8.5,2579,3,False,5.653787781775026,0
2577,CCc1nc2c(F)cc(CN3CCN(c4ccc(C#N)cn4)CC3)cc2[nH]c1=O,CHEMBL3105,8.5,singleton,1,True,5.843478382016854,0
2652,Cc1c(C(=O)/C=C/c2cccc([N+](=O)[O-])c2)nnn1-c1ccc(Br)cc1,CHEMBL3105,8.5,singleton,1,True,5.500000036425061,0
2646,O=C(NCCc1ccc(F)cc1)c1cc(Cc2n[nH]c(=O)c3ccccc23)ccc1F,CHEMBL3105,8.49,2256,6,False,10.710000638365784,0
689,CCC(=O)N1CCN(C(=O)c2cc(Cc3c[nH]c(=O)c4cc(Cl)c(Cl)n34)ccc2F)CC1,CHEMBL3105,8.49,704,51,False,9.099166485882472,0
2035,CNCc1ccc(-c2cc3cc(F)cc(C(N)=O)c3o2)cc1,CHEMBL3105,8.49,singleton,1,True,5.731915126228946,0
2684,CC1CN(C(=O)c2cc(Cc3n[nH]c(=O)c4ccccc34)ccc2F)Cc2nnc(-c3ncc[nH]3)n21,CHEMBL3105,8.49,2688,22,False,8.1650981155573,0
2993,O=c1[nH]c2cc(CN3CCN(c4ccc(Cl)nn4)CC3)ccc2c2c1CCCN2,CHEMBL3105,8.49,1374,108,False,8.326499329997654,0
2673,CC1CN(C(=O)c2cc(Cc3n[nH]c(=O)c4ccccc34)ccc2F)Cc2nnc(C3CC3)n21,CHEMBL3105,8.49,401,173,False,8.963023491872532,0
727,NC(=O)c1cccc2cn(-c3ccc(C4CCCNC4)cc3)nc12,CHEMBL3105,8.49,563,13,False,6.1012765028941915,0
642,Cc1c(Cc2ccc(F)c(C(=O)N3CCN(C(=O)C4(NCC5CC5)CCC4)CC3)c2)n[nH]c(=O)c1C,CHEMBL3105,8.49,630,29,False,7.014166945384621,0
725,NC(=O)c1cccc2cn(-c3ccc([C@@H]4CCCNC4)cc3)nc12,CHEMBL3105,8.49,563,13,False,6.1012765028941915,0
1604,O=C(C1CC1)N1C=c2[nH]c3cccc4c(=O)[nH][nH]c(c2c34)C1,CHEMBL3105,8.48,1608,10,False,9.216000125558038,0
1572,CC(C)C1C=c2[nH][nH]c(=O)c3cc(F)cc4[nH]c(c2c43)C1,CHEMBL3105,8.48,1579,6,False,11.670000695586248,0
1590,CCN(CC)CCn1c2c3c([nH][nH]c(=O)c4cccc1c43)=CC(C)(C)C2,CHEMBL3105,8.48,1624,12,False,10.585000420610129,0
653,Cc1c(Cc2ccc(F)c(C(=O)N3CCN(C(=O)C4(Cc5ccccc5)CCCN4)CC3)c2)n[nH]c(=O)c1C,CHEMBL3105,8.48,630,29,False,7.116949253200768,0
1254,CN(C)Cc1ccc(C2Nc3cc(F)cc4c(=O)[nH]nc(c34)C2c2ccccc2)cc1,CHEMBL3105,8.48,singleton,1,True,5.956922989523624,0
2611,O=C(c1cc(Cc2n[nH]c(=O)c3ccccc23)ccc1F)N1CCN(c2ccc3c(OCCn4nc(-c5cccnc5)ccc4=O)ccnc3c2)CC1,CHEMBL3105,8.48,2607,14,False,10.523074896660463,0
3307,O=C(NC1CC1)c1ccc(N2CCN(Cc3cnc4cc(C5CC5)c(=O)[nH]c4c3)[C@H]3C[C@H]32)cn1,CHEMBL3105,8.48,3306,9,False,5.5549999834448105,0
3070,N#Cc1ccc(N2CCN(Cc3cc(F)c4c5c(c(=O)[nH]c4c3)CCCN5)CC2)nc1,CHEMBL3105,8.48,2924,48,False,8.159999305180204,0
2678,CC1CN(C(=O)c2cc(Cc3n[nH]c(=O)c4ccccc34)ccc2F)Cc2nnc(C(F)(F)Cl)n21,CHEMBL3105,8.47,2688,22,False,8.44468087248265,0
2377,CCc1cc2ncc(CN3CCC(Nc4ccc(C(=O)NC)nc4)CC3)cc2[nH]c1=O,CHEMBL3105,8.47,2355,95,False,10.560000000000002,0
3261,CCc1cc2ncc(CN3CCN(c4ccc(C(=O)N[C@H]5CCCOC5)nc4)CC3)cc2[nH]c1=O,CHEMBL3105,8.46,2355,95,False,5.643243388697738,0
2551,CC(C)(C)CN1CCN(C(=O)c2cc(Cn3c(=O)[nH]c(=O)c4ccccc43)ccc2F)CC1=O,CHEMBL3105,8.46,2568,73,False,6.43076911282963,0
1220,CCCNCc1ccc(-c2[nH]c3cc(F)cc4c3c2C(=O)NNC4=O)cc1,CHEMBL3105,8.46,1222,5,False,7.1369998582005545,0
1774,O=C(c1cc(Cc2n[nH]c(=O)c3ccccc23)cc(F)c1F)N1CCN(C2CCCCC2)CC1,CHEMBL3105,8.46,401,173,False,7.9574464250334245,0
3301,CCc1cc2ncc(CN3CCN(c4cnc(C(=O)NC5CC5)c(F)c4)CC3)cc2[nH]c1=O,CHEMBL3105,8.46,2355,95,False,5.624000223477692,0
3023,N#Cc1ccc(N2CCN(Cc3ccc4c5c(c(=O)[nH]c4c3)CCCN5)CC2)cn1,CHEMBL3105,8.46,1374,108,False,7.312500435858994,0
641,Cc1c(Cc2ccc(F)c(C(=O)N3CCN(C(=O)C4(NCC5CC5)CCCCC4)CC3)c2)n[nH]c(=O)c1C,CHEMBL3105,8.46,singleton,1,True,10.560010070810277,0
3035,N#Cc1cnc(N2CCN(Cc3ccc4c5c(c(=O)[nH]c4c3)CCCN5)CC2)cc1Cl,CHEMBL3105,8.44,1374,108,False,6.906154305289513,0
3227,CCc1cc2ncc(CN3CCN(c4ccc(C(=O)NC)nc4)[C@H](C)C3)cc2[nH]c1=O,CHEMBL3105,8.44,2355,95,False,5.5490910293642175,0
3032,N#Cc1ccc(N2CCN(Cc3ccc4c5c(c(=O)[nH]c4c3)CCCN5)CC2)nn1,CHEMBL3105,8.44,1374,108,False,7.4573913043478255,0
1247,CN(C)Cc1cccc(C2c3n[nH]c(=O)c4cccc(c34)NC2c2ccccc2)c1,CHEMBL3105,8.44,1244,25,False,7.221599827823642,0
654,Cc1c(Cc2ccc(F)c(C(=O)N3CCN(C(=O)C4(Cc5ccc(F)cc5)CCCN4)CC3)c2)n[nH]c(=O)c1C,CHEMBL3105,8.44,630,29,False,6.781935066596303,0
2564,CC(C1CCCC1)N1CCN(C(=O)c2cc(Cn3c(=O)[nH]c(=O)c4ccccc43)ccc2F)CC1=O,CHEMBL3105,8.44,2568,73,False,8.710007268196382,0
1258,O=c1[nH]nc2c3c(cccc13)NC(c1ccc(CN3CCC3)cc1)C2c1ccccc1,CHEMBL3105,8.44,1244,25,False,6.54206936890109,0
634,CNC1(C(=O)N2CCN(C(=O)c3cc(Cc4n[nH]c(=O)c(C)c4C)ccc3F)CC2)CC1,CHEMBL3105,8.44,630,29,False,7.207346973844191,0
3296,CNC(=O)c1ncc(N2CCN(Cc3cnc4cc(C5CC5)c(=O)[nH]c4c3)CC2)cc1F,CHEMBL3105,8.44,3296,4,False,5.752777644430784,0
744,CN(C)Cc1ccc(-n2cc3cccc(C(N)=O)c3n2)cc1,CHEMBL3105,8.43,580,33,False,6.492307930444127,0
734,CNC(C)c1ccc(-n2cc3cccc(C(N)=O)c3n2)cc1,CHEMBL3105,8.43,580,33,False,6.435500067127497,0
2546,CCC(C)N1CCN(C(=O)c2cc(Cn3c(=O)[nH]c(=O)c4ccccc43)ccc2F)CC1=O,CHEMBL3105,8.43,2568,73,False,6.326716586761953,0
2598,Cn1cc(-c2ccc(=O)n(CCOc3ccnc4cc(OCCN5CCN(C(=O)c6cc(Cc7n[nH]c(=O)c8ccccc78)ccc6F)CC5)ccc34)n2)cn1,CHEMBL3105,8.43,2607,14,False,9.635332759022749,0
686,O=C(c1cc(Cc2c[nH]c(=O)c3cc(Cl)c(Cl)n23)ccc1F)N1CCN(C(=O)C2CCCC2)CC1,CHEMBL3105,8.43,704,51,False,8.383846653562353,0
632,CNC(C)(C)C(=O)N1CCN(C(=O)c2cc(Cc3n[nH]c(=O)c(C)c3C)ccc2F)CC1,CHEMBL3105,8.43,630,29,False,7.2273078082872235,0
2541,O=C1CN(C(=O)c2cc(Cn3c(=O)[nH]c(=O)c4ccccc43)ccc2F)CCN1CC(F)(F)F,CHEMBL3105,8.42,2568,73,False,6.372307575440268,0
1153,O=C(O)c1cccc2cn(-c3ccc([C@@H]4CCCNC4)cc3)nc12,CHEMBL3105,8.42,singleton,1,True,5.631935489285315,0
644,Cc1c(Cc2ccc(F)c(C(=O)N3CCN(C(=O)[C@]4(C)CCCN4)CC3)c2)n[nH]c(=O)c1C,CHEMBL3105,8.42,630,29,False,10.333330459065706,0
2539,CN1CCN(C(=O)c2cc(Cn3c(=O)[nH]c(=O)c4ccccc43)ccc2F)CC1=O,CHEMBL3105,8.42,2568,73,False,6.504262104417591,0
651,CCC1(C(=O)N2CCN(C(=O)c3cc(Cc4n[nH]c(=O)c(C)c4C)ccc3F)CC2)CCCN1,CHEMBL3105,8.42,630,29,False,6.87254247008299,0
1616,CCCCN1C=c2[nH]c3cc(F)cc4c(=O)[nH][nH]c(c2c34)C1,CHEMBL3105,8.42,1612,17,False,6.579743690303407,0
210,Cc1cc(O)n(-c2cc(Cc3n[nH]c(=O)c4ccccc34)ccc2F)c1O,CHEMBL3105,8.42,209,10,False,7.833171187213059,0
3323,O=C(NC1CC1)c1ccc(N2CCN(Cc3cnc4cc(Cl)c(=O)[nH]c4c3)CC2)cn1,CHEMBL3105,8.42,2355,95,False,5.702461517545034,0
640,Cc1c(Cc2ccc(F)c(C(=O)N3CCN(C(=O)C4(Nc5ccccc5)CCCC4)CC3)c2)n[nH]c(=O)c1C,CHEMBL3105,8.41,630,29,False,7.107735745141456,0
648,Cc1c(Cc2ccc(F)c(C(=O)N3CCN(C(=O)C4CCNC4)CC3)c2)n[nH]c(=O)c1C,CHEMBL3105,8.41,630,29,False,7.222641249507644,0
1249,CN(C)Cc1ccc(C2Nc3cccc4c(=O)[nH]nc(c34)C2c2ccc(CN(C)C)cc2)cc1,CHEMBL3105,8.41,1244,25,False,6.508889147528906,0
3001,N#Cc1ccc(N2CC3CCC(C2)N3Cc2ccc3c4c(c(=O)[nH]c3c2)CCCN4)cc1F,CHEMBL3105,8.41,3065,7,False,5.352941495530765,0
1238,O=C(c1cccc(I)c1)N1CCN(C(=O)c2cc(Cc3n[nH]c(=O)c4ccccc34)ccc2F)CC1,CHEMBL3105,8.41,401,173,False,9.545832859186687,0
1284,Cn1ncnc1C1c2n[nH]c(=O)c3cc(F)cc(c23)NC1c1ccc(C#N)cc1,CHEMBL3105,8.41,1290,16,False,9.57700097041736,0
2550,CCC(CC)N1CCN(C(=O)c2cc(Cn3c(=O)[nH]c(=O)c4ccccc43)ccc2F)CC1=O,CHEMBL3105,8.41,2568,73,False,6.327272727272728,0
3082,N#Cc1ccc(N2CCN(Cc3cc(F)c4c5c(c(=O)[nH]c4c3)CCCN5)CC2)nn1,CHEMBL3105,8.4,2924,48,False,5.840000000000001,0
702,O=C(c1cc(Cc2c[nH]c(=O)c3c(Cl)cc(Cl)n23)ccc1F)N1CCCNCC1,CHEMBL3105,8.4,704,51,False,6.063235602368034,0
2352,CCc1cc2ccc(CN3CCN(c4ccc(C(=O)NC)nn4)CC3)cc2[nH]c1=O,CHEMBL3105,8.4,3287,3,False,5.862461355682808,0
3300,CNC(=O)c1ccc(N2CCN(Cc3cnc4cc(C5CCC5)c(=O)[nH]c4c3)CC2)cn1,CHEMBL3105,8.4,2355,95,False,5.72,0
3222,CCc1cc2ncc(CN3CCN(c4ccc(C(=O)NC)nc4C(F)F)CC3)cc2[nH]c1=O,CHEMBL3105,8.4,2355,95,False,5.718333125042704,0
397,O=C(c1cc(Cc2n[nH]c(=O)c3ccccc23)ccc1F)N1CCN(CC2CC2)CC1,CHEMBL3105,8.4,401,173,False,9.828823994640478,0
3216,CNC(=O)c1ccc(N2CCN(Cc3ccc4nc(CC(F)F)c(=O)[nH]c4c3)CC2)cn1,CHEMBL3105,8.4,2355,95,False,5.698656721487558,0
2579,N#Cc1ccc(N2CCN(Cc3cnc4cc(C5CC5)c(=O)[nH]c4c3)CC2)nc1,CHEMBL3105,8.4,2579,3,False,5.524999905197008,0
1933,NC(=O)c1cccc2c1O/C(=C\c1ccc(C(=O)NCCc3nc4c(C(N)=O)cccc4[nH]3)cc1)C2=O,CHEMBL3105,8.4,1927,9,False,11.815000704228925,0
3205,CCc1nc2ccc(CN3CCN(c4ccc(C(=O)NC)nc4F)CC3)cc2[nH]c1=O,CHEMBL3105,8.4,3202,14,False,5.719436850189298,0
1257,O=c1[nH]nc2c3c(cccc13)NC(c1ccc(CN3CCCC3)cc1)C2c1ccccc1,CHEMBL3105,8.4,1244,25,False,6.45655212224879,0
585,O=C1NCC2c3c(cccc31)CCN2C(=O)c1ccccc1,CHEMBL3105,8.4,586,37,False,7.037856798276932,0
2576,CCc1cc2ncc(CN3CCN(c4ccc(F)cn4)CC3)cc2[nH]c1=O,CHEMBL3105,8.4,3282,12,False,5.887868806433532,0
2493,CNC(=O)c1ccc(N2CCN(Cc3ccc4cc(C)c(=O)[nH]c4c3F)CC2)c(F)n1,CHEMBL3105,8.4,2495,2,False,6.175082136160332,0
2856,COc1ccc(Cc2n[nH]c(=O)c3ccccc23)cc1C(=O)N1CCN(c2ccc3[nH]cnc3n2)CC1,CHEMBL3105,8.4,2855,5,False,6.901311718173909,0
555,CNCc1ccc(-n2cc3cccc(C(N)=O)c3n2)cc1F,CHEMBL3105,8.4,580,33,False,6.333720737083214,0
540,NC(=O)c1cc(F)cc2cn(-c3ccc(NC(=O)C4CNC4)c(F)c3)nc12,CHEMBL3105,8.4,542,5,False,5.499999918043615,0
617,O=C1NCC2c3c(cccc31)CCN2C(=O)C1CCCN1,CHEMBL3105,8.4,617,2,False,7.669655203941177,0
557,CNCc1ccc(-n2cc3cccc(C(N)=O)c3n2)cc1OC,CHEMBL3105,8.4,580,33,False,6.8758974358974365,0
2689,CC1CN(C(=O)c2cc(Cc3n[nH]c(=O)c4ccccc34)ccc2F)Cc2nnc(-c3cnccn3)n21,CHEMBL3105,8.4,2688,22,False,7.928846353790647,0
587,O=C1NCC2c3c(cccc31)CCN2C(=O)CCc1ccccc1,CHEMBL3105,8.4,586,37,False,7.140690095467205,0
3207,CCc1nc2ccc(CN3CCN(c4ccc(C(=O)NC)nc4Cl)CC3)cc2[nH]c1=O,CHEMBL3105,8.4,3202,14,False,5.634626945874612,0
3214,CCc1nc2cc(F)c(CN3CCN(c4ccc(C(=O)NC)nc4F)CC3)cc2[nH]c1=O,CHEMBL3105,8.4,3202,14,False,5.861470937606188,0
2629,CC(C)C[C@H](NC(=O)CNC(=O)c1cc(Cc2n[nH]c(=O)c3ccccc23)ccc1F)B(O)O,CHEMBL3105,8.39,2630,2,False,8.730512913914202,0
2309,O=C(Nc1ccc(C(F)(F)F)cc1)c1ccc(NC(=O)N2CCN(C(=O)c3cc(Cc4n[nH]c(=O)c5ccccc45)ccc3F)CC2)cc1,CHEMBL3105,8.39,401,173,False,8.228181372329248,0
2679,CC1CN(C(=O)c2cc(Cc3n[nH]c(=O)c4ccccc34)ccc2F)Cc2nnc(C(F)(F)C(F)(F)F)n21,CHEMBL3105,8.39,2688,22,False,8.563777800464043,0
2672,CC(C)c1nnc2n1C(C)CN(C(=O)c1cc(Cc3n[nH]c(=O)c4ccccc34)ccc1F)C2,CHEMBL3105,8.39,401,173,False,8.467555735006457,0
214,O=C1CCCC(=O)N1c1cc(Cc2n[nH]c(=O)c3ccccc23)ccc1F,CHEMBL3105,8.39,209,10,False,8.326923382352808,0
3308,CNC(=O)c1ncc(N2CCN(Cc3cnc4cc(C5CC5)c(=O)[nH]c4c3)[C@H]3C[C@H]32)cc1F,CHEMBL3105,8.38,3296,4,False,5.512820715029572,0
655,Cc1c(Cc2ccc(F)c(C(=O)N3CCN(C(=O)[C@@]4(Cc5ccc(F)cc5)CCCN4)CC3)c2)n[nH]c(=O)c1C,CHEMBL3105,8.38,630,29,False,6.689031846505945,0
2553,C=CCN1CCN(C(=O)c2cc(Cn3c(=O)[nH]c(=O)c4ccccc43)ccc2F)CC1=O,CHEMBL3105,8.38,2568,73,False,6.283636363636365,0
1785,O=C(c1cc(Cc2n[nH]c(=O)c3ccccc23)cc(F)c1F)N1CCN(c2cccc(Cl)c2)CC1,CHEMBL3105,8.38,401,173,False,9.730000579953233,0
2254,COC1CCN(C(=O)c2cc(Cc3n[nH]c(=O)c4ccccc34)ccc2F)C1,CHEMBL3105,8.38,401,173,False,9.340541022045088,0
3228,CCc1cc2ncc(CN3CCN(c4ccc(C(=O)NC)nc4)[C@H]4C[C@H]43)cc2[nH]c1=O,CHEMBL3105,8.38,2355,95,False,5.313103360914308,0
3299,CCc1cc2ncc(CN3CCN(c4ccc(NC(=O)C5CCO5)nc4)CC3)cc2[nH]c1=O,CHEMBL3105,8.37,2355,95,False,5.4798702147079785,0
3311,CCNC(=O)c1ccc(N2CCN(Cc3cnc4cc(C5CC5)c(=O)[nH]c4c3)CC2)cn1,CHEMBL3105,8.37,2355,95,False,5.575588259730216,0
738,CCNCc1ccc(-n2cc3cccc(C(N)=O)c3n2)cc1,CHEMBL3105,8.37,580,33,False,6.2907320365474755,0
2656,NC(=O)c1cccc2[nH]c(C3CCN(C4CCC(F)(F)CC4)CC3)nc12,CHEMBL3105,8.37,singleton,1,True,5.613725595169918,0
2044,Nc1ccccc1NC(=O)CCCCCNC(=O)c1cc(Cc2n[nH]c(=O)c3ccccc23)ccc1F,CHEMBL3105,8.37,singleton,1,True,8.690000092967962,0
3242,CCc1cc2ncc([C@H](C)N3CCN(c4ccc(C(=O)NC)nc4)CC3)cc2[nH]c1=O,CHEMBL3105,8.36,2355,95,False,5.226351279787137,0
2623,NC(=O)c1cccc2[nH]c(-c3ccc(C(=O)NC4CCN(c5ccc(Cl)o5)C4)c(F)c3)nc12,CHEMBL3105,8.36,2653,2,False,5.908085166323287,0
2538,O=C1CN(C(=O)c2cc(Cn3c(=O)[nH]c(=O)c4ccccc43)ccc2F)CCN1,CHEMBL3105,8.36,2568,73,False,6.311290698762885,0
3028,COCc1ccc(N2CCN(Cc3ccc4c5c(c(=O)[nH]c4c3)CCCN5)CC2)nc1,CHEMBL3105,8.35,1374,108,False,7.534545454545454,0
2699,O=C1N=c2ccccc2=C1c1[nH]c2ccc(F)cc2c1NOCCCC(=O)N1CCN(C(=O)c2cc(Cc3n[nH]c(=O)c4ccccc34)ccc2F)CC1,CHEMBL3105,8.35,2699,4,False,7.128000366034893,0
3265,CCc1cc2ncc(CN3CCN(c4ccc(C(=O)NC[C@@H](C)O)nc4)CC3)cc2[nH]c1=O,CHEMBL3105,8.35,2355,95,False,5.549411789027258,0
2203,C[C@@H]1CN(C(=O)c2cc(Cn3c(=O)[nH]c(=O)c4ccccc43)ccc2F)CCN1CC1CC1,CHEMBL3105,8.35,2568,73,False,6.182646820372992,0
2963,Cc1cc(N2CCN(Cc3ccc4c5c(c(=O)[nH]c4c3)CCCN5)CC2)ccc1C#N,CHEMBL3105,8.35,1374,108,False,8.029000239282853,0
1614,CCCN1C=c2[nH]c3cc(F)cc4c(=O)[nH][nH]c(c2c34)C1,CHEMBL3105,8.35,1612,17,False,6.605405107460564,0
628,Cc1c(Cc2ccc(F)c(C(=O)N3CCC4(CCCN4C)CC3)c2)n[nH]c(=O)c1C,CHEMBL3105,8.35,630,29,False,6.991110987643649,0
3042,N#Cc1cnc(N2CCN(Cc3ccc4c5c(c(=O)[nH]c4c3)CCCN5)CC2)s1,CHEMBL3105,8.34,1374,108,False,6.811200064956666,0
2694,CC1CN(C(=O)c2cc(Cn3c(=O)[nH]c(=O)c4ccccc43)ccc2F)Cc2nnc(-c3ccccn3)n21,CHEMBL3105,8.34,2688,22,False,6.877142505791741,0
2381,COc1cc(OC)c2c(=O)[nH]c(-c3cc(C)c(OCCOc4ccccc4C(N)=O)c(C)c3)nc2c1,CHEMBL3105,8.34,2381,2,False,14.76923076923077,0
631,Cc1c(Cc2ccc(F)c(C(=O)N3CCC4(CCN4)CC3)c2)n[nH]c(=O)c1C,CHEMBL3105,8.34,630,29,False,7.133333049880146,0
2613,NC(=O)c1cccc2[nH]c(-c3ccc(C(=O)N4CCN(C(=O)c5csc(Br)n5)CC4)cc3)nc12,CHEMBL3105,8.34,2614,9,False,7.360000000000002,0
2601,Cn1cc(-c2ccc(=O)n(CCOc3ccnc4cc(NC5CCN(C(=O)c6cc(Cc7n[nH]c(=O)c8ccccc78)ccc6F)CC5)ccc34)n2)cn1,CHEMBL3105,8.33,2607,14,False,8.452105104067982,0
2094,O=C(N1C=c2[nH]c3cc(F)cc4c(=O)[nH][nH]c(c2c34)C1)C1(O)CC1,CHEMBL3105,8.33,1612,17,False,6.828077016996563,0
2255,COC1CCCN(C(=O)c2cc(Cc3n[nH]c(=O)c4ccccc34)ccc2F)CC1,CHEMBL3105,8.33,401,173,False,8.977948278869812,0
3293,CNC(=O)c1ccc(N2CCN(Cc3cnc4cc(C5CC5)c(=O)[nH]c4c3)CC2)c(C#N)n1,CHEMBL3105,8.33,3229,7,False,5.433972833455905,0
630,Cc1c(Cc2ccc(F)c(C(=O)N3CCC4(CCNC4)CC3)c2)n[nH]c(=O)c1C,CHEMBL3105,8.33,630,29,False,8.175999805068974,0
3081,O=c1[nH]c2cc(CN3CCN(c4ccc(Cl)nn4)CC3)cc(F)c2c2c1CCCN2,CHEMBL3105,8.33,3069,15,False,6.834000244402895,0
2698,O=C1N=c2ccc(Br)cc2=C1c1[nH]c2ccccc2c1NOCCCC(=O)N1CCN(C(=O)c2cc(Cc3n[nH]c(=O)c4ccccc34)ccc2F)CC1,CHEMBL3105,8.33,2699,4,False,6.9467168628667855,0
2595,COc1ccc(F)cc1-c1cc(C)ncc1C(=O)Nc1nnc(OC2CC3(CCN(C(=O)c4cc(Cc5n[nH]c(=O)c6ccccc56)ccc4F)CC3)C2)s1,CHEMBL3105,8.33,2596,2,False,7.116666383875753,0
2545,CC(C)CN1CCN(C(=O)c2cc(Cn3c(=O)[nH]c(=O)c4ccccc43)ccc2F)CC1=O,CHEMBL3105,8.33,2568,73,False,6.210909090909092,0
2968,CCC(=O)Nc1ccc(N2CCN(Cc3ccc4c5c(c(=O)[nH]c4c3)CCCN5)CC2)c(F)c1,CHEMBL3105,8.32,1374,108,False,6.40000038146975,0
2960,N#Cc1ccc(N2CCN(Cc3ccc4c5c(c(=O)[nH]c4c3)CCCN5)CC2)cc1F,CHEMBL3105,8.32,1374,108,False,7.123478260869566,0
1615,CCN1C=c2[nH]c3cc(F)cc4c(=O)[nH][nH]c(c2c34)C1,CHEMBL3105,8.32,1612,17,False,6.713999679851548,0
743,NC(=O)c1cccc2cn(-c3ccc(CN4CCCC4)cc3)nc12,CHEMBL3105,8.32,580,33,False,18.000001072883688,0
3060,O=c1[nH]c2cc(CN3C4CCC3CN(c3ccc(Cl)nn3)C4)ccc2c2c1CCCN2,CHEMBL3105,8.32,3060,2,False,5.424839043453528,0
3020,O=c1[nH]c2cc(CN3CCN(c4ccc(Cl)cn4)CC3)ccc2c2c1CCCN2,CHEMBL3105,8.32,1374,108,False,7.558095795854191,0
3019,O=c1[nH]c2cc(CN3CCN(c4ccc([N+](=O)[O-])c(F)c4)CC3)ccc2c2c1CCCN2,CHEMBL3105,8.32,1374,108,False,6.758400064453127,0
3262,CCc1cc2ncc(CN3CCN(c4ccc(C(=O)N[C@@H]5CCCOC5)nc4)CC3)cc2[nH]c1=O,CHEMBL3105,8.32,2355,95,False,5.461621762394822,0
1992,O=C(c1cc(Cc2n[nH]c(=O)c3ccccc23)ccc1F)N1CCc2c(nc(-c3cccc4[nH]ccc34)nc2N2CCOCC2)C1,CHEMBL3105,8.31,1987,4,False,7.419491480450562,0
3254,CCc1cc2ncc(CN3CCN(c4ccc(C(=O)NC(C)C)nc4)CC3)cc2[nH]c1=O,CHEMBL3105,8.31,2355,95,False,5.646956111983706,0
3273,CCc1cc2ncc(CN3CCN(c4cnc(C(=O)NC)c(F)c4)[C@H]4C[C@H]43)cc2[nH]c1=O,CHEMBL3105,8.31,3306,9,False,5.287790840603477,0
3052,O=c1[nH]c2cc(CN3CCN(c4ccc5c[nH]nc5c4)CC3)ccc2c2c1CCCN2,CHEMBL3105,8.31,1374,108,False,7.095652173913045,0
2567,CC(C1CCCCC1)N1CCN(C(=O)c2cc(Cn3c(=O)[nH]c(=O)c4ccccc43)ccc2F)CC1=O,CHEMBL3105,8.31,2568,73,False,8.710007268196382,0
2557,COCCN1CCN(C(=O)c2cc(Cn3c(=O)[nH]c(=O)c4ccccc43)ccc2F)CC1=O,CHEMBL3105,8.31,2568,73,False,6.124999763772778,0
2992,O=c1[nH]c2cc(CN3CCN(c4cnccn4)CC3)ccc2c2c1CCCN2,CHEMBL3105,8.31,1374,108,False,8.052631679994581,0
1635,O=C1NNc2c3c(nc4cccc1c24)CCCCC3,CHEMBL3105,8.31,1635,8,False,5.746666666666667,0
552,CNCc1ccc(-n2cc3cc(Cl)cc(C(N)=O)c3n2)cc1,CHEMBL3105,8.3,580,33,False,5.480600196001538,0
543,NC(=O)c1cc(F)cc2cn(-c3ccc(NC(=O)C4CNC4)cc3)nc12,CHEMBL3105,8.3,563,13,False,5.36,0
1628,O=C(c1cc(Cc2n[nH]c(=O)c3ccccc23)ccc1F)N1CCn2cccc2C1,CHEMBL3105,8.3,401,173,False,11.166666075035412,0
3219,CNC(=O)c1ccc(N2CCN(Cc3ccc4nc(CCF)c(=O)[nH]c4c3)CC2)c(F)n1,CHEMBL3105,8.3,3202,14,False,5.54958889609588,0
580,CNCc1ccc(-n2cc3cccc(C(N)=O)c3n2)cc1,CHEMBL3105,8.3,580,33,False,7.680000732421948,0
3204,CCc1nc2ccc(CN3CCN(c4ccc(C(=O)NC)nc4C(F)F)CC3)cc2[nH]c1=O,CHEMBL3105,8.3,3202,14,False,5.494594700811904,0
603,COc1cccc(CC(=O)N2CCc3cccc4c3C2CNC4=O)c1,CHEMBL3105,8.3,586,37,False,6.578181735011175,0
600,O=C1NCC2c3c(cccc31)CCN2C(=O)Cc1cccc(Cl)c1,CHEMBL3105,8.3,586,37,False,6.912000000000003,0
599,O=C1NCC2c3c(cccc31)CCN2C(=O)Cc1ccc(Cl)cc1,CHEMBL3105,8.3,586,37,False,7.174285928096099,0
558,CNCc1ccc(-n2cc3cccc(C(N)=O)c3n2)cc1C(F)(F)F,CHEMBL3105,8.3,580,33,False,6.471219474564417,0
353,CN(C)Cc1ccc(-c2[nH]c3cccc4c3c2CCNC4=O)cc1,CHEMBL3105,8.3,762,2,False,6.515151844646447,0
420,CC(Oc1ccccc1)C(=O)N1CCN(C(=O)c2cccc(Cc3n[nH]c(=O)c4ccccc34)c2)CC1,CHEMBL3105,8.3,421,39,False,6.86109122138222,0
2998,O=c1[nH]c2cc(CN3CCN(c4nccs4)CC3)ccc2c2c1CCCN2,CHEMBL3105,8.3,1374,108,False,8.815294272186028,0
2491,Cc1nc2c(F)cc(CN3CCN(c4ccc(C(=O)NC5CC5)nc4F)CC3)cc2[nH]c1=O,CHEMBL3105,8.3,2492,4,False,5.531621724099163,0
2494,CNC(=O)c1ccc(N2CCN(Cc3cc(F)c4nc(C)c(=O)[nH]c4c3)CC2)c(Cl)n1,CHEMBL3105,8.3,2492,4,False,5.528333498090512,0
2492,CNC(=O)c1ccc(N2CCN(Cc3cc(F)c4nc(C)c(=O)[nH]c4c3)CC2)c(F)n1,CHEMBL3105,8.3,2492,4,False,5.56399990050793,0
2054,N#Cc1ccc(N2CCN([C@@H]3C=C(c4cc5c(N)cc(F)cc5c(=O)[nH]4)CC3)CC2)cc1,CHEMBL3105,8.3,2056,6,False,5.2474577967581615,0
3165,N#Cc1ccc(N2CCN(C(=O)CCc3nc(=O)c4cc(F)ccc4[nH]3)C(CO)C2)nc1,CHEMBL3105,8.3,3165,5,False,5.256374956920651,0
2852,O=C(c1cccc(Cc2n[nH]c(=O)c3ccccc23)c1)N1CCN(c2ccc3[nH]nnc3n2)CC1,CHEMBL3105,8.3,421,39,False,6.890000410676029,0
701,CN1CCCN(C(=O)c2cc(Cc3c[nH]c(=O)c4cc(Cl)c(Cl)n34)ccc2F)CC1,CHEMBL3105,8.3,704,51,False,13.422504400239852,0
2905,COc1ccc(N2CCN(Cc3ccc4c5c(c(=O)[nH]c4c3)CCCN5)CC2)cc1,CHEMBL3105,8.3,1374,108,False,8.815294272186028,0
398,CCCCN1CCN(C(=O)c2cc(Cc3n[nH]c(=O)c4ccccc34)ccc2F)CC1,CHEMBL3105,8.3,401,173,False,9.052973483404715,0
395,CCC(=O)N1CCN(C(=O)c2cc(Cc3n[nH]c(=O)c4ccccc34)ccc2F)CC1,CHEMBL3105,8.3,401,173,False,9.477646593602083,0
381,O=C(c1cc(Cc2n[nH]c(=O)c3ccccc23)ccc1F)N1CCNCC1,CHEMBL3105,8.3,401,173,False,12.592141516874785,0
2543,CC(C)N1CCN(C(=O)c2cc(Cn3c(=O)[nH]c(=O)c4ccccc43)ccc2F)CC1=O,CHEMBL3105,8.3,2568,73,False,6.227499652011341,0
394,O=C(c1cc(Cc2n[nH]c(=O)c3ccccc23)ccc1F)N1CCN(C(=O)C2CC2)CC1,CHEMBL3105,8.3,401,173,False,13.341538461538466,0
2338,CCOC(=O)Nc1nc2cc(-c3cc(Cc4n[nH]c(=O)c5ccccc45)ccc3F)ccc2[nH]1,CHEMBL3105,8.3,singleton,1,True,7.2583995154495575,0
245,O=C(c1cc(Cc2n[nH]c(=O)c3ccccc23)ccc1F)N1CCCN(CC2CC2)CC1,CHEMBL3105,8.3,401,173,False,9.037894382433894,0
213,O=c1[nH]nc(Cc2ccc(F)c(-n3c(O)c4c(c3O)C4)c2)c2ccccc12,CHEMBL3105,8.3,209,10,False,8.097838046559465,0
209,O=c1[nH]nc(Cc2ccc(F)c(-n3c(O)ccc3O)c2)c2ccccc12,CHEMBL3105,8.3,209,10,False,8.198856919456022,0
3071,N#Cc1cnc(N2CCN(Cc3cc(F)c4c5c(c(=O)[nH]c4c3)CCCN5)CC2)s1,CHEMBL3105,8.3,3069,15,False,5.650151499843549,0
3252,CCc1cc2ncc(CN3CCN(c4ccc(C(=O)NC[C@H]5CCOC5)nc4)CC3)cc2[nH]c1=O,CHEMBL3105,8.3,2355,95,False,5.363200000000001,0
3224,CCc1cc2ncc(CN3CCN(c4ccc(C(=O)NC)nc4C)CC3)cc2[nH]c1=O,CHEMBL3105,8.3,2355,95,False,5.56399990050793,0
247,CCCN1CCCN(C(=O)c2cc(Cc3n[nH]c(=O)c4ccccc34)ccc2F)CC1,CHEMBL3105,8.3,401,173,False,8.80615364427398,0
246,O=C(c1cc(Cc2n[nH]c(=O)c3ccccc23)ccc1F)N1CCCN(C2CCCCC2)CC1,CHEMBL3105,8.3,401,173,False,8.914871358877754,0
3083,N#Cc1ccc(N2CCN(Cc3cc(F)c4c5c(c(=O)[nH]c4c3)CCCN5)CC2)s1,CHEMBL3105,8.3,2924,48,False,5.6251428763019815,0
2354,CCc1nc2ccc(CN3CCN(c4ccc(C(=O)NC)nc4)CC3)cc2[nH]c1=O,CHEMBL3105,8.3,2355,95,False,6.320000000000007,0
2353,CCc1cc2ccc(CN3CCN(c4ccc(C(=O)NC)nc4)CC3)cc2[nH]c1=O,CHEMBL3105,8.3,2355,95,False,5.706666666666668,0
371,O=C(c1cc(Cc2n[nH]c(=O)c3ccccc23)ccc1F)N1CCN(c2ccccc2)CC1,CHEMBL3105,8.3,401,173,False,9.477646593602083,0
2896,NC(=O)c1cc(F)cc2[nH]c(N3CCN(c4cnc(C(F)(F)F)nc4)CC3)nc12,CHEMBL3105,8.3,2880,26,False,5.6608162507853,0
1644,CC(C)(C)OC(=O)N1CCc2c(nc3cccc4c3c2NNC4=O)C1,CHEMBL3105,8.29,1644,4,False,5.418947232423399,0
1603,CC(C)N1C=c2[nH]c3cc(F)cc4c(=O)[nH][nH]c(c2c34)C1,CHEMBL3105,8.29,1612,17,False,7.280645301277508,0
3263,CCc1cc2ncc(CN3CCN(c4ccc(C(=O)N[C@H]5C[C@](C)(O)C5)nc4)CC3)cc2[nH]c1=O,CHEMBL3105,8.29,2355,95,False,5.399166827574375,0
3251,CCc1cc2ncc(CN3CCN(c4ccc(C(=O)NC[C@@H]5CCOC5)nc4)CC3)cc2[nH]c1=O,CHEMBL3105,8.29,2355,95,False,5.350399999999999,0
3295,CNC(=O)c1ccc(N2CCN(Cc3cnc4cc(C)c(=O)[nH]c4c3)[C@H]3C[C@H]32)cn1,CHEMBL3105,8.29,3306,9,False,5.2137207567840145,0
2619,Cc1ccoc1C(=O)N1CCN(C(=O)c2ccc(-c3nc4c(C(N)=O)cccc4[nH]3)cc2F)CC1C,CHEMBL3105,8.29,2621,5,False,5.697959072775566,0
678,CN(C)C(C)(C)C(=O)N1CCN(C(=O)c2cc(Cc3c[nH]c(=O)c4cc(Cl)c(Cl)n34)ccc2F)CC1,CHEMBL3105,8.29,704,51,False,6.172941349616926,0
2488,NC(=O)c1ccccc1NCc1cccc(NC(=O)Nc2cccc(Br)c2)c1,CHEMBL3105,8.29,2489,4,False,6.313666240166321,0
1796,N#Cc1cccc(N2CCN(C(=O)c3cc(Cc4n[nH]c(=O)c5ccccc45)cc(F)c3F)CC2)n1,CHEMBL3105,8.29,singleton,1,True,9.506110450068052,0
3305,Cc1cc2ncc(CN3CCN(c4ccc(C(=O)NC5CC5)nc4)[C@@H]4C[C@@H]43)cc2[nH]c1=O,CHEMBL3105,8.28,3306,9,False,5.163294001785862,0
3287,CCc1cc2ccc(CN3CCN(c4ccc(C(=O)NC)c(=O)n4C)CC3)cc2[nH]c1=O,CHEMBL3105,8.28,3287,3,False,5.68,0
1575,CC1(C)CC=c2[nH]c3cc(F)cc4c(=O)[nH][nH]c1c2c34,CHEMBL3105,8.28,1575,2,False,6.354999537037512,0
731,CNCc1cccc(-n2cc3cccc(C(N)=O)c3n2)c1,CHEMBL3105,8.28,580,33,False,6.365897309418419,0
1570,CC1(C)C=c2[nH][nH]c(=O)c3cc(F)cc4[nH]c(c2c43)C1,CHEMBL3105,8.28,1579,6,False,7.643571103148327,0
3238,CNC(=O)c1ccc(N2CCN(Cc3cnc4cc(C5CC5)c(=O)[nH]c4c3)CC2)cn1,CHEMBL3105,8.28,2355,95,False,5.496818256280885,0
3245,O=C(NC1CC1)c1ccc(N2CCN(Cc3cnc4cc(C5CC5)c(=O)[nH]c4c3)CC2)cn1,CHEMBL3105,8.28,2355,95,False,5.378695693990683,0
3294,CNC(=O)c1ccc(N2CCN(Cc3cnc4cc(C)c(=O)[nH]c4c3)[C@H]3C[C@H]32)c(C#N)n1,CHEMBL3105,8.28,3229,7,False,5.127526970450101,0
3080,N#Cc1ccc(N2CCN(Cc3cc(F)c4c5c(c(=O)[nH]c4c3)CCCN5)CC2)cn1,CHEMBL3105,8.28,2924,48,False,5.659714304991158,0
1273,Cn1ccnc1C1c2n[nH]c(=O)c3cccc(c23)NC1c1ccc(C(F)(F)F)cc1,CHEMBL3105,8.28,1290,16,False,8.318999801659585,0
3256,CCc1cc2ncc(CN3CCN(c4ccc(C(=O)NC5COC5)nc4)CC3)cc2[nH]c1=O,CHEMBL3105,8.27,2355,95,False,5.407999903297425,0
2621,CC1CN(C(=O)c2ccc(-c3nc4c(C(N)=O)cccc4[nH]3)cc2F)CCN1C(=O)c1ccc(Br)o1,CHEMBL3105,8.27,2621,5,False,6.211034891262379,0
663,O=C(c1cc(Cc2c[nH]c(=O)c3cc(Cl)c(Cl)n23)ccc1F)N1CCC(N2CCCC2)CC1,CHEMBL3105,8.27,704,51,False,22.264986065485868,0
2364,CCc1cc2ncc(CN3CCN(c4cc5c(cn4)NC(=O)CC5)CC3)cc2[nH]c1=O,CHEMBL3105,8.27,3282,12,False,5.569032354434249,0
2032,CC(C)n1cc2c(n1)CN(C(=O)c1cc(Cc3n[nH]c(=O)c4ccccc34)ccc1F)C2,CHEMBL3105,8.27,401,173,False,8.32209253875615,0
3312,CCc1cc2ncc(CN3CCN(c4ccnnc4C#N)CC3)cc2[nH]c1=O,CHEMBL3105,8.27,3282,12,False,5.481884100590026,0
1782,N#Cc1ccc(N2CCN(C(=O)c3cc(Cc4n[nH]c(=O)c5ccccc45)cc(F)c3F)CC2)cc1,CHEMBL3105,8.27,1767,12,False,11.016001400757013,0
2596,COc1ccc(Cl)cc1-c1cc(C)ncc1C(=O)Nc1nnc(OCC2CCN(C(=O)c3cc(Cc4n[nH]c(=O)c5ccccc45)ccc3F)CC2)s1,CHEMBL3105,8.27,2596,2,False,6.952878957415829,0
3269,CNC(=O)c1ccc(C2=CCN(Cc3cnc4cc(C5CC5)c(=O)[nH]c4c3)CC2)cn1,CHEMBL3105,8.26,singleton,1,True,5.21379293199102,0
2624,NC(=O)c1cccc2[nH]c(-c3ccc(C(=O)NC4CCN(c5ccc(Br)o5)C4)c(F)c3)nc12,CHEMBL3105,8.26,2624,2,False,5.694583050480333,0
2990,Cc1cccnc1N1CCN(Cc2ccc3c4c(c(=O)[nH]c3c2)CCCN4)CC1,CHEMBL3105,8.26,1374,108,False,8.333333002196431,0
2966,CNC(=O)c1ccc(N2CCN(Cc3ccc4c5c(c(=O)[nH]c4c3)CCCN5)CC2)c(F)c1,CHEMBL3105,8.26,1374,108,False,6.538461418546871,0
1586,CN(C)CCn1c2c3c([nH][nH]c(=O)c4cccc1c43)=CC(C)(C)C2,CHEMBL3105,8.26,1624,12,False,8.161428223957834,0
2524,O=C(c1cc(Cc2n[nH]c(=O)c3ccccc23)ccc1F)N1CCn2c(nnc2-c2ccc(C(F)(F)CO)o2)C1,CHEMBL3105,8.25,2516,19,False,9.160869280331983,0
762,O=C1NCCc2c(-c3ccc(CN4CCCC4)cc3)[nH]c3cccc1c23,CHEMBL3105,8.25,762,2,False,6.314285671273057,0
3051,O=c1[nH]c2cc(CN3CCN(c4ccc5[nH]ncc5c4)CC3)ccc2c2c1CCCN2,CHEMBL3105,8.25,1374,108,False,7.1304549704627815,0
1292,O=c1[nH]nc2c3c(cccc13)N[C@@H](c1ccc(CN3CCC3)cc1)[C@@H]2c1ccc(F)cc1,CHEMBL3105,8.25,1244,25,False,12.600006008151038,0
2058,N#Cc1ccc(N2CCN([C@@H]3C=C(c4cc5c(N)cc(F)cc5c(=O)[nH]4)CC3)CC2)c(F)c1,CHEMBL3105,8.25,2056,6,False,5.141129116280612,0
3012,C[C@@H]1CN(c2ccc(C#N)c(F)c2)CCN1Cc1ccc2c3c(c(=O)[nH]c2c1)CCCN3,CHEMBL3105,8.25,3065,7,False,5.300885851979552,0
1571,O=c1[nH][nH]c2c3c([nH]c4cc(F)cc1c43)=CC(c1ccccc1)C2,CHEMBL3105,8.24,singleton,1,True,10.75789419686698,0
2603,Cn1cc(-c2ccc(=O)n(CCOc3ccnc4cc(NC5CCN(C(=O)c6cc(Cc7n[nH]c(=O)c8ccccc78)ccc6F)C5)ccc34)n2)cn1,CHEMBL3105,8.24,2607,14,False,7.596521424147504,0
2683,CC1CN(C(=O)c2cc(Cc3n[nH]c(=O)c4ccccc34)ccc2F)Cc2nnc(-c3cncs3)n21,CHEMBL3105,8.24,2688,22,False,7.704313797523591,0
1612,CN1C=c2[nH]c3cc(F)cc4c(=O)[nH][nH]c(c2c34)C1,CHEMBL3105,8.24,1612,17,False,6.8437504079193126,0
1756,O=C(Nc1cc(Cn2c(=O)[nH]c(=O)c3ccccc32)cnc1F)C1CCN(CC2CC2)C1,CHEMBL3105,8.24,1747,14,False,10.431537170174014,0
2104,NC(=O)c1cccc2cc(C(=O)N3CCN(c4nc(-c5cnc(N)nc5)nc(N5CCOCC5)n4)CC3)oc12,CHEMBL3105,8.24,2108,14,False,5.671851601430593,0
2618,Cc1ccc(C(=O)N2CCN(C(=O)c3ccc(-c4nc5c(C(N)=O)cccc5[nH]4)cc3F)CC2C)o1,CHEMBL3105,8.24,2621,5,False,5.6616663854486555,0
1235,O=C(Cc1cccc(I)c1)N1CCN(C(=O)c2cc(Cc3n[nH]c(=O)c4ccccc34)ccc2F)CC1,CHEMBL3105,8.24,401,173,False,8.788717518893634,0
3084,N#Cc1ccc(N2CC3CCC(C2)N3Cc2cc(F)c3c4c(c(=O)[nH]c3c2)CCCN4)nc1,CHEMBL3105,8.24,3069,15,False,5.135180763456469,0
2009,C[C@]1(c2nc3c(C(N)=O)c(F)ccc3[nH]2)CCCN1,CHEMBL3105,8.24,2009,3,False,5.0553844067754214,0
635,Cc1c(Cc2ccc(F)c(C(=O)N3CCN(C(=O)C4(N(C)C)CC4)CC3)c2)n[nH]c(=O)c1C,CHEMBL3105,8.24,630,29,False,6.861509333646949,0
3283,C#Cc1ccc(N2CCN(Cc3cnc4cc(CC)c(=O)[nH]c4c3)CC2)nc1,CHEMBL3105,8.24,3282,12,False,5.604687390384791,0
739,CN(C)CCN(C)Cc1ccc(-n2cc3cccc(C(N)=O)c3n2)cc1,CHEMBL3105,8.23,580,33,False,5.9386367176066965,0
3266,CCc1cc2ncc(CN3CCN(c4ccc(C(=O)N[C@H]5C[C@@H](C#N)C5)nc4)CC3)cc2[nH]c1=O,CHEMBL3105,8.23,2355,95,False,5.289189291435757,0
1634,O=C1NNc2c3c(nc4cccc1c24)CCCCCC3,CHEMBL3105,8.23,1635,8,False,5.640000000000001,0
1245,CN(C)Cc1ccc(C2c3n[nH]c(=O)c4cccc(c34)NC2c2ccccc2)cc1,CHEMBL3105,8.23,1244,25,False,6.887500273684672,0
3086,N#Cc1ccc(N2CCN(C(=O)c3ccc4c5c(c(=O)[nH]c4c3)CCCN5)CC2)nc1,CHEMBL3105,8.23,3088,3,False,5.135890335476541,0
2298,C[C@]12CCC=C(CO)C1=CC1C(C2)OC(=O)C1CNCCOCCOCC(=O)N1CCN(C(=O)c2cc(Cc3n[nH]c(=O)c4ccccc34)ccc2F)CC1,CHEMBL3105,8.23,2295,14,False,11.208823804510928,0
1579,CC1C=c2[nH][nH]c(=O)c3cc(F)cc4[nH]c(c2c43)C1,CHEMBL3105,8.22,1579,6,False,10.688334111979772,0
3289,CCc1nc2ncc(CN3CCN(c4ccc(C(=O)NC)nc4)CC3)cc2[nH]c1=O,CHEMBL3105,8.22,2355,95,False,5.545237979817736,0
268,O=C(c1cccc(Cc2n[nH]c(=O)c3ccccc23)c1)N1CCCN(S(=O)(=O)c2ccc(-c3ccccc3)cc2)CC1,CHEMBL3105,8.22,421,39,False,6.5572882283360645,0
542,CN1CC(C(=O)Nc2ccc(-n3cc4cc(F)cc(C(N)=O)c4n3)cc2)C1,CHEMBL3105,8.22,542,5,False,5.229454636130847,0
611,Cc1csc(CC(=O)N2CCc3cccc4c3C2CNC4=O)n1,CHEMBL3105,8.22,586,37,False,6.056666726834247,0
602,COc1ccc(CC(=O)N2CCc3cccc4c3C2CNC4=O)cc1,CHEMBL3105,8.22,586,37,False,6.970588467473812,0
252,O=C(c1cccc(Cc2n[nH]c(=O)c3ccccc23)c1)N1CCCN(C2CCCCC2)CC1,CHEMBL3105,8.22,421,39,False,6.959999505373185,0
613,O=C1NCC2c3c(cccc31)CCN2C(=O)CCc1cnccn1,CHEMBL3105,8.22,586,37,False,6.415757494640529,0
3215,CNC(=O)c1ccc(N2CCN(Cc3ccc4nc(C(C)(F)F)c(=O)[nH]c4c3)CC2)cn1,CHEMBL3105,8.22,2355,95,False,5.600000000000001,0
1641,O=C1NNc2c3c(nc4cccc1c24)CCC3,CHEMBL3105,8.22,1635,8,False,5.666856911242748,0
3267,CCc1cc2ncc(CN3CCN(c4ccc(C(=O)NC)nn4)CC3)cc2[nH]c1=O,CHEMBL3105,8.22,2355,95,False,5.458593643242059,0
3306,CCc1cc2ncc(CN3CCN(c4ccc(C(=O)NC5CC5)nc4)[C@@H]4C[C@@H]43)cc2[nH]c1=O,CHEMBL3105,8.22,3306,9,False,5.0790697005582945,0
3272,CCc1cc2ncc(CN3CCN(c4ccc(C(=O)NC)nc4)[C@H](CF)C3)cc2[nH]c1=O,CHEMBL3105,8.22,2355,95,False,5.307692502377309,0
1436,O=C1NNc2nc(CN3CC=C(c4ccc(F)cc4)CC3)nc3cccc1c23,CHEMBL3105,8.22,singleton,1,True,5.356154091732049,0
3221,CNC(=O)c1ccc(N2CCN(Cc3ccc4nc(CC(F)(F)F)c(=O)[nH]c4c3)CC2)c(F)n1,CHEMBL3105,8.22,3202,14,False,5.580000019005368,0
3310,CCc1cc2ncc(CN3CCN(c4ccncc4C#N)CC3)cc2[nH]c1=O,CHEMBL3105,8.22,3282,12,False,5.666666548718855,0
3237,CCc1cc2ncc(CN3CCN(c4ccc(C(=O)NC5CC5)nc4)CC3)cc2[nH]c1=O,CHEMBL3105,8.22,2355,95,False,5.398209032061692,0
621,O=C1NCC2c3c(cccc31)CCN2C(=O)CN1CCCCC1,CHEMBL3105,8.22,586,37,False,7.32518515284333,0
2996,CCNC(=O)c1ccc(N2CCN(Cc3ccc4c5c(c(=O)[nH]c4c3)CCCN5)CC2)nc1,CHEMBL3105,8.22,1374,108,False,6.150000366568589,0
2489,NC(=O)c1ccccc1OCc1cccc(NC(=O)Nc2cccc(Br)c2)c1,CHEMBL3105,8.22,2489,4,False,6.063750124240763,0
1550,CN(C)C1(C(=O)N2CCN(C(=O)c3cc(Oc4n[nH]c(=O)c5ccccc45)ccc3F)CC2)CC1,CHEMBL3105,8.22,1547,8,False,6.274098164477173,0
1568,O=c1[nH][nH]c2c3c([nH]c4cc(F)cc1c43)=CCC2,CHEMBL3105,8.22,1612,17,False,6.791613425563493,0
539,CN1CC(C(=O)Nc2ccc(-n3cc4cc(F)cc(C(N)=O)c4n3)cc2F)C1,CHEMBL3105,8.22,542,5,False,5.259709981360679,0
1567,CC(C)C1C=c2[nH][nH]c(=O)c3cccc4[nH]c(c2c43)C1,CHEMBL3105,8.22,1574,3,False,8.882353626320572,0
3164,N#Cc1ccc(N2CCN(C(=O)CCc3nc(=O)c4ccccc4[nH]3)C(CO)C2)nc1,CHEMBL3105,8.22,3144,37,False,6.407691661352304,0
3144,N#Cc1ccc(N2CCN(C(=O)CCc3nc(=O)c4ccccc4[nH]3)CC2)nc1,CHEMBL3105,8.22,3144,37,False,9.555000569522416,0
396,CC(=O)N1CCN(C(=O)c2cc(Cc3n[nH]c(=O)c4ccccc34)ccc2F)CC1,CHEMBL3105,8.22,401,173,False,9.620000430047533,0
399,CCCN1CCN(C(=O)c2cc(Cc3n[nH]c(=O)c4ccccc34)ccc2F)CC1,CHEMBL3105,8.22,401,173,False,9.152000327301039,0
373,O=C(c1cc(Cc2n[nH]c(=O)c3ccccc23)ccc1F)N1CCN(C(=O)N2CCOCC2)CC1,CHEMBL3105,8.22,401,173,False,9.0133338705699,0
1987,Nc1cc(C(F)(F)F)c(-c2nc3c(c(N4CCOCC4)n2)CCN(C(=O)c2cc(Cc4n[nH]c(=O)c5ccccc45)ccc2F)C3)cn1,CHEMBL3105,8.22,1987,4,False,6.918749948451297,0
400,CCN1CCN(C(=O)c2cc(Cc3n[nH]c(=O)c4ccccc34)ccc2F)CC1,CHEMBL3105,8.22,401,173,False,9.454545505775895,0
1666,COc1ccc(-c2[nH]c(=O)c3cc(F)ccc3c2OCCN)cc1F,CHEMBL3105,8.22,1651,17,False,6.045453759264461,0
2859,O=C(c1cc(Cc2n[nH]c(=O)c3ccccc23)ccc1C(F)(F)F)N1CCN(c2ccc3[nH]c(=O)[nH]c3n2)CC1,CHEMBL3105,8.22,2859,4,False,6.873962016772793,0
160,N#Cc1ccc(C2=CCN(CCCc3nc(=O)c4ccccc4[nH]3)CC2)cc1,CHEMBL3105,8.22,158,5,False,6.760908596340821,0
2901,N#Cc1ncc(N2CCN(c3nc4c(C(N)=O)cc(F)cc4[nH]3)CC2)cn1,CHEMBL3105,8.22,2880,26,False,5.253333333333334,0
2957,N#Cc1ccc(F)cc1N1CCN(Cc2ccc3c4c(c(=O)[nH]c3c2)CCCN4)CC1,CHEMBL3105,8.22,1374,108,False,6.845217391304351,0
2845,O=C(c1cc(Cc2n[nH]c(=O)c3ccccc23)ccc1F)N1CCN(c2ccc3[nH]c(C(F)(F)F)nc3n2)CC1,CHEMBL3105,8.22,401,173,False,7.725713891009917,0
546,CNCc1ccc(-n2cc3cc(F)cc(C(N)=O)c3n2)c(F)c1,CHEMBL3105,8.22,545,2,False,5.198148056345551,0
933,CCNC(=O)c1ccc(N2CCN(Cc3cc(C)c4c(c3)NC(=O)C(C)O4)CC2)cc1,CHEMBL3105,8.22,924,18,False,5.5992855950916365,0
369,O=C(c1ccccc1)N1CCN(C(=O)c2cc(Cc3n[nH]c(=O)c4ccccc34)ccc2F)CC1,CHEMBL3105,8.22,401,173,False,9.620000430047533,0
3274,CCc1cc2ncc(CN3CCN(c4ccc(-c5c[nH]cn5)c(F)c4)CC3)cc2[nH]c1=O,CHEMBL3105,8.22,singleton,1,True,5.539130329514875,0
1991,O=C(c1cc(Cc2n[nH]c(=O)c3ccccc23)ccc1F)N1CCc2c(nc(-c3cccc4[nH]ncc34)nc2N2CCOCC2)C1,CHEMBL3105,8.21,1987,4,False,7.244915210322314,0
1749,CC(C)(C)OC(=O)N1CCC(C(=O)Nc2cc(Cn3c(=O)[nH]c(=O)c4ccccc43)ccc2Cl)C1,CHEMBL3105,8.21,1747,14,False,10.645831482588743,0
661,O=C(c1cc(Cc2c[nH]c(=O)c3cc(Cl)c(Cl)n23)ccc1F)N1CCC2(CCCCN2)CC1,CHEMBL3105,8.21,704,51,False,8.190000488162044,0
1746,O=C(c1cc(Cc2n[nH]c(=O)c3ccccc23)ccc1F)N1CCN(Cc2ccc(C(O)=NO)cc2)CC1,CHEMBL3105,8.21,401,173,False,8.300000000000002,0
1244,O=c1[nH]nc2c3c(cccc13)NC(c1ccccc1)C2c1ccccc1,CHEMBL3105,8.21,1244,25,False,9.500713517182401,0
3321,CNC(=O)c1ccc(N2CCN(Cc3cnc4cc(Cl)c(=O)[nH]c4c3)CC2)cn1,CHEMBL3105,8.21,2355,95,False,5.60333319973946,0
2526,O=C(c1cc(Cc2n[nH]c(=O)c3ccccc23)ccc1F)N1CCn2c(nnc2-c2ccc(C3COC3)o2)C1,CHEMBL3105,8.21,2516,19,False,9.02624905848885,0
2210,CC(C)C(=O)N1CCN(C(=O)c2cc(Cn3c(=O)[nH]c(=O)c4ccccc43)ccc2F)C[C@@H]1C,CHEMBL3105,8.21,2568,73,False,6.09924206069927,0
1274,Cn1ccnc1C1c2n[nH]c(=O)c3cc(Cl)cc(c23)NC1c1ccccc1,CHEMBL3105,8.21,1288,8,False,5.293380192814072,0
3250,CCc1cc2ncc(CN3CCN(c4cnc(C(=O)NC)c(F)c4)[C@H](C)C3)cc2[nH]c1=O,CHEMBL3105,8.21,3229,7,False,5.325526399322661,0
1633,O=C1NNc2c3c(nc4cccc1c24)CCCC3,CHEMBL3105,8.21,1635,8,False,5.6534283403630265,0
3258,CCc1cc2ncc(CN3CCN(c4ccc(C(=O)N[C@@H]5CCOC5)nc4)CC3)cc2[nH]c1=O,CHEMBL3105,8.21,2355,95,False,5.263513615263739,0
2202,CC(C)CN1CCN(C(=O)c2cc(Cn3c(=O)[nH]c(=O)c4ccccc43)ccc2F)C[C@@H]1C,CHEMBL3105,8.21,2568,73,False,5.980882122272243,0
3303,CNC(=O)c1ccc(N2CCN(Cc3cnc4cc(C5CC5)c(=O)[nH]c4c3)[C@H]3C[C@H]32)cn1,CHEMBL3105,8.21,3306,9,False,5.227847959269055,0
3259,CCc1cc2ncc(CN3CCN(c4ccc(C(=O)N[C@H]5CCC[C@@H]5O)nc4)CC3)cc2[nH]c1=O,CHEMBL3105,8.21,2355,95,False,5.3704226253808836,0
1766,O=C(c1ccccc1)N1CCN(C(=O)c2cc(Cc3n[nH]c(=O)c4ccccc34)cc(F)c2F)CC1,CHEMBL3105,8.21,401,173,False,8.99166720261179,0
1252,CN(C)Cc1ccc(C2Nc3cccc4c(=O)[nH]nc(c34)C2c2ccc(C(F)(F)F)cc2)cc1,CHEMBL3105,8.2,1244,25,False,5.391176791927411,0
2502,CC1=CSC(NNS(=O)(=O)c2ccc3[nH]c(=O)c(=O)[nH]c3c2)N1C(=O)c1ccccc1,CHEMBL3105,8.2,2503,3,False,5.159420329967082,0
2513,Cn1ccc(-c2nnc3n2CCN(C(=O)c2cc(Cc4n[nH]c(=O)c5ccccc45)ccc2F)C3)n1,CHEMBL3105,8.2,401,173,False,8.270370224310374,0
1566,O=c1[nH][nH]c2c3c([nH]c4cccc1c43)=CC(c1ccccc1)C2,CHEMBL3105,8.2,1574,3,False,6.791489086090692,0
1045,O=C1NCCn2c(-c3ccc(OCCF)cc3)nc3cccc1c32,CHEMBL3105,8.2,1045,4,False,5.700000072802816,0
1576,CC1(C)C=c2[nH][nH]c(=O)c3cccc4[nH]c(c2c43)C1,CHEMBL3105,8.2,1577,2,False,6.562500146683307,0
3029,N#Cc1cnc(N2CCN(Cc3ccc4c5c(c(=O)[nH]c4c3)CCCN5)CC2)cn1,CHEMBL3105,8.2,1374,108,False,6.6083337272207165,0
697,CC(=O)N1CCN(C(=O)c2cc(Cc3c[nH]c(=O)c4cc(Cl)c(Cl)n34)ccc2F)CC1,CHEMBL3105,8.2,704,51,False,9.280000368754076,0
1632,CC1(C)CCc2nc3cccc4c3c(c2C1)NNC4=O,CHEMBL3105,8.2,1635,8,False,5.429268316361678,0
1569,O=c1[nH][nH]c2c3c([nH]c4cc(F)cc1c43)=CCCC2,CHEMBL3105,8.19,singleton,1,True,6.545454403585642,0
3255,CCc1cc2ncc(CN3CCN(c4ccc(C(=O)NC5CCOCC5)nc4)CC3)cc2[nH]c1=O,CHEMBL3105,8.19,2355,95,False,5.270000157058242,0
3257,CCc1cc2ncc(CN3CCN(c4ccc(C(=O)N[C@H]5CCOC5)nc4)CC3)cc2[nH]c1=O,CHEMBL3105,8.19,2355,95,False,5.237837939091719,0
2953,Cc1cc(C#N)ccc1N1CCN(Cc2ccc3c4c(c(=O)[nH]c3c2)CCCN4)CC1,CHEMBL3105,8.19,1374,108,False,7.5330002245009,0
3302,CCc1cc2ncc(CN3CCN(c4ccncn4)CC3)cc2[nH]c1=O,CHEMBL3105,8.19,3282,12,False,5.4938096745435026,0
2948,O=c1[nH]c2cc(CN3CCN(c4ccc(F)cc4)CC3)ccc2c2c1CCCN2,CHEMBL3105,8.19,1374,108,False,8.656874935501255,0
1597,CN(C)CCn1c2c3c([nH][nH]c(=O)c4cc(F)cc1c43)=CC(C)(C)C2,CHEMBL3105,8.19,singleton,1,True,16.270835515422416,0
3249,CNC(=O)c1ccc(N2CCN(Cc3cnc4cc(C)c(=O)[nH]c4c3)CC2)c(C#N)c1,CHEMBL3105,8.19,singleton,1,True,5.460922906663436,0
3297,CCc1cc2ncc(CN3CCN(c4ccc(NC(=O)N5CCOCC5)nc4)CC3)cc2[nH]c1=O,CHEMBL3105,8.19,2355,95,False,5.267368288859109,0
3233,CCc1cc2ncc(CN3CC=C(c4ccc(C(=O)NC)nc4)CC3)cc2[nH]c1=O,CHEMBL3105,8.19,2355,95,False,5.1566665855574385,0
3276,CNC(=O)c1ccc(N2CCN(Cc3cnc4cc(C5CC5)c(=O)[nH]c4c3)C[C@H]2C)cn1,CHEMBL3105,8.18,2355,95,False,5.357333384424845,0
2090,O=C(C1CCCN1)N1C=c2[nH]c3cc(F)cc4c(=O)[nH][nH]c(c2c34)C1,CHEMBL3105,8.18,singleton,1,True,6.380000060043837,0
3002,N#Cc1ccc(N2CC3CCC(C2)N3Cc2ccc3c4c(c(=O)[nH]c3c2)CCCN4)nc1,CHEMBL3105,8.18,3059,2,False,5.901875109930991,0
2978,O=C(NC1CC1)c1ccc(N2CCN(Cc3ccc4c5c(c(=O)[nH]c4c3)CCCN5)CC2)cc1F,CHEMBL3105,8.18,2997,7,False,5.620644815466799,0
1221,CNCc1ccc(-c2[nH]c3cc(F)cc4c3c2C(=O)NNC4=O)cc1,CHEMBL3105,8.18,singleton,1,True,8.699999654293071,0
3236,CNC(=O)c1ccc(N2CCN(Cc3ccc4c(c3)[nH]c(=O)c3ccoc34)CC2)cn1,CHEMBL3105,8.18,2355,95,False,5.326911788052108,0
3313,CNC(=O)c1ccc(N2CCN([C@@H](C)c3cnc4cc(C)c(=O)[nH]c4c3)C[C@H]2C)cn1,CHEMBL3105,8.18,3318,5,False,4.9823256090204415,0
2956,CC(=O)c1cc(C#N)ccc1N1CCN(Cc2ccc3c4c(c(=O)[nH]c3c2)CCCN4)CC1,CHEMBL3105,8.18,1374,108,False,6.485600231943138,0
3229,CCc1cc2ncc(CN3CCN(c4ccc(C(=O)NC)nc4C#N)[C@H](C)C3)cc2[nH]c1=O,CHEMBL3105,8.18,3229,7,False,5.126046650185017,0
1587,CC1(C)C=c2[nH][nH]c(=O)c3cccc4c3c2c(n4CCN2CCCC2)C1,CHEMBL3105,8.18,1624,12,False,17.280016479507875,0
3292,CNC(=O)c1ccc(N2CCN(Cc3cnc4c(C)c(C)c(=O)[nH]c4c3)CC2)cn1,CHEMBL3105,8.18,2355,95,False,5.448548481381585,0
2950,N#Cc1ccc(N2CCN(Cc3ccc4c5c(c(=O)[nH]c4c3)CCCN5)CC2)c(F)c1,CHEMBL3105,8.18,1374,108,False,6.73391304347826,0
2967,CCNC(=O)c1ccc(N2CCN(Cc3ccc4c5c(c(=O)[nH]c4c3)CCCN5)CC2)c(F)c1,CHEMBL3105,8.18,1374,108,False,6.050000360608122,0
2991,Cc1cc(F)cnc1N1CCN(Cc2ccc3c4c(c(=O)[nH]c3c2)CCCN4)CC1,CHEMBL3105,8.18,1374,108,False,7.260000432729747,0
3239,CNC(=O)c1ccc(N2CCN(Cc3ccc4c5c(c(=O)[nH]c4c3)CCO5)CC2)cn1,CHEMBL3105,8.17,2355,95,False,5.474848470015466,0
212,O=c1[nH]nc(Cc2ccc(F)c(-n3c(O)cc(-c4ccccc4)c3O)c2)c2ccccc12,CHEMBL3105,8.17,209,10,False,7.4817079261681565,0
1563,O=c1[nH][nH]c2c3c([nH]c4cccc1c43)=CCCC2,CHEMBL3105,8.17,1562,4,False,6.565531515231141,0
735,CC(C)NCc1ccc(-n2cc3cccc(C(N)=O)c3n2)cc1,CHEMBL3105,8.17,580,33,False,5.940000354051611,0
2620,CC1CN(C(=O)c2ccc(-c3nc4c(C(N)=O)cccc4[nH]3)cc2F)CCN1C(=O)c1ccc(Cl)o1,CHEMBL3105,8.16,2621,5,False,5.485714178947251,0
2209,CC(C)C(=O)N1CCN(C(=O)c2cc(Cn3c(=O)[nH]c(=O)c4ccccc43)ccc2F)C[C@H]1C,CHEMBL3105,8.16,2568,73,False,6.025757216594458,0
2971,CCNC(=O)c1ccc(N2CCN(Cc3ccc4c5c(c(=O)[nH]c4c3)CCCN5)CC2)c(Cl)c1,CHEMBL3105,8.16,1374,108,False,6.133332927138745,0
365,Cn1nc(-c2cccs2)c2c3c(c(=O)[nH]c21)CCCC3,CHEMBL3105,8.16,360,4,False,28.594986364847966,0
2594,Cc1cc(C)c(CNC(=O)c2cc(-c3ccc(-c4nc5c(C(N)=O)cccc5[nH]4)cc3)cc3c2cnn3C(C)C)c(=O)[nH]1,CHEMBL3105,8.16,2594,2,False,5.790638180374832,0
3316,CNC(=O)c1ccc(N2CCN([C@@H](C)c3cnc4cc(C)c(=O)[nH]c4c3)CC2)cn1,CHEMBL3105,8.15,3318,5,False,4.993888975706091,0
1561,CC1CN(C(=O)c2cc(Cc3n[nH]c(=O)c4ccccc34)ccc2F)Cc2nnc(CF)n21,CHEMBL3105,8.15,401,173,False,8.087045246398098,0
2252,O=c1[nH]nc(CCCCCCc2ccc(/C=C/C(O)=NO)cc2)c2ccc(F)cc12,CHEMBL3105,8.15,singleton,1,True,5.555873078950319,0
1556,C[C@H]1CN(C(=O)c2cc(Cc3n[nH]c(=O)c4ccccc34)ccc2F)Cc2nnc(C(F)(F)F)n21,CHEMBL3105,8.15,401,173,False,7.998222391726652,0
3025,N#Cc1cccnc1N1CCN(Cc2ccc3c4c(c(=O)[nH]c3c2)CCCN4)CC1,CHEMBL3105,8.15,1374,108,False,6.650434782608698,0
388,O=C(c1cc(Cc2n[nH]c(=O)c3ccccc23)ccc1F)N1CCCN(CCO)CC1,CHEMBL3105,8.15,401,173,False,8.610525883598035,0
809,CC(C)(C)OC(=O)C1CCCN1C(=O)CCC(=O)c1ccc2[nH]c3c4c(c5c(O)[nH]c(O)c5c3c2c1)=CCC=4,CHEMBL3105,8.15,800,16,False,4.936315829736375,0
797,O=C(CN1CCCC1C(=O)O)c1ccc2[nH]c3c4c(c5c(O)[nH]c(O)c5c3c2c1)=CCC=4,CHEMBL3105,8.15,800,16,False,5.118750305101294,0
1765,CC(=O)N1CCN(C(=O)c2cc(Cc3n[nH]c(=O)c4ccccc34)cc(F)c2F)CC1,CHEMBL3105,8.15,401,173,False,9.2083338821928,0
3135,NC(=O)c1ccc(N2CCN(C(=O)CCc3nc(=O)c4ccccc4[nH]3)CC2)c(Cl)c1,CHEMBL3105,8.15,3135,8,False,10.387692307692308,0
3166,N#Cc1ccc(N2CCN(C(=O)CCc3nc(=O)c4c(F)cccc4[nH]3)C(CO)C2)nc1,CHEMBL3105,8.15,3165,5,False,5.004588358122176,0
3149,Cc1cccc2c(=O)[nH]c(CCC(=O)N3CCN(c4ccc(C#N)cn4)CC3)nc12,CHEMBL3105,8.15,3144,37,False,6.1316129032258075,0
3151,N#Cc1ccc(N2CCN(C(=O)CCc3nc(=O)c4cc(F)ccc4[nH]3)CC2)nc1,CHEMBL3105,8.15,3144,37,False,8.560000000000002,0
2974,CCNC(=O)c1ccc(N2CCN(Cc3ccc4c5c(c(=O)[nH]c4c3)CCCN5)CC2)c(Br)c1,CHEMBL3105,8.15,1374,108,False,5.975000356137775,0
2977,CCNC(=O)c1ccc(N2CCN(Cc3ccc4c5c(c(=O)[nH]c4c3)CCCN5)CC2)cc1F,CHEMBL3105,8.15,1374,108,False,5.975000356137775,0
3024,N#Cc1ccnc(N2CCN(Cc3ccc4c5c(c(=O)[nH]c4c3)CCCN5)CC2)c1,CHEMBL3105,8.15,1374,108,False,6.844091317030543,0
248,CCN1CCCN(C(=O)c2cc(Cc3n[nH]c(=O)c4ccccc34)ccc2F)CC1,CHEMBL3105,8.15,401,173,False,8.732703195076718,0
250,O=C(c1cc(Cc2n[nH]c(=O)c3ccccc23)ccc1F)N1CCCNCC1,CHEMBL3105,8.15,401,173,False,9.894445034199327,0
593,O=C1NCC2c3c(cccc31)CCN2C(=O)c1ccc(Cl)cc1,CHEMBL3105,8.15,586,37,False,6.1800000000000015,0
605,O=C1NCC2c3c(cccc31)CCN2C(=O)Cc1ccc(Br)cc1,CHEMBL3105,8.15,586,37,False,6.842143061054612,0
3003,N#Cc1ccc(N2C[C@@H]3C[C@H]2CN3Cc2ccc3c4c(c(=O)[nH]c3c2)CCCN4)cc1F,CHEMBL3105,8.15,3065,7,False,5.0578124340536315,0
2097,CNCCn1c2c3c([nH][nH]c(=O)c4cccc1c43)=CC(C)(C)C2,CHEMBL3105,8.15,1624,12,False,7.772143088770773,0
2339,O=c1[nH]c(CCCN2CCN(c3ccc(F)cc3F)CC2)nc2c(Cl)cccc12,CHEMBL3105,8.15,singleton,1,True,5.444090982839344,0
1551,CN(C)C1(C(=O)N2CCN(C(=O)c3cc(Oc4n[nH]c(=O)c5ccccc45)ccc3F)CC2)CCC1,CHEMBL3105,8.15,1547,8,False,6.102539867296367,0
3220,CNC(=O)c1ccc(N2CCN(Cc3ccc4nc(CC(F)(F)F)c(=O)[nH]c4c3)CC2)cn1,CHEMBL3105,8.15,2355,95,False,5.487000018688612,0
3210,CNC(=O)c1ccc(N2CCN(Cc3ccc4nc(C(F)(F)F)c(=O)[nH]c4c3)CC2)c(F)n1,CHEMBL3105,8.15,3202,14,False,5.631818059751814,0
3209,CNC(=O)c1ccc(N2CCN(Cc3ccc4nc(C(F)(F)F)c(=O)[nH]c4c3)CC2)c(Cl)n1,CHEMBL3105,8.15,3202,14,False,5.60940286530873,0
1602,CC(C)N1C=c2[nH]c3cccc4c(=O)[nH][nH]c(c2c34)C1,CHEMBL3105,8.15,1608,10,False,12.541666168305632,0
3206,CCc1nc2ccc(CN3CCN(c4ccc(C(=O)NC)nc4C)CC3)cc2[nH]c1=O,CHEMBL3105,8.15,3202,14,False,5.313610917562511,0
1581,O=C(OCc1ccccc1)N1C=c2[nH]c3cc(F)cc4c(=O)[nH][nH]c(c2c34)C1,CHEMBL3105,8.15,2095,2,False,7.817441253638947,0
2608,O=C(c1cc(Cc2n[nH]c(=O)c3ccccc23)ccc1F)N1CCN(c2ccc3c(OCCn4nc(N5CCOCC5)ccc4=O)ccnc3c2)CC1,CHEMBL3105,8.15,2607,14,False,7.965000474751022,0
667,NC1CCN(C(=O)c2cc(Cc3c[nH]c(=O)c4cc(Cl)c(Cl)n34)ccc2F)CC1,CHEMBL3105,8.15,704,51,False,7.370833186888036,0
2858,O=C(c1cc(Cc2n[nH]c(=O)c3ccccc23)ccc1C(F)(F)F)N1CCN(c2ccc3[nH]nnc3n2)CC1,CHEMBL3105,8.15,2859,4,False,6.7449124217642495,0
3282,CCc1cc2ncc(CN3CCN(c4ccccn4)CC3)cc2[nH]c1=O,CHEMBL3105,8.15,3282,12,False,5.696551536805004,0
2888,CNC(=O)c1cnc(N2CCN(c3nc4c(C(N)=O)cc(F)cc4[nH]3)CC2)cn1,CHEMBL3105,8.15,2880,26,False,5.125373052254795,0
2889,CCNC(=O)c1cnc(N2CCN(c3nc4c(C(N)=O)cc(F)cc4[nH]3)CC2)cn1,CHEMBL3105,8.15,2880,26,False,5.168823647209313,0
3280,CNC(=O)c1ccc2c(n1)OC[C@@H]1CN(Cc3cnc4cc(C5CC5)c(=O)[nH]c4c3)CCN21,CHEMBL3105,8.15,3280,2,False,5.148795099377997,0
3260,CCc1cc2ncc(CN3CCN(c4ccc(C(=O)NCCC#N)nc4)CC3)cc2[nH]c1=O,CHEMBL3105,8.14,2355,95,False,5.221971866056764,0
3314,CNC(=O)c1ccc(N2CCN([C@H](C)c3cnc4cc(C)c(=O)[nH]c4c3)C[C@H]2C)cn1,CHEMBL3105,8.14,3318,5,False,4.933953515728982,0
3268,Cc1cc2ncc(CN3CCN(c4ccc(C(=O)NC5CC5)nc4)CC3)cc2[nH]c1=O,CHEMBL3105,8.14,2355,95,False,5.415312520173612,0
3077,N#Cc1ccc(N2C[C@@H]3C[C@H]2CN3Cc2cc(F)c3c4c(c(=O)[nH]c3c2)CCCN4)nc1,CHEMBL3105,8.14,3061,4,False,5.005074724823365,0
2610,O=C(c1cc(Cc2n[nH]c(=O)c3ccccc23)ccc1F)N1CCN(c2ccc3c(OCCn4nc(-c5ccc(C(F)(F)F)cc5)ccc4=O)ccnc3c2)CC1,CHEMBL3105,8.14,2607,14,False,10.261177837725095,0
364,Cn1nc(-c2ccccc2)c2c1NC(=O)C1CCCCC21,CHEMBL3105,8.14,singleton,1,True,5.050322658328437,0
1647,CC1(C(=O)N2CCc3c(nc4cccc5c4c3NNC5=O)C2)CC1,CHEMBL3105,8.14,1644,4,False,5.1335999632816325,0
3226,CCc1cc2ncc(CN3CCN(c4ccc(C(=O)NC)nc4C#N)CC3)cc2[nH]c1=O,CHEMBL3105,8.14,2355,95,False,5.289189291435758,0
2080,NC(=O)c1cc(Cl)c2cc(-c3cc4c(s3)CCNC4)cnn12,CHEMBL3105,8.14,2084,6,False,5.375000320374986,0
3067,O=c1[nH]c2cc(CN3CCN(c4ccccn4)CC3)cc(F)c2c2c1CCCN2,CHEMBL3105,8.14,3069,15,False,5.89599943771368,0
2102,NC(=O)c1cccc2cc(C(=O)N3CCN(c4nc(-c5cnc(N)cc5C(F)(F)F)nc(N5CCOCC5)n4)CC3)oc12,CHEMBL3105,8.14,2102,3,False,5.43016940923814,0
683,CN(C)C(=O)N1CCN(C(=O)c2cc(Cc3c[nH]c(=O)c4cc(Cl)c(Cl)n34)ccc2F)CC1,CHEMBL3105,8.14,704,51,False,6.867693000432374,0
3247,CNC(=O)c1ccc(N2CCN(Cc3cnc4cc(C)c(=O)[nH]c4c3)CC2)cn1,CHEMBL3105,8.14,2355,95,False,5.507666535353664,0
3285,CCc1nc2cnc(CN3CCN(c4ccc(C(=O)NC)nc4)CC3)cc2[nH]c1=O,CHEMBL3105,8.14,2355,95,False,5.415312520173612,0
1609,CC(C)(C)C(=O)N1C=c2[nH]c3cc(F)cc4c(=O)[nH][nH]c(c2c34)C1,CHEMBL3105,8.14,1612,17,False,7.4134888859050845,0
2975,O=C(NC1CC1)c1ccc(N2CCN(Cc3ccc4c5c(c(=O)[nH]c4c3)CCCN5)CC2)c(Br)c1,CHEMBL3105,8.14,2997,7,False,5.527741595376441,0
1619,CC(C)(N)C(=O)N1C=c2[nH]c3cccc4c(=O)[nH][nH]c(c2c34)C1,CHEMBL3105,8.14,1608,10,False,9.481935903188733,0
2954,COc1cc(C#N)ccc1N1CCN(Cc2ccc3c4c(c(=O)[nH]c3c2)CCCN4)CC1,CHEMBL3105,8.13,1374,108,False,6.517499805763372,0
2514,Cn1cc(-c2nnc3n2CCN(C(=O)c2cc(Cc4n[nH]c(=O)c5ccccc45)ccc2F)C3)cn1,CHEMBL3105,8.13,401,173,False,8.843750197673224,0
3315,CCNC(=O)c1ccc(N2CCN(Cc3cnc4cc(C5CC5)c(=O)[nH]c4c3)CC2)n(C)c1=O,CHEMBL3105,8.13,singleton,1,True,5.2259999065518405,0
2997,O=C(NC1CC1)c1ccc(N2CCN(Cc3ccc4c5c(c(=O)[nH]c4c3)CCCN5)CC2)nc1,CHEMBL3105,8.13,2997,7,False,5.504515790353852,0
3037,COc1cc(N2CCN(Cc3ccc4c5c(c(=O)[nH]c4c3)CCCN5)CC2)ncc1C#N,CHEMBL3105,8.13,1374,108,False,6.056666265549512,0
3271,CNC(=O)c1ccc(N2CCN(Cc3cnc4cc(C)c(=O)[nH]c4c3)C[C@H]2C)c(C#N)n1,CHEMBL3105,8.13,3229,7,False,5.075529383291754,0
3088,N#Cc1cnc(N2CCN(C(=O)c3ccc4c5c(c(=O)[nH]c4c3)CCCN5)CC2)s1,CHEMBL3105,8.13,3088,3,False,4.984799964345933,0
3078,O=c1[nH]c2cc(CN3CCN(c4cnccn4)CC3)cc(F)c2c2c1CCCN2,CHEMBL3105,8.13,3069,15,False,5.560999977902572,0
1232,O=C(c1ccc(I)cc1)N1CCN(C(=O)c2cc(Cc3n[nH]c(=O)c4ccccc34)ccc2F)CC1,CHEMBL3105,8.13,401,173,False,8.818333858946993,0
1271,O=c1[nH]nc2c3c(cccc13)NC(c1ccc(F)cc1)C2c1nccs1,CHEMBL3105,8.13,1290,16,False,5.249999715523304,0
3066,O=c1[nH]c2cc(CN3CCN(c4ccc([N+](=O)[O-])cc4F)CC3)cc(F)c2c2c1CCCN2,CHEMBL3105,8.13,2924,48,False,5.401714304112416,0
3281,O=C(NC1COC1)c1ccc(N2CCN(Cc3cnc4cc(C5CC5)c(=O)[nH]c4c3)CC2)cn1,CHEMBL3105,8.12,2355,95,False,5.113923911730502,0
3288,CCc1cc2ncc(CN3CCN(c4ccc(C(=O)NC)nc4)[C@@H]4C[C@@H]43)cc2[nH]c1=O,CHEMBL3105,8.12,2355,95,False,4.993333251229648,0
2964,CCNC(=O)c1ccc(N2CCN(Cc3ccc4c5c(c(=O)[nH]c4c3)CCCN5)CC2)c(C)c1,CHEMBL3105,8.12,1374,108,False,6.172307579108244,0
3031,COc1ccc(N2CCN(Cc3ccc4c5c(c(=O)[nH]c4c3)CCCN5)CC2)nn1,CHEMBL3105,8.12,1374,108,False,7.316000218033795,0
1282,Cn1ncnc1C1c2n[nH]c(=O)c3cc(F)cc(c23)NC1c1cncnc1,CHEMBL3105,8.12,1290,16,False,6.865453503821661,0
1645,O=C1NNc2c3c(nc4cccc1c24)CNCC3,CHEMBL3105,8.12,1635,8,False,5.60777772206951,0
1723,NC(=O)c1cc(F)cc2[nH]c(C(=O)N3CCC(NC4CCCCC4)CC3)nc12,CHEMBL3105,8.12,1721,4,False,7.451999644660961,0
1564,CC1C=c2[nH][nH]c(=O)c3cccc4[nH]c(c2c43)C1,CHEMBL3105,8.12,1579,6,False,9.343999999999998,0
3049,Cc1noc2ccc(N3CCN(Cc4ccc5c6c(c(=O)[nH]c5c4)CCCN6)CC3)cc12,CHEMBL3105,8.12,1374,108,False,6.489999806582932,0
2540,CCN1CCN(C(=O)c2cc(Cn3c(=O)[nH]c(=O)c4ccccc43)ccc2F)CC1=O,CHEMBL3105,8.12,2568,73,False,5.993333248278452,0
3234,CCc1cc2ccc(CN3CCN(c4ccc(C#N)cn4)CC3)cc2[nH]c1=O,CHEMBL3105,8.11,2347,7,False,5.518253853395264,0
2951,N#Cc1ccc(N2CCN(Cc3ccc4c5c(c(=O)[nH]c4c3)CCCN5)CC2)c(Cl)c1,CHEMBL3105,8.11,1374,108,False,6.729545855657644,0
2965,Cc1cc(C(=O)NC2CC2)ccc1N1CCN(Cc2ccc3c4c(c(=O)[nH]c3c2)CCCN4)CC1,CHEMBL3105,8.11,1374,108,False,5.8750003501773085,0
2686,CC1CN(C(=O)c2cc(Cc3n[nH]c(=O)c4ccccc34)ccc2F)Cc2nnc(-c3nccn3C)n21,CHEMBL3105,8.11,2688,22,False,7.7625000771135095,0
269,O=C(c1cccc(Cc2n[nH]c(=O)c3ccccc23)c1)N1CCCN(S(=O)(=O)c2cccc(C(F)(F)F)c2)CC1,CHEMBL3105,8.1,269,2,False,6.358033184491341,0
551,CNCc1ccc(-n2cc3c(F)ccc(C(N)=O)c3n2)cc1,CHEMBL3105,8.1,580,33,False,8.151817740103454,0
258,COc1cccc(CCC(=O)N2CCCN(C(=O)c3cccc(Cc4n[nH]c(=O)c5ccccc45)c3)CC2)c1,CHEMBL3105,8.1,421,39,False,6.329332905774676,0
274,O=C(NCCc1cccs1)C1CCN(C(=O)c2cccc(Cc3n[nH]c(=O)c4ccccc34)c2)CC1,CHEMBL3105,8.1,421,39,False,6.358033184491341,0
1544,CCC(CC)C(=O)N1CCN(C(=O)c2cc(Oc3n[nH]c(=O)c4ccccc34)ccc2F)CC1,CHEMBL3105,8.1,1547,8,False,6.268965311084441,0
856,O=C(c1ccc2[nH]c(=O)c3c(c2c1)CCSC3)N1CCNCC1,CHEMBL3105,8.1,853,23,False,7.444444148628811,0
3072,O=c1[nH]c2cc(CN3CCN(c4ccc(F)cc4)CC3)cc(F)c2c2c1CCCN2,CHEMBL3105,8.1,2924,48,False,5.527742041767452,0
3278,CCc1cc2ncc(CN3CCN(c4ccc(C(=O)NC)nc4C#N)[C@H]4C[C@H]43)cc2[nH]c1=O,CHEMBL3105,8.1,3306,9,False,4.899574387308807,0
264,O=C(c1cccc(Cc2n[nH]c(=O)c3ccccc23)c1)N1CCc2ccccc2C1,CHEMBL3105,8.1,421,39,False,8.186315827995456,0
2861,O=C(c1cc(Cc2n[nH]c(=O)c3ccccc23)ccc1C(F)(F)F)N1CCN(c2cc3[nH]cnc3cn2)CC1,CHEMBL3105,8.1,2859,4,False,6.573558897014625,0
586,O=C1NCC2c3c(cccc31)CCN2C(=O)Cc1ccccc1,CHEMBL3105,8.1,586,37,False,7.174399828948979,0
259,CC1CCN(C(=O)C2CCN(C(=O)c3cccc(Cc4n[nH]c(=O)c5ccccc45)c3)CC2)CC1,CHEMBL3105,8.1,421,39,False,6.812548510042938,0
794,CN(CC(=O)O)CC(=O)C1CCc2nc3c4cccc4c4c(=O)[nH]c(=O)c4c3c2C1,CHEMBL3105,8.1,789,9,False,5.2181819312828654,0
374,O=C(c1cccc(Cc2n[nH]c(=O)c3ccccc23)c1)N1CCN(C(=O)N2CCOCC2)CC1,CHEMBL3105,8.1,421,39,False,9.10000054240229,0
2970,CNC(=O)c1ccc(N2CCN(Cc3ccc4c5c(c(=O)[nH]c4c3)CCCN5)CC2)c(Cl)c1,CHEMBL3105,8.1,1374,108,False,6.271200224275597,0
384,O=C(c1cc(Cc2n[nH]c(=O)c3ccccc23)ccc1F)N1CCCN(C(=O)N2CCOCC2)CC1,CHEMBL3105,8.1,401,173,False,8.390769038411998,0
3150,N#Cc1ccc(N2CCN(C(=O)CCc3nc(=O)c4c(F)cccc4[nH]3)CC2)nc1,CHEMBL3105,8.1,3144,37,False,5.409091231497868,0
421,O=C(c1cccc(Cc2n[nH]c(=O)c3ccccc23)c1)N1CCN(C(=O)C2CCCC2)CC1,CHEMBL3105,8.1,421,39,False,7.536922489461154,0
375,CCS(=O)(=O)N1CCN(C(=O)c2cc(Cc3n[nH]c(=O)c4ccccc34)ccc2F)CC1,CHEMBL3105,8.1,401,173,False,8.753333855072688,0
1882,Cc1c(-c2nc3c(C(N)=O)cc(F)cc3[nH]2)sc2c1CCNC2,CHEMBL3105,8.1,1895,18,False,4.944915474043338,0
1648,CC1(C)C(C(=O)N2CCc3c(nc4cccc5c4c3NNC5=O)C2)C1(C)C,CHEMBL3105,8.1,1644,4,False,5.064705811322355,0
2351,CCc1cc2ccc(CN3CCN(c4cnc(C(=O)NC)nc4)CC3)cc2[nH]c1=O,CHEMBL3105,8.1,2355,95,False,5.482500020423904,0
3230,CCc1cc2ncc(CN3CCN(c4cnc(C(=O)NC)c(F)c4)CC3)cc2[nH]c1=O,CHEMBL3105,8.1,2355,95,False,5.2292956868477996,0
1988,Nc1ccc(-c2nc3c(c(N4CCOCC4)n2)CCN(C(=O)c2cc(Cc4n[nH]c(=O)c5ccccc45)ccc2F)C3)cn1,CHEMBL3105,8.1,1983,12,False,6.948135551104289,0
2894,NC(=O)c1cc(F)cc2[nH]c(N3CCN(c4ccc(C(F)(F)F)nn4)CC3)nc12,CHEMBL3105,8.1,2880,26,False,5.354999900255354,0
2904,CN(C)C(=O)c1ncc(N2CCN(c3nc4c(C(N)=O)cc(F)cc4[nH]3)CC2)cn1,CHEMBL3105,8.1,2880,26,False,5.094922927418549,0
2849,O=C(c1cc(Cc2n[nH]c(=O)c3ccccc23)ccc1F)N1CCN(c2cnc3[nH]cnc3c2)CC1,CHEMBL3105,8.1,401,173,False,7.728695972637341,0
328,Cc1cccc2c(=O)[nH]c(CCCN3CC=C(c4ccc(F)cc4)CC3)nc12,CHEMBL3105,8.1,136,28,False,5.4105885577903265,0
2348,CCc1cc2ccc(CN3CCN(c4ccc(F)cc4F)CC3)cc2[nH]c1=O,CHEMBL3105,8.1,singleton,1,True,5.627586021831577,0
2899,CN(C)C(=O)c1cnc(N2CCN(c3nc4c(C(N)=O)cc(F)cc4[nH]3)CC2)cn1,CHEMBL3105,8.1,2880,26,False,5.061940217449661,0
256,COc1ccc(NC(=O)N2CCCN(C(=O)c3cccc(Cc4n[nH]c(=O)c5ccccc45)c3)CC2)cc1,CHEMBL3105,8.1,421,39,False,6.329332905774676,0
2092,O=c1[nH][nH]c2c3c([nH]c4cc(F)cc1c43)=CN(S(=O)(=O)C1CC1)C2,CHEMBL3105,8.1,1612,17,False,6.166215938081537,0
2200,CCCN1CCN(C(=O)c2cc(Cn3c(=O)[nH]c(=O)c4ccccc43)ccc2F)C[C@@H]1C,CHEMBL3105,8.09,2568,73,False,5.951999650691127,0
3058,O=c1[nH]c2cc(CN3C4CCC3CN(c3cnccn3)C4)ccc2c2c1CCCN2,CHEMBL3105,8.09,3060,2,False,5.016000179386146,0
3004,N#Cc1ccc(N2C[C@@H]3C[C@H]2CN3Cc2ccc3c4c(c(=O)[nH]c3c2)CCCN4)nc1,CHEMBL3105,8.09,3061,4,False,4.827209248795518,0
2523,CNCC(F)(F)c1ccc(-c2nnc3n2CCN(C(=O)c2cc(Cc4n[nH]c(=O)c5ccccc45)ccc2F)C3)o1,CHEMBL3105,8.09,2516,19,False,9.187199123840413,0
660,O=C(c1cc(Cc2c[nH]c(=O)c3cc(Cl)c(Cl)n23)ccc1F)N1CCC2(CCN2)CC1,CHEMBL3105,8.09,704,51,False,7.905000235587362,0
2253,COC1CN(C(=O)c2cc(Cc3n[nH]c(=O)c4ccccc34)ccc2F)C1,CHEMBL3105,8.09,401,173,False,8.914848404338429,0
3253,CCc1cc2ncc(CN3CCN(c4ccc(C(=O)NCCOC)nc4)CC3)cc2[nH]c1=O,CHEMBL3105,8.08,2355,95,False,5.178260976921185,0
3270,CCc1cc2ncc(CN3CCN(c4ccc(C(=O)NC)c(=O)n4C)CC3)cc2[nH]c1=O,CHEMBL3105,8.08,2355,95,False,5.295652283702774,0
3284,CNC(=O)c1ccc(N2CCN(Cc3cnc4c5c(c(=O)[nH]c4c3)CCC5)CC2)cn1,CHEMBL3105,8.08,2355,95,False,5.7423213857877995,0
156,COc1ccc(C2=CCN(CCCc3nc(=O)c4ccccc4[nH]3)CC2)cc1,CHEMBL3105,8.08,158,5,False,12.688001285648477,1
2503,CC(=O)C1=C(C)N(C(=O)c2ccccc2)C(NNS(=O)(=O)c2ccc3[nH]c(=O)c(=O)[nH]c3c2)S1,CHEMBL3105,8.08,2503,3,False,4.957777827028876,0
2290,C[C@H]1CCC[C@]2(C)CC3OC(=O)C(CNCCCC(=O)N4CCN(C(=O)c5cc(Cc6n[nH]c(=O)c7ccccc67)ccc5F)CC4)C3C=C12,CHEMBL3105,8.08,2295,14,False,10.34000123262419,0
3279,CNC(=O)c1ccc2c(n1)OC[C@@H]1CN(Cc3cnc4cc(C)c(=O)[nH]c4c3)CCN21,CHEMBL3105,8.08,3280,2,False,5.0007317291268425,0
3033,N#Cc1cnc(N2CCN(Cc3ccc4c5c(c(=O)[nH]c4c3)CCCN5)CC2)c(Cl)c1,CHEMBL3105,8.08,1374,108,False,5.978461935922266,0
1613,CCCN1C=c2[nH]c3cccc4c(=O)[nH][nH]c(c2c34)C1,CHEMBL3105,8.08,1608,10,False,7.636923240326804,0
3309,CCc1cc2ncc(CN3CCN(c4ccc(C(=O)NC)c(=O)n4C)[C@@H]4C[C@@H]43)cc2[nH]c1=O,CHEMBL3105,8.07,3306,9,False,5.047882335242517,0
3319,CCc1cc2ncc(CN3CCN(c4cccnc4C#N)CC3)cc2[nH]c1=O,CHEMBL3105,8.07,3282,12,False,5.338636435956257,0
1964,O=C(c1cc(Cc2n[nH]c(=O)c3ccccc23)ccc1F)N1CCn2c(nnc2C2CC2)C1,CHEMBL3105,8.07,401,173,False,9.065453759500873,0
3264,CCc1cc2ncc(CN3CCN(c4ccc(C(=O)N[C@H](C)COC)nc4)CC3)cc2[nH]c1=O,CHEMBL3105,8.07,2355,95,False,5.115000152438884,0
2995,CNC(=O)c1ccc(N2CCN(Cc3ccc4c5c(c(=O)[nH]c4c3)CCCN5)CC2)nc1,CHEMBL3105,8.07,1374,108,False,6.0415383507373095,0
33,O=C(CCn1c2c(c(=O)[nH]c1=O)CSCC2)NCC(=O)c1ccc2ccccc2c1,CHEMBL3105,8.07,26,23,False,4.955921079839098,0
2522,NCC(F)(F)c1ccc(-c2nnc3n2CCN(C(=O)c2cc(Cc4n[nH]c(=O)c5ccccc45)ccc2F)C3)o1,CHEMBL3105,8.07,2516,19,False,9.533749005552481,0
3069,O=c1[nH]c2cc(CN3CCN(c4ccc(F)cn4)CC3)cc(F)c2c2c1CCCN2,CHEMBL3105,8.07,3069,15,False,8.128000000000004,0
1600,O=c1[nH][nH]c2c3c([nH]c4cc(F)cc1c43)=CNC2,CHEMBL3105,8.07,1612,17,False,6.510968242688968,0
3320,Cc1cnc(N2CCN(Cc3cnc4cc(C5CC5)c(=O)[nH]c4c3)CC2)n1C,CHEMBL3105,8.06,singleton,1,True,5.474561357710978,0
1649,O=C1NNc2c3c(nc4cccc1c24)CN(Cc1ccccc1)CC3,CHEMBL3105,8.06,singleton,1,True,5.232888694814996,0
336,O=c1[nH]c(C2=C[C@@H](N3CCC(c4ccccc4)CC3)CC2)nc2c(Cl)cccc12,CHEMBL3105,8.06,330,6,False,9.473333709769799,0
2653,NC(=O)c1cccc2[nH]c(-c3ccc(C(=O)NC4CCN(C(=O)c5ccc(Cl)o5)C4)cc3)nc12,CHEMBL3105,8.06,2653,2,False,6.583448194675015,0
2122,Nc1ncc(-c2nc(N3CCOCC3)c3sc(CN4CCN(C(=O)c5cc(Cc6n[nH]c(=O)c7ccccc67)ccc5F)CC4)cc3n2)cn1,CHEMBL3105,8.06,1983,12,False,6.587187708583086,0
2499,Cc1cc(=O)[nH]n1S(=O)(=O)c1ccc2[nH]c(=O)c(=O)[nH]c2c1,CHEMBL3105,8.06,singleton,1,True,4.890454472581095,0
2341,Cc1cnc(N2CCN(Cc3ccc4c(c3)[nH]c(=O)c3ccccc34)CC2)n1C,CHEMBL3105,8.05,2347,7,False,5.507666535353665,0
3240,CCc1cc2ncc(CN3CCN(c4ccc(-c5ncc[nH]5)nc4)CC3)cc2[nH]c1=O,CHEMBL3105,8.05,2355,95,False,5.1814284831893715,0
2344,Cc1cnc(N2CCN(Cc3ccc4c5c(c(=O)[nH]c4c3)CCCC5)CC2)n1C,CHEMBL3105,8.05,2347,7,False,6.030612494313991,0
625,CN(C)C(=O)CCC(=O)N1CCc2cccc3c2C1CNC3=O,CHEMBL3105,8.05,586,37,False,6.279000374257589,0
607,N#Cc1ccc(CC(=O)N2CCc3cccc4c3C2CNC4=O)cc1,CHEMBL3105,8.05,586,37,False,6.598620689655175,0
2893,NC(=O)c1cc(F)cc2[nH]c(N3CCN(c4cnc(C(=O)N5CCOCC5)cn4)CC3)nc12,CHEMBL3105,8.05,2880,26,False,4.87027786244604,0
2898,NC(=O)c1cc(F)cc2[nH]c(N3CCN(c4cnc(C(F)(F)F)cn4)CC3)nc12,CHEMBL3105,8.05,2880,26,False,5.248431225334489,0
2902,CNC(=O)c1ncc(N2CCN(c3nc4c(C(N)=O)cc(F)cc4[nH]3)CC2)cn1,CHEMBL3105,8.05,2880,26,False,5.031076775445887,0
2903,CCNC(=O)c1ncc(N2CCN(c3nc4c(C(N)=O)cc(F)cc4[nH]3)CC2)cn1,CHEMBL3105,8.05,2880,26,False,5.190793793213765,0
2340,Cc1cnc(N2CCN(CCCc3nc(=O)c4cccc(Cl)c4[nH]3)CC2)n1C,CHEMBL3105,8.05,singleton,1,True,5.7640742903931566,0
249,CN1CCCN(C(=O)c2cc(Cc3n[nH]c(=O)c4ccccc34)ccc2F)CC1,CHEMBL3105,8.05,401,173,False,9.036176898298505,0
2844,Cc1nc2ccc(N3CCN(C(=O)c4cc(Cc5n[nH]c(=O)c6ccccc56)ccc4F)CC3)nc2[nH]1,CHEMBL3105,8.05,401,173,False,7.555532010711662,0
659,O=C(c1cc(Cc2c[nH]c(=O)c3cc(Cl)c(Cl)n23)ccc1F)N1CCC2(CC1)NCNC2=O,CHEMBL3105,8.05,704,51,False,5.445810661672289,0
3041,CCOC(=O)c1cnc(N2CCN(Cc3ccc4c5c(c(=O)[nH]c4c3)CCCN5)CC2)s1,CHEMBL3105,8.05,1374,108,False,5.725000341236614,0
590,O=C1NCC2c3c(cccc31)CCN2C(=O)Oc1ccccc1,CHEMBL3105,8.05,586,37,False,6.07500036209824,0
1580,O=C(OCc1ccccc1)N1C=c2[nH]c3cccc4c(=O)[nH][nH]c(c2c34)C1,CHEMBL3105,8.05,1608,10,False,10.055172083125541,0
726,NC(=O)c1cccc2cn(-c3ccc(C4CCNCC4)cc3)nc12,CHEMBL3105,8.05,563,13,False,5.585454545454547,0
3203,CCc1nc2ccc(CN3CCN(c4ccc(C(=O)NC)nc4C(F)(F)F)CC3)cc2[nH]c1=O,CHEMBL3105,8.05,3202,14,False,5.556515482709284,0
2622,NC(=O)c1cccc2[nH]c(-c3ccc(C(=O)NC4CCN(c5ccco5)C4)c(F)c3)nc12,CHEMBL3105,8.05,2624,2,False,5.440217616878081,0
257,COc1cc(C(=O)N2CCCN(C(=O)c3cccc(Cc4n[nH]c(=O)c5ccccc45)c3)CC2)cc(Cl)n1,CHEMBL3105,8.05,421,39,False,6.2893221228511775,0
221,O=C1N=C(CCCN2CC=C(c3ccccc3)CC2)NC2CCSCC12,CHEMBL3105,8.05,223,6,False,11.54750034414233,0
1545,O=C(c1cc(Oc2n[nH]c(=O)c3ccccc23)ccc1F)N1CCN(C(=O)N2CCCCC2)CC1,CHEMBL3105,8.05,1547,8,False,6.1987497360898045,0
150,O=c1[nH]c(CCCN2CC=C(c3ccc(F)cc3)CC2)nc2ccccc12,CHEMBL3105,8.05,136,28,False,5.320000115307899,0
808,O=C(CCC(=O)c1ccc2[nH]c3c4c(c5c(O)[nH]c(O)c5c3c2c1)=CCC=4)NCCO,CHEMBL3105,8.05,800,16,False,5.16805545287552,0
2882,N#Cc1cnc(N2CCN(c3nc4c(C(N)=O)cc(F)cc4[nH]3)CC2)nc1,CHEMBL3105,8.05,2880,26,False,5.362499840185052,0
682,CCS(=O)(=O)N1CCN(C(=O)c2cc(Cc3c[nH]c(=O)c4cc(Cl)c(Cl)n34)ccc2F)CC1,CHEMBL3105,8.05,704,51,False,6.075000362098241,0
2552,CC(C)C(C)N1CCN(C(=O)c2cc(Cn3c(=O)[nH]c(=O)c4ccccc43)ccc2F)CC1=O,CHEMBL3105,8.05,2568,73,False,5.8036363636363655,0
260,CN(Cc1ccccc1)C(=O)C1CCN(C(=O)c2cccc(Cc3n[nH]c(=O)c4ccccc34)c2)CC1,CHEMBL3105,8.05,421,39,False,6.57611138693959,0
2558,COC(=O)CN1CCN(C(=O)c2cc(Cn3c(=O)[nH]c(=O)c4ccccc43)ccc2F)CC1=O,CHEMBL3105,8.05,2568,73,False,5.864090559563876,0
262,O=C(c1cccc(Cc2n[nH]c(=O)c3ccccc23)c1)N1CCCNCC1,CHEMBL3105,8.05,421,39,False,6.8162495598631905,0
271,CCC(C)CN(C)C(=O)C1CCN(C(=O)c2cccc(Cc3n[nH]c(=O)c4ccccc34)c2)CC1,CHEMBL3105,8.05,421,39,False,6.356949306672695,0
2879,NC(=O)c1cc(F)cc2[nH]c(N3CCN(c4ccncn4)CC3)nc12,CHEMBL3105,8.05,2880,26,False,5.037499924935403,0
3304,Cc1cc2ncc(CN3CCN(c4cnc(C(=O)NC5CC5)c(F)c4)CC3)cc2[nH]c1=O,CHEMBL3105,8.05,3296,4,False,5.1567647284828775,0
1437,O=C1NNc2nc(CN3CCN(c4ccc(Cl)cc4)CC3)nc3cccc1c23,CHEMBL3105,8.05,1472,27,False,5.545184940356461,0
3286,CCc1cc2ncc(CN3CCN(c4ccc(C(=O)NC5COC5)nc4)[C@@H]4C[C@@H]43)cc2[nH]c1=O,CHEMBL3105,8.05,3306,9,False,4.841797662015488,0
2939,O=c1[nH]c2cc(CN3CCN(c4ccccn4)CC3)cc(CO)c2c2c1CCCN2,CHEMBL3105,8.04,3069,15,False,5.640967703974272,0
1610,O=c1[nH][nH]c2c3c([nH]c4cccc1c43)=CN(C1CCCCC1)C2,CHEMBL3105,8.04,singleton,1,True,6.978181855993821,0
2230,CCC(=O)N1CCN(C(=O)c2cc(Cn3c(=O)[nH]c(=O)c4ccccc43)ccc2F)C[C@@H]1CC,CHEMBL3105,8.04,2568,73,False,6.538461418546871,0
1577,CC1(C)C=c2[nH][nH]c(=O)c3c(F)ccc4[nH]c(c2c43)C1,CHEMBL3105,8.04,1577,2,False,5.307317073170731,0
3011,CC1CN(c2ccc(C#N)c(F)c2)CCN1Cc1ccc2c3c(c(=O)[nH]c2c1)CCCN3,CHEMBL3105,8.04,3065,7,False,5.037721306136595,0
2674,CC1CN(C(=O)c2cc(Cc3n[nH]c(=O)c4ccccc34)ccc2F)Cc2nnc(CO)n21,CHEMBL3105,8.04,401,173,False,7.8695452519961915,0
2114,Cc1c(CN2CCN(C(=O)c3cc4cccc(C(N)=O)c4o3)CC2)sc2c(N3CCOCC3)nc(-c3ccc(N)c(F)c3)nc12,CHEMBL3105,8.04,2108,14,False,5.000000298023242,0
760,CCc1cc2cc(C(CCN3CCCCC3)Cc3ccc4c(c3)OCCO4)ccc2[nH]c1=O,CHEMBL3105,8.04,singleton,1,True,4.907532338371447,0
2671,CC1CN(C(=O)c2cc(Cc3n[nH]c(=O)c4ccccc34)ccc2F)Cc2nncn21,CHEMBL3105,8.03,401,173,False,9.691500693190147,0
1267,Cn1ccnc1C1Nc2cccc3c(=O)[nH]nc(c23)C1c1ccccc1,CHEMBL3105,8.03,1244,25,False,6.013461883106017,0
2481,O=C(c1cc(Cc2n[nH]c(=O)c3cc(O)ccc23)ccc1F)N1CCN(C(=O)C2CC2)CC1,CHEMBL3105,8.03,401,173,False,10.440000414848361,0
2038,O=c1[nH]c(SCCN2CCN(c3ccccn3)CC2)nc2ccccc12,CHEMBL3105,8.03,2043,4,False,6.206086506194594,0
3061,N#Cc1ccc(N2C[C@@H]3C[C@H]2CN3Cc2ccc3c4c(c(=O)[nH]c3c2)CCCN4)c(F)c1,CHEMBL3105,8.03,3061,4,False,4.911562435960514,0
1986,Nc1cc(C(F)(F)F)c(-c2nc(N3CCOCC3)nc(N3CCN(C(=O)c4cc(Cc5n[nH]c(=O)c6ccccc56)ccc4F)CC3)n2)cn1,CHEMBL3105,8.02,1983,12,False,6.7913792196142975,0
215,CN1CC(=O)N(c2cc(Cc3n[nH]c(=O)c4ccccc34)ccc2F)C(=O)C1,CHEMBL3105,8.02,209,10,False,7.273846687452366,0
2981,CCNC(=O)c1ccc(N2CCN(Cc3ccc4c5c(c(=O)[nH]c4c3)CCCN5)CC2)cc1Cl,CHEMBL3105,8.02,1374,108,False,5.650000336766262,0
1250,CC(C)c1ccc(C2c3n[nH]c(=O)c4cccc(c34)NC2c2ccc(CN(C)C)cc2)cc1,CHEMBL3105,8.02,1244,25,False,5.54400033044817,0
2973,CNC(=O)c1ccc(N2CCN(Cc3ccc4c5c(c(=O)[nH]c4c3)CCCN5)CC2)c(Br)c1,CHEMBL3105,8.01,1374,108,False,5.884615276692184,0
211,CC1(C)CC(=O)N(c2cc(Cc3n[nH]c(=O)c4ccccc34)ccc2F)C1=O,CHEMBL3105,8.01,209,10,False,7.017857112978794,0
629,CCN1CCCC12CCN(C(=O)c1cc(Cc3n[nH]c(=O)c(C)c3C)ccc1F)CC2,CHEMBL3105,8.01,630,29,False,6.348214664097366,0
2571,O=C(c1cc(Cn2c(=O)[nH]c(=O)c3ccccc32)ccc1F)N1CC(=O)N2CCCCC2C1,CHEMBL3105,8.01,2568,73,False,6.1600004895528535,0
1021,O=C(CCc1nc(=O)c2ccccc2[nH]1)N1CCN(C(=O)c2cccs2)CC1,CHEMBL3105,8.01,1020,7,False,6.112799708518996,0
1772,O=C(c1cc(Cc2n[nH]c(=O)c3ccccc23)cc(F)c1F)N1CCN(CC2CC2)CC1,CHEMBL3105,8.01,401,173,False,8.436818616118087,0
2560,O=C1CN(C(=O)c2cc(Cn3c(=O)[nH]c(=O)c4ccccc43)ccc2F)CCN1CC1CC1,CHEMBL3105,8.01,2568,73,False,9.599999999999994,0
2554,CC(C)=CCN1CCN(C(=O)c2cc(Cn3c(=O)[nH]c(=O)c4ccccc43)ccc2F)CC1=O,CHEMBL3105,8.01,2568,73,False,5.805302684280027,0
2985,O=C(NC1CC1)c1cc(F)c(N2CCN(Cc3ccc4c5c(c(=O)[nH]c4c3)CCCN5)CC2)c(F)c1,CHEMBL3105,8.01,2997,7,False,5.431034415783129,0
2472,O=c1[nH]nc(Cc2ccccc2)c2c(O)cccc12,CHEMBL3105,8.01,186,6,False,5.895000351369402,0
2096,CC1(C(=O)N2C=c3[nH]c4cc(F)cc5c(=O)[nH][nH]c(c3c45)C2)CC1,CHEMBL3105,8.01,1612,17,False,6.4474509502511355,0
90,O=c1[nH]c2cc(S(=O)(=O)O)ccc2c2ccc(F)cc12,CHEMBL3105,8.0,singleton,1,True,6.230400059417725,0
2091,NC1(C(=O)N2C=c3[nH]c4cc(F)cc5c(=O)[nH][nH]c(c3c45)C2)CC1,CHEMBL3105,8.0,1612,17,False,6.264150957485755,0
1651,NCCOc1c(-c2ccc(Br)cc2)[nH]c(=O)c2cc(F)ccc12,CHEMBL3105,8.0,1651,17,False,5.7966673576832655,0
2036,NC(=O)c1cccc2[nH]c(CN3CCC(C(=O)Nc4cc5ccccc5cn4)CC3)nc12,CHEMBL3105,8.0,singleton,1,True,5.499215634858229,0
801,O=C(CCC(=O)N1CCCCC1)c1ccc2[nH]c3c4c(c5c(O)[nH]c(O)c5c3c2c1)=CCC=4,CHEMBL3105,8.0,800,16,False,10.600008213526424,0
380,O=C(c1cccc(Cc2n[nH]c(=O)c3ccccc23)c1)N1CCN(c2ccccn2)CC1,CHEMBL3105,8.0,421,39,False,6.599999803304678,0
3161,C[C@H]1CN(c2ccc(C#N)cn2)CCN1C(=O)CCc1nc(=O)c2ccccc2[nH]1,CHEMBL3105,8.0,3144,37,False,5.336609996969902,0
563,NC(=O)c1cccc2cn(-c3ccc(NC(=O)C4CNC4)cc3)nc12,CHEMBL3105,8.0,563,13,False,5.41826068702628,0
2854,O=C(c1cccc(Cc2n[nH]c(=O)c3ccccc23)c1)N1CCN(c2ccc3[nH]c(C(F)(F)F)nc3n2)CC1,CHEMBL3105,8.0,2855,5,False,6.200656125469279,0
804,CC(C)(C)OC(=O)N1CCN(C(=O)CCC(=O)C2CCc3nc4c5cccc5c5c(=O)[nH]c(=O)c5c4c3C2)CC1,CHEMBL3105,8.0,789,9,False,5.12195113388149,0
1592,O=c1[nH][nH]c2c3c(n(CCN4CCCCC4)c4cccc1c34)=CCC2,CHEMBL3105,8.0,1596,4,False,8.89777754206717,0
1554,CC1CN(C(=O)c2cc(Cc3n[nH]c(=O)c4ccccc34)ccc2F)Cc2nnc(C(F)(F)F)n21,CHEMBL3105,8.0,401,173,False,7.704889052176774,0
570,NC(=O)c1cccc2cn(-c3ccc(NC(=O)CN4CCCC4)cc3)nc12,CHEMBL3105,8.0,563,13,False,15.00001430512838,0
1562,O=c1[nH][nH]c2c3c([nH]c4cccc1c43)=CCC2,CHEMBL3105,8.0,1562,4,False,6.4,0
566,CN1CCC(C(=O)Nc2ccc(-n3cc4cccc(C(N)=O)c4n3)cc2)CC1,CHEMBL3105,8.0,563,13,False,5.448124898520766,0
575,NC(=O)c1cccc2cn(-c3ccc(C(=O)NCc4ccncc4)cc3)nc12,CHEMBL3105,8.0,580,33,False,5.499999836087231,0
1488,O=C(NCC1=Nc2cccc3c(=O)[nH]nc(c23)N1)c1ccc([N+](=O)[O-])cc1,CHEMBL3105,8.0,singleton,1,True,5.226666666666667,0
579,CN(C)CCNC(=O)c1ccc(-n2cc3cccc(C(N)=O)c3n2)cc1,CHEMBL3105,8.0,579,5,False,5.520217205330539,0
253,CCCN1CCCN(C(=O)c2cccc(Cc3n[nH]c(=O)c4ccccc34)c2)CC1,CHEMBL3105,8.0,421,39,False,6.516153950721204,0
3277,CCc1cc2ncc(CN3CCN(c4ccc(NC(=O)C5CC5)nc4)CC3)cc2[nH]c1=O,CHEMBL3105,8.0,2355,95,False,5.085555606076012,0
1753,O=C(Nc1cncc(Cn2c(=O)[nH]c(=O)c3ccccc32)c1)C1CCNC1,CHEMBL3105,8.0,1752,2,False,5.178285731922851,0
761,O=c1[nH]c(NCCN2CCN(c3[nH]nc4ccccc34)CC2)nc2ccccc12,CHEMBL3105,8.0,singleton,1,True,5.6751850849578105,0
182,O=c1[nH]c2c(c3ccccc13)Cc1cc(S(=O)(=O)NCCCN3CCOCC3)c(F)cc1-2,CHEMBL3105,8.0,180,3,False,8.503845413038077,0
2885,CNC(=O)c1cnc(N2CCN(c3nc4c(C(N)=O)cc(F)cc4[nH]3)CC2)nc1,CHEMBL3105,8.0,2880,26,False,5.339062291159651,0
193,COc1ccc(-n2cc(C(=O)Nc3cccc(Cc4n[nH]c(=O)c5ccccc45)c3)c(C)n2)cc1,CHEMBL3105,8.0,singleton,1,True,6.261786020868759,0
1658,N#Cc1cccc(-c2[nH]c(=O)c3cc(F)ccc3c2OCCN)c1,CHEMBL3105,8.0,1651,17,False,5.039999921894075,0
1656,NCCOc1c(-c2ccc(Cl)cc2)[nH]c(=O)c2cc(F)ccc12,CHEMBL3105,8.0,1651,17,False,6.799999999999997,0
501,CN1CCCN(C(=O)c2cc3[nH]c(=O)c4ccccc4n3n2)CC1,CHEMBL3105,8.0,472,8,False,23.186669430733062,0
609,O=C1NCC2c3c(cccc31)CCN2C(=O)Cc1ccncc1,CHEMBL3105,8.0,586,37,False,6.642222090253127,0
3013,C[C@H]1CN(c2ccc(C#N)c(F)c2)CCN1Cc1ccc2c3c(c(=O)[nH]c2c1)CCCN3,CHEMBL3105,7.99,3065,7,False,4.975063080935892,0
1640,O=C1NNc2c3c(nc4c(Cl)ccc1c24)CCCC3,CHEMBL3105,7.99,1640,2,False,27.69000165045271,0
1631,O=C(c1cc(Cc2n[nH]c(=O)c3ccccc23)ccc1F)N1CCn2nc(C(F)(F)F)nc2C1,CHEMBL3105,7.99,401,173,False,8.803635600381714,0
3062,O=c1[nH]c2cc(CN3C[C@@H]4C[C@H]3CN4c3ccc([N+](=O)[O-])cc3F)ccc2c2c1CCCN2,CHEMBL3105,7.99,3061,4,False,5.153799926274301,0
3036,N#Cc1cc(N2CCN(Cc3ccc4c5c(c(=O)[nH]c4c3)CCCN5)CC2)ncc1Cl,CHEMBL3105,7.99,1374,108,False,5.7465388435804545,0
2972,O=C(NC1CC1)c1ccc(N2CCN(Cc3ccc4c5c(c(=O)[nH]c4c3)CCCN5)CC2)c(Cl)c1,CHEMBL3105,7.98,2997,7,False,5.253999634643423,0
3027,COc1ccnc(N2CCN(Cc3ccc4c5c(c(=O)[nH]c4c3)CCCN5)CC2)c1,CHEMBL3105,7.98,1374,108,False,6.882000205099591,0
1048,NC(=O)c1cccc2[nH]c(-c3ccc(OCCF)cc3)nc12,CHEMBL3105,7.97,1170,19,False,7.264583315291546,0
2103,NC(=O)c1cccc2cc(C(=O)N3CCN(c4nc(-c5ccc(N)nc5)nc(N5CCOCC5)n4)CC3)oc12,CHEMBL3105,7.97,2102,3,False,5.3614813867943125,0
370,O=C(c1ccccc1)N1CCN(C(=O)c2cccc(Cc3n[nH]c(=O)c4ccccc34)c2)CC1,CHEMBL3105,7.96,401,173,False,7.057142376413184,0
3244,CCc1cc2ncc(CN3CCC(c4cnc(C(=O)NC)c(F)c4)CC3)cc2[nH]c1=O,CHEMBL3105,7.96,3296,4,False,4.9664,0
2961,N#Cc1ccc(N2CCN(Cc3ccc4c5c(c(=O)[nH]c4c3)CCCN5)CC2)cc1Cl,CHEMBL3105,7.96,1374,108,False,6.121739130434783,0
3208,CNC(=O)c1ccc(N2CCN(Cc3ccc4nc(C(F)(F)F)c(=O)[nH]c4c3)CC2)cn1,CHEMBL3105,7.96,2355,95,False,5.372727156276548,0
1468,O=C1NNc2nc(CN3CCCN(S(=O)(=O)c4cccc(C(F)(F)F)c4)CC3)nc3cccc1c23,CHEMBL3105,7.96,1472,27,False,5.160845157073337,0
2014,CCNCc1ccc(-c2nc3cncc4c3n2CCNC4=O)cc1,CHEMBL3105,7.96,2019,11,False,5.223829840232259,0
3322,O=C(NC1CC1)c1ccc(N2CCN(Cc3cnc4c(c3)[nH]c(=O)c3ccoc34)CC2)cn1,CHEMBL3105,7.96,singleton,1,True,4.911111219527793,0
2949,Cc1cc(F)ccc1N1CCN(Cc2ccc3c4c(c(=O)[nH]c3c2)CCCN4)CC1,CHEMBL3105,7.96,1374,108,False,7.3333330419328595,0
3157,N#Cc1ccc(N2CCN(C(=O)CCc3nc(=O)c4sccc4[nH]3)CC2)nc1,CHEMBL3105,7.96,3144,37,False,5.304000316143053,0
3177,C[C@H]1CN(c2ccc(C#N)cn2)CCN1C(=O)CCc1nc(=O)c2c(F)c(F)ccc2[nH]1,CHEMBL3105,7.96,3165,5,False,4.7878205823352635,0
1591,O=c1[nH][nH]c2c3c(n(CCN4CCCC4)c4cccc1c34)=CCC2,CHEMBL3105,7.96,1596,4,False,9.56250056996945,0
1605,CN(C)CCn1c2c3c4c(cccc41)C(=O)NN=C3CN(C(=O)C1CC1)C2,CHEMBL3105,7.96,1607,2,False,4.808571367154316,0
1608,CC(C)(C)C(=O)N1C=c2[nH]c3cccc4c(=O)[nH][nH]c(c2c34)C1,CHEMBL3105,7.96,1608,10,False,9.973332804927148,0
623,O=C1NCC2c3c(cccc31)CCN2C(=O)CN1CCN(c2ccccc2)CC1,CHEMBL3105,7.96,586,37,False,6.134687260038344,0
1116,O=C(c1csc(Cc2n[nH]c(=O)c3ccccc23)c1)N1CCN(C(=O)c2cccs2)CC1,CHEMBL3105,7.96,1115,9,False,5.917241671195935,0
2976,CNC(=O)c1ccc(N2CCN(Cc3ccc4c5c(c(=O)[nH]c4c3)CCCN5)CC2)cc1F,CHEMBL3105,7.96,1374,108,False,5.753846048321247,0
2572,O=c1[nH]c(CCCN2CCN(c3ccccc3)CC2)nc2cccc(Cl)c12,CHEMBL3105,7.96,914,2,False,6.571764821090502,0
616,O=C1NCC2c3c(cccc31)CCN2C(=O)C1CCCC1,CHEMBL3105,7.96,586,37,False,6.264138317281109,0
2850,O=C(c1cc(Cc2n[nH]c(=O)c3ccccc23)ccc1F)N1CCN(c2ncc3[nH]cnc3n2)CC1,CHEMBL3105,7.96,401,173,False,7.385106476635458,0
588,O=C1NCC2c3c(cccc31)CCN2C(=O)Nc1ccccc1,CHEMBL3105,7.96,586,37,False,6.049032258064516,0
1585,CC1(C)C=c2[nH][nH]c(=O)c3cc(F)cc4[nH]c(c2c43)C1O,CHEMBL3105,7.96,1584,2,False,5.8975003515184135,0
1764,O=C(c1cc(Cc2n[nH]c(=O)c3ccccc23)cc(F)c1F)N1CCN(C(=O)C2CC2)CC1,CHEMBL3105,7.95,401,173,False,8.90476200586003,0
2944,Cc1cc(C#N)ccc1N1CCN(Cc2cc(CO)c3c4c(c(=O)[nH]c3c2)CCCN4)CC1,CHEMBL3105,7.94,2924,48,False,5.639999327659689,0
2941,O=c1[nH]c2cc(CN3CCN(c4ccc(F)cn4)CC3)cc(CO)c2c2c1CCCN2,CHEMBL3105,7.94,3069,15,False,5.3241789908015065,0
3076,N#Cc1ccc(N2CCN(Cc3cc(F)c4c5c(c(=O)[nH]c4c3)CCCN5)CC2)c(F)c1,CHEMBL3105,7.94,2924,48,False,5.1882351940684694,0
2958,N#Cc1cc(F)c(N2CCN(Cc3ccc4c5c(c(=O)[nH]c4c3)CCCN5)CC2)c(F)c1,CHEMBL3105,7.94,1374,108,False,6.436190951157085,0
1584,CC1(C)C=c2[nH][nH]c(=O)c3cc(F)cc4[nH]c(c2c43)C1=O,CHEMBL3105,7.94,1584,2,False,5.911764747337488,0
3085,COc1cc(C#N)ccc1N1CCN(Cc2cc(F)c3c4c(c(=O)[nH]c3c2)CCCN4)CC1,CHEMBL3105,7.93,2924,48,False,5.159027658193662,0
2542,CCCN1CCN(C(=O)c2cc(Cn3c(=O)[nH]c(=O)c4ccccc43)ccc2F)CC1=O,CHEMBL3105,7.93,2568,73,False,6.720000000000009,0
329,Cc1cccc2c(=O)[nH]c(C3=CC(N4CCN(c5ccc(Cl)cc5)CC4)CC3)nc12,CHEMBL3105,7.92,330,6,False,4.906818097622517,0
26,O=C(CCn1c2c(c(=O)[nH]c1=O)CSCC2)NCC(=O)c1ccc(N2CCCC2)cc1,CHEMBL3105,7.92,26,23,False,4.772368447252465,0
3291,CNC(=O)c1ccc2c(c1F)OC[C@@H]1CN(Cc3cnc4cc(C)c(=O)[nH]c4c3)CCN21,CHEMBL3105,7.92,singleton,1,True,4.94399976425172,0
2269,NC(=O)c1cccc2[nH]c(-c3ccc(OCCCCC(O)=NO)cc3)nc12,CHEMBL3105,7.92,2272,9,False,31.199977684036938,0
3290,CCc1cc2ncc(CN3CCN(c4ccc(-n5cccn5)nc4)CC3)cc2[nH]c1=O,CHEMBL3105,7.92,2355,95,False,5.086956627202172,0
3231,CCc1cc2ncc(CN3CCN(c4ccc(C(=O)NC)nc4C4CC4)CC3)cc2[nH]c1=O,CHEMBL3105,7.92,2355,95,False,5.006756853543556,0
147,O=c1[nH]c(CCCN2CCC3=C(CCc4ccccc43)C2)nc2ccccc12,CHEMBL3105,7.92,singleton,1,True,5.226666666666667,0
1714,NC(=O)c1cc(F)cc2[nH]c(C(=O)N3CCC(N)C3)nc12,CHEMBL3105,7.92,1717,11,False,5.1200000000000045,0
404,NC(=O)c1cc(F)ccc1OCc1ccc(F)c(C(=O)N2CCN(C(=O)C3CCCC3)CC2)c1,CHEMBL3105,7.92,417,5,False,5.076164250931303,0
162,O=c1[nH]c(CCCN2CC=C(c3ccc(-[n+]4ccccc4)cc3)CC2)nc2ccccc12,CHEMBL3105,7.92,136,28,False,4.973913249717102,0
204,O=c1[nH]nc(Cc2cccc(-n3c(O)ccc3O)c2)c2ccccc12,CHEMBL3105,7.92,209,10,False,6.399999745686859,0
649,Cc1c(Cc2ccc(F)c(C(=O)N3CCN(C(=O)C4(C)CCCCN4)CC3)c2)n[nH]c(=O)c1C,CHEMBL3105,7.92,630,29,False,20.046661090587484,0
2892,NC(=O)c1cc(F)cc2[nH]c(N3CCN(c4cnc(C(=O)N5CCCC5)cn4)CC3)nc12,CHEMBL3105,7.92,2880,26,False,5.014285775280556,0
2804,COc1ccc2c(c1)C(=O)N(C[C@@]1(C#Cc3ccc(CC4(C)NC(=O)NC4=O)cc3)NC(=O)NC1=O)C2,CHEMBL3105,7.92,singleton,1,True,4.691147366797729,0
2373,CCc1cc2ncc(CN3CC4(CCN(c5ccc(C(=O)NC)nc5)CC4)C3)cc2[nH]c1=O,CHEMBL3105,7.92,2355,95,False,9.315555555555559,0
556,CNCc1ccc(-n2cc3cccc(C(N)=O)c3n2)cc1O,CHEMBL3105,7.92,580,33,False,5.653333333333333,0
376,CCS(=O)(=O)N1CCN(C(=O)c2cccc(Cc3n[nH]c(=O)c4ccccc34)c2)CC1,CHEMBL3105,7.92,421,39,False,6.538367012895596,0
541,CN1CCCC(C(=O)Nc2ccc(-n3cc4cc(F)cc(C(N)=O)c4n3)cc2F)C1,CHEMBL3105,7.92,542,5,False,4.80853342504883,0
3153,N#Cc1ccc(N2CCN(C(=O)CCc3nc(=O)c4cccc(F)c4[nH]3)CC2)nc1,CHEMBL3105,7.92,3144,37,False,4.836363924633389,0
3163,C[C@H]1CN(c2ccc(C#N)cn2)CCN1C(=O)CCc1nc(=O)c2c(F)cccc2[nH]1,CHEMBL3105,7.92,3165,5,False,4.803658557535637,0
155,O=c1[nH]c(CCCN2CC=C(c3ccc(O)cc3)CC2)nc2ccccc12,CHEMBL3105,7.92,136,28,False,5.096000161997481,0
3162,C[C@H]1CN(c2ccc(C#N)cn2)CCN1C(=O)CCc1nc(=O)c2cc(F)ccc2[nH]1,CHEMBL3105,7.92,3165,5,False,4.763291211117539,0
1622,CC(C)(N)C(=O)N1C=c2[nH]c3cc(F)cc4c(=O)[nH][nH]c(c2c34)C1,CHEMBL3105,7.92,1612,17,False,6.672340696308083,0
22,O=C(CCn1c2c(c(=O)[nH]c1=O)CSCC2)NCC(=O)c1ccc(-c2cccnc2)cc1,CHEMBL3105,7.92,26,23,False,4.65180714540081,0
1438,O=C1NNc2nc(CN3CC=C(c4ccccc4)CC3)nc3cccc1c23,CHEMBL3105,7.92,1472,27,False,5.0042555222310625,0
2886,CNC(=O)c1ccc(N2CCN(c3nc4c(C(N)=O)cc(F)cc4[nH]3)CC2)nn1,CHEMBL3105,7.92,singleton,1,True,4.888732464135913,0
1459,O=C1NNc2nc(CN3Cc4ccccc4C3)nc3cccc1c23,CHEMBL3105,7.92,1472,27,False,5.403243121383313,0
3248,CNC(=O)c1ccc(N2CCN(Cc3cnc4cc(C)c(=O)[nH]c4c3)CC2)c(C#N)n1,CHEMBL3105,7.92,3229,7,False,5.061044780621817,0
3298,CCc1cc2ncc(CN3CCN(c4ccc(NC(=O)OC5COC5)nc4)CC3)cc2[nH]c1=O,CHEMBL3105,7.92,2355,95,False,4.9000001347982005,0
675,O=C(c1cc(Cc2c[nH]c(=O)c3cc(Cl)c(Cl)n23)ccc1F)N1CCN(c2cccnc2)CC1,CHEMBL3105,7.92,704,51,False,5.4147220249906445,0
813,CN1N=C(c2ccc3[nH]c4c5c(c6c(O)[nH]c(O)c6c4c3c2)=CCC=5)CCC1=O,CHEMBL3105,7.92,813,2,False,5.005713944727084,0
799,CCN(CC)C(=O)CCC(=O)C1CCc2nc3c4cccc4c4c(=O)[nH]c(=O)c4c3c2C1,CHEMBL3105,7.92,789,9,False,5.026666666666666,0
367,O=C(c1cc(Cc2n[nH]c(=O)c3ccccc23)ccc1F)N1CCN(CCO)CC1,CHEMBL3105,7.92,401,173,False,8.628234870590575,0
2984,CCNC(=O)c1cc(F)c(N2CCN(Cc3ccc4c5c(c(=O)[nH]c4c3)CCCN5)CC2)c(F)c1,CHEMBL3105,7.92,1374,108,False,5.649230665624497,0
1174,NC(=O)c1cccc2[nH]c(-c3ccc(-c4ccc(C(=O)N5CCCC5)nc4)cc3)nc12,CHEMBL3105,7.92,1170,19,False,8.064,0
382,O=C(c1cc(Cc2n[nH]c(=O)c3ccccc23)ccc1F)N1CCCN(C(=O)C2CC2)CC1,CHEMBL3105,7.92,401,173,False,9.756875835985483,0
796,CC(C)(C)OC(=O)C1CCCN1CC(=O)C1CCc2nc3c4cccc4c4c(=O)[nH]c(=O)c4c3c2C1,CHEMBL3105,7.92,789,9,False,5.006264938006194,0
795,COC(=O)C1CCCN1CC(=O)C1CCc2nc3c4cccc4c4c(=O)[nH]c(=O)c4c3c2C1,CHEMBL3105,7.92,789,9,False,4.959036066231388,0
267,Cc1noc(C)c1S(=O)(=O)N1CCCN(C(=O)c2cccc(Cc3n[nH]c(=O)c4ccccc34)c2)CC1,CHEMBL3105,7.92,269,2,False,5.91062512110337,0
766,O=c1[nH]c2c(Cc3nn[nH]n3)c3ccccc3n2c2ccccc12,CHEMBL3105,7.92,singleton,1,True,4.784225319981741,0
589,O=C1NCC2c3c(cccc31)CCN2C(=O)NCc1ccccc1,CHEMBL3105,7.92,586,37,False,6.114483135639582,0
383,CC(=O)N1CCCN(C(=O)c2cc(Cc3n[nH]c(=O)c4ccccc34)ccc2F)CC1,CHEMBL3105,7.92,401,173,False,8.492000303697598,0
2591,COc1cc(-c2nc3c(C(N)=O)cccc3[nH]2)cc(Br)c1OS(=O)(=O)c1ccccc1C,CHEMBL3105,7.91,2592,4,False,5.441176413355403,0
3008,C[C@@H]1CN(c2ccc(C#N)cc2F)CCN1Cc1ccc2c3c(c(=O)[nH]c2c1)CCCN3,CHEMBL3105,7.91,2924,48,False,4.874809920614766,0
3034,N#Cc1cnc(Cl)cc1N1CCN(Cc2ccc3c4c(c(=O)[nH]c3c2)CCCN4)CC1,CHEMBL3105,7.91,1374,108,False,5.540384983721066,0
1848,O=C(c1cc(Cc2n[nH]c(=O)c3ccccc23)ccc1F)N1CC2(C1)CN(C(=O)C1CC1)C2,CHEMBL3105,7.9,401,173,False,18.112501079589197,2
1453,O=C1NNc2nc(CN3CCN(c4ccccn4)CC3)nc3cccc1c23,CHEMBL3105,7.89,1472,27,False,5.098571568461236,0
2860,COc1ccc(Cc2n[nH]c(=O)c3ccccc23)cc1C(=O)N1CCN(c2cc3[nH]cnc3cn2)CC1,CHEMBL3105,7.89,2860,2,False,6.090328083088956,0
811,NC(=O)C1CCCN1C(=O)CCC(=O)c1ccc2[nH]c3c4c(c5c(O)[nH]c(O)c5c3c2c1)=CCC=4,CHEMBL3105,7.89,800,16,False,5.85000034868719,0
3246,CCc1cc2ncc(CN3CC(Oc4ccc(C(=O)NC)nc4)C3)cc2[nH]c1=O,CHEMBL3105,7.89,2355,95,False,5.654736274444556,0
723,CCN1CCC(Oc2ccc3[nH]c(=O)c4c(c3c2)CCSC4)C1,CHEMBL3105,7.89,710,13,False,5.107619424542088,0
1477,CC(C)(C)c1ccc(S(=O)(=O)N2CCN(CC3=Nc4cccc5c(=O)[nH]nc(c45)N3)CC2)cc1,CHEMBL3105,7.89,1463,14,False,4.891249923065513,0
596,CCN(CC)Cc1ccc(C(=O)N2CCc3cccc4c3C2CNC4=O)cc1,CHEMBL3105,7.89,594,4,False,5.559677269698186,0
1549,O=C(c1cc(Oc2n[nH]c(=O)c3ccccc23)ccc1F)N1CCN(C(=O)C2CCC(F)(F)CC2)CC1,CHEMBL3105,7.89,1547,8,False,5.839180590326969,0
1464,O=C1NNc2nc(CN3CCC(c4c[nH]c5ccccc45)CC3)nc3cccc1c23,CHEMBL3105,7.89,singleton,1,True,4.791341484311186,0
163,O=c1[nH]c(CCCN2CC=C(c3ccc(F)cc3)CC2)nc2c(Cl)cccc12,CHEMBL3105,7.89,136,28,False,4.920428625894932,0
197,O=C(Nc1cccc(Cc2n[nH]c(=O)c3ccccc23)c1)C(F)(F)F,CHEMBL3105,7.89,188,13,False,6.762750483709608,0
205,O=C1C=CC(=O)N1c1cccc(Cc2n[nH]c(=O)c3ccccc23)c1,CHEMBL3105,7.89,186,6,False,6.202325650174402,0
608,O=C1NCC2c3c(cccc31)CCN2C(=O)Cc1ccccn1,CHEMBL3105,7.89,586,37,False,5.8425806451612905,0
322,O=C(CBr)c1ccc2[nH]c3c4c(c5c(O)[nH]c(O)c5c3c2c1)=CCC=4,CHEMBL3105,7.89,800,16,False,5.5659257784792455,0
3232,CCc1cc2ncc(CN3CCN(c4ccc(C(=O)NC)c(F)c4)CC3)cc2[nH]c1=O,CHEMBL3105,7.89,2355,95,False,5.0309999100387115,0
690,O=C(c1cc(Cc2c[nH]c(=O)c3cc(Cl)c(Cl)n23)ccc1F)N1CCN(CCO)CC1,CHEMBL3105,7.89,704,51,False,5.675385187857305,0
401,CN1CCN(C(=O)c2cc(Cc3n[nH]c(=O)c4ccccc34)ccc2F)CC1,CHEMBL3105,7.89,401,173,False,9.319667074029994,0
790,O=C(CN1CCOCC1)c1ccc2[nH]c3c4c(c5c(O)[nH]c(O)c5c3c2c1)=CCC=4,CHEMBL3105,7.89,800,16,False,4.954285376801805,0
2994,O=c1[nH]c2cc(CN3CCN(c4ncc(Cl)cc4Cl)CC3)ccc2c2c1CCCN2,CHEMBL3105,7.89,1374,108,False,6.288571892644306,0
2243,CCC1C(=O)N(C)c2cnc(N(C)c3ccc(-c4nc5c(C(N)=O)cccc5[nH]4)cc3OC)nc2N1C1CCCC1,CHEMBL3105,7.89,2242,17,False,6.812902806626422,0
803,O=C(CCC(=O)N1CCOCC1)c1ccc2[nH]c3c4c(c5c(O)[nH]c(O)c5c3c2c1)=CCC=4,CHEMBL3105,7.89,800,16,False,4.7913160750583765,0
2525,CP(C)(=O)c1ccc(-c2nnc3n2CCN(C(=O)c2cc(Cc4n[nH]c(=O)c5ccccc45)ccc2F)C3)o1,CHEMBL3105,7.89,2516,19,False,10.50695619499301,0
2016,CNCc1ccc(-c2nc3cncc4c3n2CCNC4=O)cc1,CHEMBL3105,7.89,2019,11,False,5.1866666666666665,0
693,CCCCN1CCN(C(=O)c2cc(Cc3c[nH]c(=O)c4cc(Cl)c(Cl)n34)ccc2F)CC1,CHEMBL3105,7.89,704,51,False,5.361999872159961,0
784,O=c1[nH]c(CCCCN2CC=C(c3ccc(F)cc3)CC2)nc2c(Cl)cccc12,CHEMBL3105,7.89,784,2,False,4.824246504440342,0
612,Cc1c(CC(=O)N2CCc3cccc4c3C2CNC4=O)sc2ccccc12,CHEMBL3105,7.89,586,37,False,5.396817889385988,0
2099,CC1(C)C(=O)c2[nH]c3cc(F)cc4c(=O)nnc(c2c34)=C1O,CHEMBL3105,7.88,singleton,1,True,4.729374911908527,0
2685,CC1CN(C(=O)c2cc(Cc3n[nH]c(=O)c4ccccc34)ccc2F)Cc2nnc(-c3c[nH]cn3)n21,CHEMBL3105,7.88,2688,22,False,7.040784379555052,0
2030,O=C(NC1CCN(CC2CC2)C1)c1cc(Cn2c(=O)[nH]c(=O)c3ccccc32)ccc1F,CHEMBL3105,7.88,singleton,1,True,5.964561715364546,0
1760,O=C(Nc1cc(Cn2c(=O)[nH]c(=O)c3ccccc32)cnc1F)C1CCN(Cc2ccccc2)C1,CHEMBL3105,7.88,1747,14,False,9.72272595563721,0
2988,O=c1[nH]c2cc(CN3CCN(c4ncccc4C(F)(F)F)CC3)ccc2c2c1CCCN2,CHEMBL3105,7.87,1374,108,False,6.029245296580039,0
2515,Cc1cccc(-c2nnc3n2CCN(C(=O)c2cc(Cc4n[nH]c(=O)c5ccccc45)ccc2F)C3)n1,CHEMBL3105,7.87,401,173,False,8.206999853247405,0
2231,CC[C@@H]1CN(C(=O)c2cc(Cn3c(=O)[nH]c(=O)c4ccccc43)ccc2F)CCN1C(=O)C1CC1,CHEMBL3105,7.87,2568,73,False,10.285000613033807,0
2226,CC[C@H]1CN(C(=O)c2cc(Cn3c(=O)[nH]c(=O)c4ccccc43)ccc2F)CCN1C(C)=O,CHEMBL3105,7.86,2568,73,False,9.082221741028798,0
2161,O=C(c1ccco1)N1CCN(Cc2c(O)cc(O)c3c(=O)cc(-c4ccc(O)cc4)oc23)CC1,CHEMBL3105,7.86,2173,46,False,6.297894618299862,0
1751,O=C(Nc1cc(Cn2c(=O)[nH]c(=O)c3ccccc32)cnc1F)C1CCNC1,CHEMBL3105,7.86,1747,14,False,6.3000003755092875,0
2906,COc1cc(CN2CCN(c3ccc(F)cc3)CC2)cc2[nH]c(=O)c3c(c12)NCCC3,CHEMBL3105,7.86,3069,15,False,5.198769154493346,0
2105,NC(=O)c1cccc2cc(C(=O)N3CCN(c4nc(-c5cnc(NC(=O)CN6CCOCC6)cc5C(F)(F)F)nc(N5CCOCC5)n4)CC3)oc12,CHEMBL3105,7.86,2102,3,False,4.825217341286024,0
2942,N#Cc1ccc(N2CCN(Cc3cc(CO)c4c5c(c(=O)[nH]c4c3)CCCN5)CC2)cc1,CHEMBL3105,7.86,2924,48,False,5.0823528431691125,0
2219,CCCN1CCN(C(=O)c2cc(Cn3c(=O)[nH]c(=O)c4ccccc43)ccc2F)C[C@H]1CC,CHEMBL3105,7.85,2568,73,False,13.371429368427865,0
2211,CC[C@@H]1CN(C(=O)c2cc(Cn3c(=O)[nH]c(=O)c4ccccc43)ccc2F)CCN1,CHEMBL3105,7.85,2568,73,False,5.654920806125483,0
615,Cn1cc(CCC(=O)N2CCc3cccc4c3C2CNC4=O)cn1,CHEMBL3105,7.85,586,37,False,5.347500053122641,0
2890,CC(C)NC(=O)c1cnc(N2CCN(c3nc4c(C(N)=O)cc(F)cc4[nH]3)CC2)cn1,CHEMBL3105,7.85,2880,26,False,4.7850001090502055,0
403,CC(Oc1ccccc1)C(=O)N1CCN(C(=O)c2cc(COc3ccc(F)cc3C(N)=O)ccc2F)CC1,CHEMBL3105,7.85,singleton,1,True,4.971298628182633,0
1611,CC(C)(C)CCN1C=c2[nH]c3cccc4c(=O)[nH][nH]c(c2c34)C1,CHEMBL3105,7.85,1608,10,False,7.497368538652101,0
672,N#Cc1ccc(N2CCN(C(=O)c3cc(Cc4c[nH]c(=O)c5cc(Cl)c(Cl)n45)ccc3F)CC2)nc1,CHEMBL3105,7.85,704,51,False,5.150513056662437,0
3172,N#Cc1cnc(N2CCN(C(=O)CCc3nc(=O)c4ccccc4[nH]3)CC2)cn1,CHEMBL3105,7.85,3144,37,False,5.346922880799114,0
2986,O=c1[nH]c2cc(CN3CCN(c4ccccn4)CC3)ccc2c2c1CCCN2,CHEMBL3105,7.85,1374,108,False,6.8505551245459335,0
1886,NC(=O)c1cc(F)cc2[nH]c(-c3cc4c(s3)C(C3CC3)NCC4)nc12,CHEMBL3105,7.85,1895,18,False,4.760000020634044,0
1899,NC(=O)c1cccc2[nH]c(-c3cc4c(s3)CNCC4)nc12,CHEMBL3105,7.85,1895,18,False,5.33750031813981,0
618,CC(=O)N1CCCC1C(=O)N1CCc2cccc3c2C1CNC3=O,CHEMBL3105,7.85,617,2,False,5.478856993570136,0
591,O=C1NCC2c3c(cccc31)CCN2C(=O)OCc1ccccc1,CHEMBL3105,7.85,586,37,False,5.618918846505154,0
3213,CCCc1nc2ccc(CN3CCN(c4ccc(C(=O)NC)nc4F)CC3)cc2[nH]c1=O,CHEMBL3105,7.85,3202,14,False,4.9578080896401575,0
736,NC(=O)c1cccc2cn(-c3ccc(CNCC(F)F)cc3)nc12,CHEMBL3105,7.85,580,33,False,5.23599995838801,0
251,O=C(c1cccc(Cc2n[nH]c(=O)c3ccccc23)c1)N1CCCN(CC2CC2)CC1,CHEMBL3105,7.85,421,39,False,6.390979914124439,0
2365,CCc1cc2ncc(CN3CCN(c4cc5cccc(C(=O)NC)c5cn4)CC3)cc2[nH]c1=O,CHEMBL3105,7.85,2355,95,False,5.000277595642363,0
2625,CC(C)NCc1ccc(-c2[nH]c3cccc4c3c2C=NNC4=O)cc1,CHEMBL3105,7.85,singleton,1,True,8.119999806404117,0
749,NC(=O)c1cccc2cn(-c3cccc(Cl)c3)nc12,CHEMBL3105,7.85,749,2,False,5.88823523218244,0
692,O=C(c1cc(Cc2c[nH]c(=O)c3cc(Cl)c(Cl)n23)ccc1F)N1CCN(C2CCCCC2)CC1,CHEMBL3105,7.85,704,51,False,8.305556050605276,0
142,Cc1cccc2c(=O)[nH]c(CCCN3CC=C(c4ccccc4)CC3)nc12,CHEMBL3105,7.85,136,28,False,5.432069099493744,0
103,O=C(NCCN1CCOCC1)c1ccc2c(c1)[nH]c(=O)c1cc(F)ccc12,CHEMBL3105,7.85,112,2,False,4.812499928288163,0
694,CC(C)CN1CCN(C(=O)c2cc(Cc3c[nH]c(=O)c4cc(Cl)c(Cl)n34)ccc2F)CC1,CHEMBL3105,7.85,704,51,False,5.327971143362481,0
2081,NC(=O)c1cc(Cl)c2cc(-c3cc4c(s3)CNCC4)cnn12,CHEMBL3105,7.85,2084,6,False,4.959999999999998,0
3021,O=c1[nH]c2cc(CN3CCN(c4ccc(C(F)(F)F)cn4)CC3)ccc2c2c1CCCN2,CHEMBL3105,7.85,1374,108,False,5.660417004053811,0
3010,C[C@@H]1CN(Cc2ccc3c4c(c(=O)[nH]c3c2)CCCN4)CCN1c1ccc(C#N)cc1F,CHEMBL3105,7.85,2924,48,False,5.044827523994106,0
2268,NC(=O)c1cccc2[nH]c(-c3ccc(OCCCC(O)=NO)cc3)nc12,CHEMBL3105,7.85,1170,19,False,7.022499895356589,0
1473,O=C1NNc2nc(CN3CCN(S(=O)(=O)c4cccc(C(F)(F)F)c4)CC3)nc3cccc1c23,CHEMBL3105,7.85,1472,27,False,5.062037081736433,0
2205,C/C=C/CN1CCN(C(=O)c2cc(Cn3c(=O)[nH]c(=O)c4ccccc43)ccc2F)C[C@H]1C,CHEMBL3105,7.84,2568,73,False,5.400000091961454,0
2406,O=C1CN(Cc2cn(-c3ccccc3F)nn2)C2(CCCCC2)c2ccccc21,CHEMBL3105,7.84,singleton,1,True,4.604931597087774,0
2979,CCN(C)C(=O)c1ccc(N2CCN(Cc3ccc4c5c(c(=O)[nH]c4c3)CCCN5)CC2)cc1F,CHEMBL3105,7.84,singleton,1,True,5.092413562838171,0
2175,O=c1cc(-c2ccc(O)cc2)oc2c(CN3CCN(Cc4cccs4)CC3)c(O)cc(O)c12,CHEMBL3105,7.83,2173,46,False,6.533529228504147,0
2940,Cc1cccnc1N1CCN(Cc2cc(CO)c3c4c(c(=O)[nH]c3c2)CCCN4)CC1,CHEMBL3105,7.83,singleton,1,True,5.298281195721503,0
626,O=C(O)CCCC(=O)N1CCc2cccc3c2C1CNC3=O,CHEMBL3105,7.82,586,37,False,6.012857283654874,0
1546,O=C(c1cc(Oc2n[nH]c(=O)c3ccccc23)ccc1F)N1CCN(C(=O)c2ccccc2[N+](=O)[O-])CC1,CHEMBL3105,7.82,1547,8,False,5.702667006572109,0
1505,Cn1c2cc(F)cc(C(N)=O)c2c(=O)n1C1CCN(C2CCCCC2)CC1,CHEMBL3105,7.82,1497,12,False,4.4969230872322115,0
2863,COc1ccc(Cc2n[nH]c(=O)c3ccccc23)cc1C(=O)N1CCN(c2cnc3[nH]cnc3c2)CC1,CHEMBL3105,7.82,2860,2,False,6.068771625212372,0
275,O=C(NC1CCCC1)C1CCN(C(=O)c2cccc(Cc3n[nH]c(=O)c4ccccc34)c2)CC1,CHEMBL3105,7.82,421,39,False,6.311249952977524,0
254,CCN1CCCN(C(=O)c2cccc(Cc3n[nH]c(=O)c4ccccc34)c2)CC1,CHEMBL3105,7.82,421,39,False,6.316800060241701,0
671,COc1cccnc1N1CCN(C(=O)c2cc(Cc3c[nH]c(=O)c4cc(Cl)c(Cl)n34)ccc2F)CC1,CHEMBL3105,7.82,704,51,False,5.837221932284272,0
1594,CN(C)CCn1c2c3c([nH][nH]c(=O)c4cccc1c43)=CCC2,CHEMBL3105,7.82,1595,3,False,4.999705904265125,0
1627,O=C(c1cc(Cc2n[nH]c(=O)c3ccccc23)ccc1F)N1CCn2c(nnc2C(F)(F)F)C1,CHEMBL3105,7.82,401,173,False,8.520000266007024,0
272,O=C(c1cccc(Cc2n[nH]c(=O)c3ccccc23)c1)N1CCC(C(=O)N2CCCCC2)CC1,CHEMBL3105,7.82,421,39,False,6.392000380992913,0
263,CCOC(=O)C1CCN(C(=O)c2cccc(Cc3n[nH]c(=O)c4ccccc34)c2)CC1,CHEMBL3105,7.82,421,39,False,6.290768783702686,0
1731,NC(=O)c1cc(F)cc2[nH]c(C(=O)N3CCNC(=O)C3)nc12,CHEMBL3105,7.82,1731,2,False,4.736799966119767,0
2593,CCn1ncc2c(C(=O)NCc3c(C)cc(C)[nH]c3=O)cc(-c3ccc(Cc4nc5c(C(N)=O)cccc5[nH]4)cc3)cc21,CHEMBL3105,7.82,2594,2,False,4.922727166030035,0
1744,O=C(c1cc(Cc2n[nH]c(=O)c3ccccc23)ccc1F)N1CCN(Cc2ccc(/C=C/C(O)=NO)cc2)CC1,CHEMBL3105,7.82,401,173,False,7.120000090294698,0
3212,CCCc1nc2ccc(CN3CCN(c4ccc(C(=O)NC)nc4Cl)CC3)cc2[nH]c1=O,CHEMBL3105,7.82,3202,14,False,4.8391305351077065,0
1708,NC(=O)c1cccc2[nH]c(C(=O)N3CCC(N)C3)nc12,CHEMBL3105,7.82,1717,11,False,4.9925530775228015,0
2895,NC(=O)c1cc(F)cc2[nH]c(N3CCN(c4ccc(C(F)(F)F)nc4)CC3)nc12,CHEMBL3105,7.82,2880,26,False,5.026799934083463,0
1583,Cn1c2c3c([nH][nH]c(=O)c4cccc1c43)=CC(C)(C)C2,CHEMBL3105,7.82,1624,12,False,6.587142576696935,0
1555,C[C@@H]1CN(C(=O)c2cc(Cc3n[nH]c(=O)c4ccccc34)ccc2F)Cc2nnc(C(F)(F)F)n21,CHEMBL3105,7.82,401,173,False,7.352889044716922,0
6,O=C(CCn1c2c(c(=O)[nH]c1=O)CSCC2)NCC(=O)c1ccc(Br)cc1,CHEMBL3105,7.82,26,23,False,4.638571369325629,0
392,O=C(c1cc(Cc2n[nH]c(=O)c3ccccc23)ccc1F)N1CCN(C(=O)C2CCCCC2)CC1,CHEMBL3105,7.82,401,173,False,50.160020928391546,0
792,O=C(Cn1cncn1)c1ccc2[nH]c3c4c(c5c(O)[nH]c(O)c5c3c2c1)=CCC=4,CHEMBL3105,7.82,800,16,False,4.725405192260251,0
805,O=C(CCC(=O)N1CCNCC1)c1ccc2[nH]c3c4c(c5c(O)[nH]c(O)c5c3c2c1)=CCC=4,CHEMBL3105,7.82,800,16,False,4.725405192260251,0
340,O=c1[nH]c(C2=C[C@@H](N3CC=C(c4ccccc4)CC3)CC2)nc2c(Cl)cccc12,CHEMBL3105,7.82,350,11,False,5.323428426376658,0
3275,CNC(=O)c1ccc(N2CCN(Cc3cnc4c(c3)[nH]c(=O)c3ccoc34)CC2)cn1,CHEMBL3105,7.82,2355,95,False,4.855735315398851,0
4,COc1ccc(-c2ccc(C(=O)CNC(=O)CCn3c4c(c(=O)[nH]c3=O)CSCC4)cc2)cc1,CHEMBL3105,7.82,26,23,False,4.894117647058827,0
9,O=C(CCn1c2c(c(=O)[nH]c1=O)CSCC2)NCC(=O)c1ccc(-c2ccncc2)cc1,CHEMBL3105,7.82,26,23,False,4.512499966379256,0
1461,O=C1NNc2nc(CN3CCN(c4ccncc4)CC3)nc3cccc1c23,CHEMBL3105,7.82,1472,27,False,4.946031858338975,0
1872,CC(C)(C)[C@@H]1NCCC2C=C(c3nc4c(C(=O)O)cc(F)cc4[nH]3)SC21,CHEMBL3105,7.82,1872,2,False,4.72317465679806,0
1470,O=C1NNc2nc(CN3CCN(S(=O)(=O)c4cccc(F)c4)CC3)nc3cccc1c23,CHEMBL3105,7.82,1472,27,False,4.81037047656312,0
1482,Nc1ccc(S(=O)(=O)N2CCCN(CC3=Nc4cccc5c(=O)[nH]nc(c45)N3)CC2)cc1,CHEMBL3105,7.82,1463,14,False,6.815002234131839,0
571,CN(C)CC(=O)Nc1ccc(-n2cc3cccc(C(N)=O)c3n2)cc1,CHEMBL3105,7.82,580,33,False,5.332954863323426,0
2917,Cc1cccnc1N1CCN(Cc2cc(C)c3c4c(c(=O)[nH]c3c2)CCCN4)CC1,CHEMBL3105,7.81,2924,48,False,5.281147417135378,0
2555,C#CCN1CCN(C(=O)c2cc(Cn3c(=O)[nH]c(=O)c4ccccc43)ccc2F)CC1=O,CHEMBL3105,7.81,2568,73,False,5.454545454545454,0
1990,Nc1cc(C(F)(F)F)c(-c2cc(N3CCN(C(=O)c4cc(Cc5n[nH]c(=O)c6ccccc56)ccc4F)CC3)nc(N3CCOCC3)n2)cn1,CHEMBL3105,7.81,1983,12,False,6.210937407449821,0
2289,C[C@H]1CCC[C@]2(C)CC3OC(=O)C(CNCCC(=O)N4CCN(C(=O)c5cc(Cc6n[nH]c(=O)c7ccccc67)ccc5F)CC4)C3C=C12,CHEMBL3105,7.81,2295,14,False,8.43125113071889,0
270,CC(C)CNC(=O)C1CCN(C(=O)c2cccc(Cc3n[nH]c(=O)c4ccccc34)c2)CC1,CHEMBL3105,7.8,421,39,False,6.164074332620065,0
1595,CCN(CC)CCn1c2c3c([nH][nH]c(=O)c4cccc1c43)=CCC2,CHEMBL3105,7.8,1595,3,False,4.939999911665918,0
232,O=c1[nH]c2cc(CN3CC=C(c4ccccc4)CC3)ccc2c2ccccc12,CHEMBL3105,7.8,232,4,False,4.816901513589468,0
261,O=C(c1cccc(Cc2n[nH]c(=O)c3ccccc23)c1)N1CCNCC1,CHEMBL3105,7.8,421,39,False,6.6300003951788185,0
136,O=c1[nH]c(CCCN2CC=C(c3ccccc3)CC2)nc2ccccc12,CHEMBL3105,7.8,136,28,False,7.919996223451509,0
2915,Cc1cc(CN2CCN(c3ncccc3Cl)CC2)cc2[nH]c(=O)c3c(c12)NCCC3,CHEMBL3105,7.8,2924,48,False,5.30320780958898,0
733,CNC(C)(C)c1ccc(-n2cc3cccc(C(N)=O)c3n2)cc1,CHEMBL3105,7.8,580,33,False,5.505640916253768,0
273,COc1cc2c(cc1OC)CN(C(=O)C1CCN(C(=O)c3cccc(Cc4n[nH]c(=O)c5ccccc45)c3)CC1)CC2,CHEMBL3105,7.8,421,39,False,6.277857263132324,0
544,CN1CCC(C(=O)Nc2ccc(-n3cc4cc(F)cc(C(N)=O)c4n3)cc2)CC1,CHEMBL3105,7.8,542,5,False,4.66857125365978,0
601,O=C1NCC2c3c(cccc31)CCN2C(=O)Cc1ccccc1Cl,CHEMBL3105,7.8,586,37,False,5.6567741935483875,0
1582,Cn1c2c3c([nH][nH]c(=O)c4cccc1c43)=CCC2,CHEMBL3105,7.8,1595,3,False,5.025806490265988,0
1601,CN1C=c2[nH]c3cccc4c(=O)[nH][nH]c(c2c34)C1,CHEMBL3105,7.8,1612,17,False,7.28333340568675,0
2160,O=C(c1cccs1)N1CCN(Cc2c(O)cc(O)c3c(=O)cc(-c4ccc(O)cc4)oc23)CC1,CHEMBL3105,7.8,2173,46,False,6.08,0
1599,O=c1[nH][nH]c2c3c([nH]c4cccc1c43)=CNC2,CHEMBL3105,7.8,1562,4,False,6.08,0
606,O=C1NCC2c3c(cccc31)CCN2C(=O)Cc1ccc(OCc2ccccc2)cc1,CHEMBL3105,7.8,586,37,False,5.401714304112415,0
3136,CNC(=O)c1ccc(N2CCN(C(=O)CCc3nc(=O)c4ccccc4[nH]3)CC2)c(Cl)c1,CHEMBL3105,7.8,3135,8,False,8.297143775589713,0
1883,CC1Cc2cc(-c3nc4c(C(N)=O)cc(F)cc4[nH]3)sc2CN1,CHEMBL3105,7.8,1895,18,False,4.500000081090041,0
2197,C[C@@H]1CN(C(=O)c2cc(Cn3c(=O)[nH]c(=O)c4ccccc43)ccc2F)CCN1CC(F)(F)F,CHEMBL3105,7.8,2568,73,False,5.567894142965262,0
3317,Cc1cc2ncc([C@H](C)N3CCN(c4ccc(C(=O)NC5CC5)nc4)CC3)cc2[nH]c1=O,CHEMBL3105,7.8,3318,5,False,4.515394761631177,0
789,CN1CCN(CC(=O)C2CCc3nc4c5cccc5c5c(=O)[nH]c(=O)c5c4c3C2)CC1,CHEMBL3105,7.8,789,9,False,4.886933379938762,0
350,O=c1[nH]c(C2=CC(N3CC=C(c4ccccc4)CC3)CC2)nc2ccccc12,CHEMBL3105,7.8,350,11,False,8.666664944755048,0
800,O=C(CCC(=O)N1CCCC1)c1ccc2[nH]c3c4c(c5c(O)[nH]c(O)c5c3c2c1)=CCC=4,CHEMBL3105,7.8,800,16,False,10.600008213526424,0
2952,N#Cc1ccc(N2CCN(Cc3ccc4c5c(c(=O)[nH]c4c3)CCCN5)CC2)c(Br)c1,CHEMBL3105,7.8,1374,108,False,5.676521739130435,0
806,CC(C)(C)OC(=O)NCCNC(=O)CCC(=O)c1ccc2[nH]c3c4c(c5c(O)[nH]c(O)c5c3c2c1)=CCC=4,CHEMBL3105,7.8,singleton,1,True,4.568539521658373,0
327,Cc1cccc2c(=O)[nH]c(CCCN3CC=C(c4ccc(Cl)cc4)CC3)nc12,CHEMBL3105,7.8,136,28,False,5.042999879765513,0
2574,Cc1cccc2c(=O)[nH]c(CCCN3CCC(c4ccc(F)cc4)CC3)nc12,CHEMBL3105,7.8,singleton,1,True,4.994375279082467,0
137,O=c1[nH]c(CCCN2CC=C(c3ccccc3)CC2)nc2cccc(F)c12,CHEMBL3105,7.8,136,28,False,4.9430768324214345,0
3047,O=c1[nH]c2cc(CN3CCN(c4nc5cc(Cl)ccc5o4)CC3)ccc2c2c1CCCN2,CHEMBL3105,7.8,1374,108,False,5.177903190961458,0
2258,O=C(/C=C/c1cccc([N+](=O)[O-])c1)N1CCN(C(=O)c2cc(Cc3n[nH]c(=O)c4ccccc34)ccc2F)CC1,CHEMBL3105,7.79,401,173,False,7.142553209605505,0
2654,Cc1ccoc1C(=O)N1CCN(C(=O)c2ccc(-c3nc4c(C(N)=O)cccc4[nH]3)cc2)C(C)C1,CHEMBL3105,7.79,singleton,1,True,6.095833484724997,0
2113,Cc1c(CN2CCN(C(=O)c3cc4cccc(C(N)=O)c4o3)CC2)sc2c(N3CCOCC3)nc(-c3ccc(F)c(N)c3)nc12,CHEMBL3105,7.78,2108,14,False,6.300000375509279,0
2217,CC[C@@H]1CN(C(=O)c2cc(Cn3c(=O)[nH]c(=O)c4ccccc43)ccc2F)CCN1CC(F)(F)F,CHEMBL3105,7.78,2568,73,False,11.241110515535636,0
1638,O=C1NNc2c3c(nc4c(Br)ccc1c24)CCCC3,CHEMBL3105,7.77,1640,2,False,23.400001394748756,0
812,O=C1CCC(c2ccc3[nH]c4c5c(c6c(O)[nH]c(O)c6c4c3c2)=CCC=5)=NN1,CHEMBL3105,7.77,813,2,False,4.934062463238369,0
1237,Cc1ccc(C(=O)N2CCN(C(=O)c3cc(Cc4n[nH]c(=O)c5ccccc45)ccc3F)CC2)cc1I,CHEMBL3105,7.77,401,173,False,7.5104881979453495,0
934,CNC(=O)c1ccc(N2CCN(Cc3cc(C)c4c(c3)NC(=O)C(C)O4)CC2)cc1,CHEMBL3105,7.77,924,18,False,4.674657465542968,0
741,NC(=O)c1cccc2cn(-c3ccc(CN4CCOCC4)cc3)nc12,CHEMBL3105,7.77,580,33,False,5.107826153141339,0
1547,O=C(c1cc(Oc2n[nH]c(=O)c3ccccc23)ccc1F)N1CCN(C(=O)C2CCCCC2)CC1,CHEMBL3105,7.77,1547,8,False,5.756896362406752,0
295,OC[C@H]1OC(NCc2nc(-c3ccc4[nH]c5c6c(c7c(O)[nH]c(O)c7c5c4c3)=CCC=6)cs2)[C@H](O)[C@@H](O)[C@@H]1O,CHEMBL3105,7.77,319,25,False,4.251276746703905,0
2853,Cc1nc2ccc(N3CCN(C(=O)c4cccc(Cc5n[nH]c(=O)c6ccccc56)c4)CC3)nc2[nH]1,CHEMBL3105,7.77,2855,5,False,5.812332940699021,0
2870,NC(=O)c1cccc2[nH]c(N3CCN(c4ccncn4)CC3)nc12,CHEMBL3105,7.77,2864,13,False,5.4430765612097405,0
323,CC(=O)C1CCc2nc3c4cccc4c4c(=O)[nH]c(=O)c4c3c2C1,CHEMBL3105,7.77,789,9,False,4.699588972025863,0
154,Cc1ccc(C2=CCN(CCCc3nc(=O)c4ccccc4[nH]3)CC2)cc1,CHEMBL3105,7.77,136,28,False,6.858750204406683,0
564,CN1CCCC1C(=O)Nc1ccc(-n2cc3cccc(C(N)=O)c3n2)cc1,CHEMBL3105,7.77,563,13,False,7.883332236939154,0
1476,CC(C)c1ccc(S(=O)(=O)N2CCN(CC3=Nc4cccc5c(=O)[nH]nc(c45)N3)CC2)cc1,CHEMBL3105,7.77,1463,14,False,4.683874986040965,0
865,NCCNC(=O)c1ccc2[nH]c(=O)c3c(c2c1)CCSC3,CHEMBL3105,7.77,865,6,False,4.512162104011715,0
2559,O=C1CN(C(=O)c2cc(Cn3c(=O)[nH]c(=O)c4ccccc43)ccc2F)CCN1CCCO,CHEMBL3105,7.77,2568,73,False,5.793333793746144,0
1895,NC(=O)c1cc(F)cc2[nH]c(-c3cc4c(s3)CNCC4)nc12,CHEMBL3105,7.77,1895,18,False,4.750199926385165,0
1443,O=C1NNc2nc(CNCCc3ccc(Cl)c(Cl)c3)nc3cccc1c23,CHEMBL3105,7.77,1457,8,False,4.524000107860568,0
1705,CC(C)(C)CN1CCC(NC(=O)c2nc3c(C(N)=O)cc(F)cc3[nH]2)CC1,CHEMBL3105,7.77,1721,4,False,4.577272752075156,0
2570,O=C(c1cc(Cn2c(=O)[nH]c(=O)c3ccccc32)ccc1F)N1CC(=O)N2CCCC2C1,CHEMBL3105,7.76,2568,73,False,7.19400120062848,0
3030,Cc1ccc(N2CCN(Cc3ccc4c5c(c(=O)[nH]c4c3)CCCN5)CC2)nn1,CHEMBL3105,7.76,1374,108,False,6.666666401757145,0
3015,O=c1[nH]c2cc(CN3CCN(c4ccc(C(F)(F)F)cc4)CC3)ccc2c2c1CCCN2,CHEMBL3105,7.76,1374,108,False,6.315789552936925,0
2947,N#Cc1ccc(N2CCN(Cc3cc(CO)c4c5c(c(=O)[nH]c4c3)CCCN5)CC2)cc1F,CHEMBL3105,7.76,2924,48,False,4.951549495302771,0
1444,O=C1NNc2nc(CNCCc3cccc(C(F)(F)F)c3)nc3cccc1c23,CHEMBL3105,7.75,1457,8,False,4.9500000472068795,0
2919,CCNC(=O)c1ccc(N2CCN(Cc3cc(C)c4c5c(c(=O)[nH]c4c3)CCCN5)CC2)nc1,CHEMBL3105,7.75,3069,15,False,4.924705865086156,0
2908,Cc1cc(CN2CCN(c3ccccn3)CC2)cc2[nH]c(=O)c3c(c12)NCCC3,CHEMBL3105,7.75,2924,48,False,5.310508453116545,0
1474,O=C1NNc2nc(CN3CCN(S(=O)(=O)c4ccc(Cl)cc4)CC3)nc3cccc1c23,CHEMBL3105,7.75,1472,27,False,4.814193585412683,0
389,O=C(c1cccc(Cc2n[nH]c(=O)c3ccccc23)c1)N1CCCN(CCO)CC1,CHEMBL3105,7.75,421,39,False,6.149999755620967,0
935,CCNC(=O)c1ccc(N2CCN(Cc3ccc4c(c3)NC(=O)C(C)O4)CC2)c(Cl)c1,CHEMBL3105,7.75,924,18,False,4.614084607754123,0
3038,COc1cc(N2CCN(Cc3ccc4c5c(c(=O)[nH]c4c3)CCCN5)CC2)ncc1Br,CHEMBL3105,7.75,1374,108,False,5.3332001907301025,0
1236,COc1ccc(C(=O)N2CCN(C(=O)c3cc(Cc4n[nH]c(=O)c5ccccc45)ccc3F)CC2)cc1I,CHEMBL3105,7.75,401,173,False,7.212272649111828,0
691,CN(C)CCN1CCN(C(=O)c2cc(Cc3c[nH]c(=O)c4cc(Cl)c(Cl)n34)ccc2F)CC1,CHEMBL3105,7.75,704,51,False,5.145211185536744,0
1607,CN(C)CCn1c2c3c4c(cc(F)cc41)C(=O)NN=C3CN(C(=O)C1CC1)C2,CHEMBL3105,7.75,1607,2,False,4.655172260706268,0
561,CN(Cc1ccc(-n2cc3cccc(C(N)=O)c3n2)cc1)C(=O)C1CNC1,CHEMBL3105,7.75,563,13,False,5.026799934083463,0
2176,O=c1cc(-c2ccc(O)cc2)oc2c(CN3CCN(Cc4ccco4)CC3)c(O)cc(O)c12,CHEMBL3105,7.75,2173,46,False,6.397058644096749,0
292,N#Cc1ccc2[nH]c3c4c(c5c(c3c2c1)CNC5=O)CCC4,CHEMBL3105,7.75,289,14,False,5.8300000972986235,0
1439,O=C1NNc2nc(CNCc3ccc(Cl)c(Cl)c3)nc3cccc1c23,CHEMBL3105,7.75,1457,8,False,4.543269173484627,0
1881,Cn1c(-c2cc3c(s2)CNCC3)nc2c(C(N)=O)cc(F)cc21,CHEMBL3105,7.75,1895,18,False,5.307692989089874,0
387,O=C(c1cccc(Cc2n[nH]c(=O)c3ccccc23)c1)N1CCCN(Cc2ccccc2)CC1,CHEMBL3105,7.75,421,39,False,6.199200059120179,0
2675,CC1CN(C(=O)c2cc(Cc3n[nH]c(=O)c4ccccc34)ccc2F)Cc2nnc(CN(C)C)n21,CHEMBL3105,7.75,2688,22,False,7.065957464730379,0
341,O=c1[nH]c(C2=CC(N3CC=C(c4ccc(F)cc4)CC3)CC2)nc2ccccc12,CHEMBL3105,7.75,350,11,False,5.78500034481289,0
1935,NC(=O)c1cccc2c1O/C(=C\c1ccc(C(=O)N3CCN(c4nc5ccccc5[nH]4)CC3)cc1)C2=O,CHEMBL3105,7.75,1909,19,False,5.933871321428228,0
324,NCc1ccc2[nH]c3c4c(c5c(O)[nH]c(O)c5c3c2c1)=CCC=4,CHEMBL3105,7.75,319,25,False,5.739130196814736,0
1263,O=c1[nH]nc2c3c(cccc13)NC(c1cccnc1)C2c1cccnc1,CHEMBL3105,7.75,1244,25,False,5.214000186467177,0
3057,N#Cc1cnc(N2CCN(Cc3ccc4c5c(c(=O)[nH]c4c3)CCCN5)CC2)c2c1CCC2,CHEMBL3105,7.75,1374,108,False,5.78909090909091,0
309,CS(=O)(=O)NCc1nc(-c2ccc3[nH]c4c5c(c6c(O)[nH]c(O)c6c4c3c2)=CCC=5)cs1,CHEMBL3105,7.75,319,25,False,4.348837161077043,0
2349,CCc1cc2ccc(CN3CCN(c4ccc(C(=O)NC)cc4)CC3)cc2[nH]c1=O,CHEMBL3105,7.75,3287,3,False,4.973333333333334,0
2093,CC1(C)C(C(=O)N2C=c3[nH]c4cc(F)cc5c(=O)[nH][nH]c(c3c45)C2)C1(C)C,CHEMBL3105,7.75,1612,17,False,5.985576861328584,0
419,NC(=O)c1ccccc1OCc1cccc(C(=O)N2CCNCC2)c1,CHEMBL3105,7.75,418,8,False,9.047999137115562,0
2918,CNC(=O)c1ccc(N2CCN(Cc3cc(C)c4c5c(c(=O)[nH]c4c3)CCCN5)CC2)nc1,CHEMBL3105,7.74,3069,15,False,4.9499998927116415,0
3075,Cc1cc(F)ccc1N1CCN(Cc2cc(F)c3c4c(c(=O)[nH]c3c2)CCCN4)CC1,CHEMBL3105,7.73,2924,48,False,5.043281268787688,0
2402,CCOc1cc(CN2CCOCC2)cc2[nH]c(=O)c3ccccc3c12,CHEMBL3105,7.73,1415,6,False,4.766111158458172,0
2195,CCCN1CCN(C(=O)c2cc(Cn3c(=O)[nH]c(=O)c4ccccc43)ccc2F)C[C@H]1C,CHEMBL3105,7.73,2568,73,False,6.727499874690545,0
1565,CC1(C)CC=c2[nH]c3cccc4c(=O)[nH][nH]c1c2c34,CHEMBL3105,7.73,1575,2,False,5.523269205445193,0
1044,C#CCOc1ccc(-c2nc3cccc4c3n2CCNC4=O)cc1,CHEMBL3105,7.73,1045,4,False,5.031162720957985,0
3318,Cc1cc2ncc([C@@H](C)N3CCN(c4ccc(C(=O)NC5CC5)nc4)CC3)cc2[nH]c1=O,CHEMBL3105,7.72,3318,5,False,4.417500024251639,0
886,CC(NC(=O)CN1CCc2cccc3c2C1CNC3=O)C(=O)N1CC=C(c2ccc(F)cc2)CC1,CHEMBL3105,7.72,886,2,False,6.303529942192466,0
1435,O=C1NNc2nc(COc3ccccc3)nc3cccc1c23,CHEMBL3105,7.72,singleton,1,True,4.718048615872617,0
2224,CC[C@H]1CN(C(=O)c2cc(Cn3c(=O)[nH]c(=O)c4ccccc43)ccc2F)CCN1CC1CC1,CHEMBL3105,7.72,2568,73,False,11.687777158537058,0
304,N=C(N)N=c1[nH]c(-c2ccc3[nH]c4c5c(c6c(O)[nH]c(O)c6c4c3c2)=CCC=5)cs1,CHEMBL3105,7.72,singleton,1,True,4.5578376322510215,0
409,CC(Oc1ccccc1)C(=O)N1CCN(C(=O)c2cc(CCOc3ccccc3C(N)=O)ccc2F)CC1,CHEMBL3105,7.72,410,3,False,4.815789534114406,0
1728,CC[C@H]1CN(C(=O)c2nc3c(C(N)=O)cccc3[nH]2)CCN1,CHEMBL3105,7.72,1717,11,False,4.910909064298821,0
207,O=c1[nH]nc(Cc2ccc(Cl)c(-n3c(O)ccc3O)c2)c2ccccc12,CHEMBL3105,7.72,209,10,False,6.0948838561054455,0
905,C[C@]1(c2nc3c(C(N)=O)cccc3[nH]2)CCCN1,CHEMBL3105,7.72,2009,3,False,5.067058912358896,0
2024,CCCN1CCC(c2nc3cncc4c3n2CCNC4=O)CC1,CHEMBL3105,7.72,2025,6,False,4.706938649546552,0
1458,O=C1NNc2nc(CN3CCC(c4ccccc4)CC3)nc3cccc1c23,CHEMBL3105,7.72,1472,27,False,4.669787192587509,0
844,O=C(c1ccc2[nH]c(=O)c3c(c2c1)CCSC3)N1CCN(CCc2ccccc2)CC1,CHEMBL3105,7.72,853,23,False,5.939999291896901,0
700,CC(=O)N1CCCN(C(=O)c2cc(Cc3c[nH]c(=O)c4cc(Cl)c(Cl)n34)ccc2F)CC1,CHEMBL3105,7.72,704,51,False,9.280000368754076,0
793,CN(CC(=O)OC(C)(C)C)CC(=O)C1CCc2nc3c4cccc4c4c(=O)[nH]c(=O)c4c3c2C1,CHEMBL3105,7.72,789,9,False,4.894736903526116,0
3022,CS(=O)(=O)c1ccc(N2CCN(Cc3ccc4c5c(c(=O)[nH]c4c3)CCCN5)CC2)nc1,CHEMBL3105,7.71,1374,108,False,5.510869893690834,0
3068,Cc1cccnc1N1CCN(Cc2cc(F)c3c4c(c(=O)[nH]c3c2)CCCN4)CC1,CHEMBL3105,7.71,2924,48,False,5.177903190961459,0
2295,C[C@H]1CCC[C@]2(C)CC3OC(=O)C(CNOCC(=O)N4CCN(C(=O)c5cc(Cc6n[nH]c(=O)c7ccccc67)ccc5F)CC4)C3C=C12,CHEMBL3105,7.71,2295,14,False,6.083333091603396,0
36,O=C(CCn1c2c(c(=O)[nH]c1=O)CSCC2)NCC(=O)N1CCN(c2ncccn2)CC1,CHEMBL3105,7.7,3,15,False,9.810000584721603,0
2177,O=c1cc(-c2ccc(O)cc2)oc2c(CN3CCN(Cc4ccncc4)CC3)c(O)cc(O)c12,CHEMBL3105,7.7,2173,46,False,6.390909125538897,0
31,O=C(CCn1c2c(c(=O)[nH]c1=O)CSCC2)NCC(=O)N1CCN(c2cccnn2)CC1,CHEMBL3105,7.7,3,15,False,5.203871107820919,0
0,Nc1cccc(-c2ccc(C(=O)CNC(=O)CCn3c4c(c(=O)[nH]c3=O)CSCC4)cc2)c1,CHEMBL3105,7.7,26,23,False,4.440000105857852,0
554,CNCc1ccc(-n2nc3c(C(N)=O)cccc3c2Cl)cc1,CHEMBL3105,7.7,singleton,1,True,4.826595634502653,0
549,CNCc1ccc(-n2cc3ccc(F)c(C(N)=O)c3n2)cc1,CHEMBL3105,7.7,580,33,False,4.4602816863964305,0
1574,CN(C)c1ccc(C2C=c3[nH][nH]c(=O)c4cccc5[nH]c(c3c54)C2)cc1,CHEMBL3105,7.7,1574,3,False,6.775357301509659,0
2270,NC(=O)c1cccc2[nH]c(-c3ccc(OCCCCCC(O)=NO)cc3)nc12,CHEMBL3105,7.7,2272,9,False,11.439991817480205,0
2208,CC(C)=CCN1CCN(C(=O)c2cc(Cn3c(=O)[nH]c(=O)c4ccccc43)ccc2F)C[C@@H]1C,CHEMBL3105,7.7,2568,73,False,5.527143327776303,0
1659,NCCOc1c(-c2ccc(Br)cc2)[nH]c(=O)c2c(F)c(F)ccc12,CHEMBL3105,7.7,1651,17,False,4.440000105857852,0
310,O=C(NCc1nc(-c2ccc3[nH]c4c5c(c6c(O)[nH]c(O)c6c4c3c2)=CCC=5)cs1)OCc1ccccc1,CHEMBL3105,7.7,319,25,False,4.504348012855696,0
2011,O=C1NCCn2c(-c3ccc(CN4CCCC4)cc3)nc3cncc1c32,CHEMBL3105,7.7,2019,11,False,7.84000373840511,0
2910,Cc1cc(CN2CCN(c3ccc(F)cn3)CC2)cc2[nH]c(=O)c3c(c12)NCCC3,CHEMBL3105,7.7,2924,48,False,5.0599998492002545,0
2407,O=C1CCc2cc(-c3ccccc3F)ccc2C2(CCCCC2)N1,CHEMBL3105,7.7,singleton,1,True,4.963414605283653,0
2422,COc1cccc2[nH]c3c4c(c5c(O)n(CN6CCN(C)CC6)c(O)c5c3c12)CC=C4,CHEMBL3105,7.7,singleton,1,True,4.440000105857852,0
2018,O=C1NCCn2c(-c3ccc(N4CCNCC4)cc3)nc3cncc1c32,CHEMBL3105,7.7,2019,11,False,4.851110995451612,0
1320,O=C1CN(Cc2ccc3c(c2)-c2n[nH]c(=O)c4cccc(c24)O3)CCN1,CHEMBL3105,7.7,1333,13,False,4.870422314419877,0
219,O=C1N=C(CCCN2CC=C(c3ccccc3)CC2)NC2CCCCC12,CHEMBL3105,7.7,223,6,False,72.79994792941959,0
318,CC(=O)NCc1nc(-c2ccc3[nH]c4c5c(c6c(O)[nH]c(O)c6c4c3c2)=CCC=5)cs1,CHEMBL3105,7.7,319,25,False,4.307142765455103,0
3009,C[C@H]1CN(c2ccc(C#N)cc2F)CCN1Cc1ccc2c3c(c(=O)[nH]c2c1)CCCN3,CHEMBL3105,7.7,2924,48,False,4.611645374771809,0
1318,COCCN1CCN(Cc2ccc3c(c2)-c2n[nH]c(=O)c4cccc(c24)O3)CC1,CHEMBL3105,7.7,1333,13,False,4.871176760932997,0
115,O=c1[nH]c2c(c3ccc(F)cc13)CNCC2,CHEMBL3105,7.7,116,4,False,5.49032291845032,0
1653,NCCOc1c(-c2ccc(N3CCOCC3)c(Br)c2)[nH]c(=O)c2cc(F)ccc12,CHEMBL3105,7.7,1651,17,False,5.400000858307025,0
308,CCNC(=O)NCc1nc(-c2ccc3[nH]c4c5c(c6c(O)[nH]c(O)c6c4c3c2)=CCC=5)cs1,CHEMBL3105,7.7,319,25,False,4.284210472556033,0
569,NC(=O)c1cccc2cn(-c3ccc(NC(=O)CN4CCCCC4)cc3)nc12,CHEMBL3105,7.7,563,13,False,15.00001430512838,0
1460,O=C1NNc2nc(CN3CCCN(S(=O)(=O)c4ccccc4)CC3)nc3cccc1c23,CHEMBL3105,7.7,1472,27,False,4.693333527938188,0
578,NC(=O)c1cccc2cn(-c3ccc(C(=O)NCCN4CCCC4)cc3)nc12,CHEMBL3105,7.7,579,5,False,14.559989585883926,0
1878,CC(C)CC1NCCc2cc(-c3nc4c(C(N)=O)cc(F)cc4n3C)sc21,CHEMBL3105,7.7,1884,3,False,4.488524669109255,0
791,O=C(CN1CCCCC1)c1ccc2[nH]c3c4c(c5c(O)[nH]c(O)c5c3c2c1)=CCC=4,CHEMBL3105,7.7,800,16,False,4.745454236889694,0
385,O=C(c1cccc(Cc2n[nH]c(=O)c3ccccc23)c1)N1CCCN(C(=O)N2CCOCC2)CC1,CHEMBL3105,7.7,421,39,False,7.333332313431766,0
189,CCC(=O)Nc1cccc(Cc2n[nH]c(=O)c3ccccc23)c1,CHEMBL3105,7.7,188,13,False,6.2687801597233435,0
843,O=C(c1ccc2[nH]c(=O)c3c(c2c1)CCSC3)N1CCN(c2ccncc2)CC1,CHEMBL3105,7.7,853,23,False,6.099000472587385,0
1442,O=C1NNc2nc(CN3CCC4(CC3)OCCO4)nc3cccc1c23,CHEMBL3105,7.7,1472,27,False,4.547916824794897,0
11,O=C(CCn1c2c(c(=O)[nH]c1=O)CSCC2)NCC(=O)c1ccc(-c2ccccc2)cc1,CHEMBL3105,7.7,26,23,False,4.567901221122562,0
13,O=C(CCn1c2c(c(=O)[nH]c1=O)CSCC2)NCC(=O)N1CCN(c2cc(C(F)(F)F)ccn2)CC1,CHEMBL3105,7.7,3,15,False,4.78388865127057,0
565,CN1CCCC(C(=O)Nc2ccc(-n3cc4cccc(C(N)=O)c4n3)cc2)C1,CHEMBL3105,7.7,563,13,False,4.899422908445176,0
16,COc1ccc(N2CCN(C(=O)CNC(=O)CCn3c4c(c(=O)[nH]c3=O)CSCC4)CC2)cc1,CHEMBL3105,7.7,26,23,False,5.045333226408785,0
1745,O=C(c1cc(Cc2n[nH]c(=O)c3ccccc23)ccc1F)N1CCN(Cc2ccc(CC(O)=NO)cc2)CC1,CHEMBL3105,7.69,401,173,False,7.260000000000002,0
3056,O=c1[nH]c2cc(CN3CCN(c4ccc5c(n4)OCC5)CC3)ccc2c2c1CCCN2,CHEMBL3105,7.69,1374,108,False,5.454348151191442,0
2292,C[C@H]1CCC[C@]2(C)CC3OC(=O)C(CN(C)CC(=O)N4CCN(C(=O)c5cc(Cc6n[nH]c(=O)c7ccccc67)ccc5F)CC4)C3C=C12,CHEMBL3105,7.69,2295,14,False,6.2228567189586705,0
1466,O=C1NNc2nc(CN3CCc4ccccc4C3)nc3cccc1c23,CHEMBL3105,7.68,1472,27,False,5.059999849200253,0
299,CC(C)(C)S(=O)(=O)Cc1nc(-c2ccc3[nH]c4c5c(c6c(O)[nH]c(O)c6c4c3c2)=CCC=5)cs1,CHEMBL3105,7.68,319,25,False,4.275238004229508,0
788,CCN(CC)CC(=O)C1CCc2nc3c4cccc4c4c(=O)[nH]c(=O)c4c3c2C1,CHEMBL3105,7.68,789,9,False,4.565063442688042,0
2677,CC1CN(C(=O)c2cc(Cc3n[nH]c(=O)c4ccccc34)ccc2F)Cc2nnc(C(O)CO)n21,CHEMBL3105,7.68,2688,22,False,6.862917075728402,0
2022,CCCCN1CCC(c2nc3cncc4c3n2CCNC4=O)CC1,CHEMBL3105,7.68,2025,6,False,4.618039215686274,0
1441,O=C1NNc2nc(CNCc3cccc(C(F)(F)F)c3)nc3cccc1c23,CHEMBL3105,7.68,1457,8,False,4.932765857356338,0
1471,Cc1ccc(S(=O)(=O)N2CCN(CC3=Nc4cccc5c(=O)[nH]nc(c45)N3)CC2)cc1,CHEMBL3105,7.68,1463,14,False,4.607272827132676,0
104,O=C(O)c1ccc2c(c1)[nH]c(=O)c1cc(F)ccc12,CHEMBL3105,7.68,96,5,False,5.4492304694158955,0
2171,COc1ccc(CN2CCN(Cc3c(O)cc(O)c4c(=O)cc(-c5ccc(O)cc5)oc34)CC2)c(OC)c1OC,CHEMBL3105,7.67,2173,46,False,5.872,0
2225,CC[C@@H]1CN(C(=O)c2cc(Cn3c(=O)[nH]c(=O)c4ccccc43)ccc2F)CCN1C(C)=O,CHEMBL3105,7.67,2568,73,False,10.496666110533285,0
3016,Cc1cc(CN2CCN(c3ccc(C#N)cn3)CC2)cc2[nH]c(=O)c3c(c12)NCCC3,CHEMBL3105,7.67,2924,48,False,4.938064611074705,0
2196,C[C@H]1CN(C(=O)c2cc(Cn3c(=O)[nH]c(=O)c4ccccc43)ccc2F)CCN1CC(F)(F)F,CHEMBL3105,7.66,2568,73,False,6.091051981901594,0
2159,O=C(c1ccccn1)N1CCN(Cc2c(O)cc(O)c3c(=O)cc(-c4ccc(O)cc4)oc23)CC1,CHEMBL3105,7.66,2173,46,False,5.802438821940115,0
664,CCN(CC)C1CCN(C(=O)c2cc(Cc3c[nH]c(=O)c4cc(Cl)c(Cl)n34)ccc2F)CC1,CHEMBL3105,7.66,704,51,False,6.138001024389436,0
1894,CN1CCc2cc(-c3nc4c(C(N)=O)cc(F)cc4[nH]3)sc2C1,CHEMBL3105,7.66,1895,18,False,4.4658229330643895,0
2004,NC(=O)c1c(F)ccc2[nH]c(-c3ccc(N4CCOCC4)cc3)nc12,CHEMBL3105,7.66,2004,2,False,4.7291305818494696,0
560,CN1CCCC(C(=O)NCc2ccc(-n3cc4cccc(C(N)=O)c4n3)cc2)C1,CHEMBL3105,7.66,580,33,False,4.7672728512661555,0
2982,O=C(NC1CC1)c1ccc(N2CCN(Cc3ccc4c5c(c(=O)[nH]c4c3)CCCN5)CC2)cc1Cl,CHEMBL3105,7.66,2997,7,False,4.6936842841487865,0
1928,Cc1ccc2[nH]c(CCNC(=O)c3ccc(/C=C4\Oc5c(C(N)=O)cccc5C4=O)cc3)nc2c1,CHEMBL3105,7.66,1927,9,False,5.183783800485275,0
1172,NC(=O)c1cccc2[nH]c(-c3ccc(-c4cccnc4)cc3)nc12,CHEMBL3105,7.66,1170,19,False,7.676842562838632,0
807,NCCNC(=O)CCC(=O)c1ccc2[nH]c3c4c(c5c(O)[nH]c(O)c5c3c2c1)=CCC=4,CHEMBL3105,7.66,800,16,False,4.457297096245484,0
301,NC(CCCc1nc(-c2ccc3[nH]c4c5c(c6c(O)[nH]c(O)c6c4c3c2)=CCC=5)cs1)C(=O)O,CHEMBL3105,7.66,319,25,False,4.225979215249161,0
936,CCNC(=O)c1ccc(N2CCN(Cc3ccc4c(c3)NC(=O)C(C)O4)CC2)cc1,CHEMBL3105,7.66,924,18,False,4.537534179887041,0
1481,COc1ccc(S(=O)(=O)N2CCCN(CC3=Nc4cccc5c(=O)[nH]nc(c45)N3)CC2)cc1,CHEMBL3105,7.66,1463,14,False,5.795001640692816,0
2006,CN1CCC[C@@]1(C)c1nc2c(C(N)=O)c(F)ccc2[nH]1,CHEMBL3105,7.66,2009,3,False,4.431304531566145,0
2943,Cc1cc(F)ccc1N1CCN(Cc2cc(CO)c3c4c(c(=O)[nH]c3c2)CCCN4)CC1,CHEMBL3105,7.66,2924,48,False,4.963636256052446,0
1483,O=C1NNc2nc(CN3CCCN(S(=O)(=O)c4ccc(-c5ccccc5)cc4)CC3)nc3cccc1c23,CHEMBL3105,7.66,1472,27,False,4.587397320203878,0
573,NC(=O)c1cccc2cn(-c3ccc(C(=O)N4CCCNCC4)cc3)nc12,CHEMBL3105,7.66,573,2,False,4.858695564034533,0
1043,O=C1NCCn2c(-c3ccc(OCc4cn(CCF)nn4)cc3)nc3cccc1c32,CHEMBL3105,7.66,1045,4,False,4.676666713125177,0
1261,O=c1[nH]nc2c3c(cccc13)NC(c1ccncc1)C2c1ccncc1,CHEMBL3105,7.65,1244,25,False,5.365454487308,0
2112,Cc1c(CN2CCN(C(=O)c3cc4cccc(C(N)=O)c4o3)CC2)sc2c(N3CCOCC3)nc(-c3ccc(N)cc3)nc12,CHEMBL3105,7.65,2108,14,False,9.266668139563892,0
1233,O=C(c1cc(Cc2n[nH]c(=O)c3ccccc23)ccc1F)N1CCN(S(=O)(=O)c2ccc(I)cc2)CC1,CHEMBL3105,7.65,401,173,False,7.1800000000000015,0
2980,CNC(=O)c1ccc(N2CCN(Cc3ccc4c5c(c(=O)[nH]c4c3)CCCN5)CC2)cc1Cl,CHEMBL3105,7.65,1374,108,False,4.943076832421435,0
1287,Cn1ccnc1[C@@H]1c2n[nH]c(=O)c3cc(F)cc(c23)N[C@H]1c1ccc(F)cc1,CHEMBL3105,7.65,1288,8,False,8.305713719932436,0
1472,O=C1NNc2nc(CN3CCN(S(=O)(=O)c4ccccc4)CC3)nc3cccc1c23,CHEMBL3105,7.64,1472,27,False,4.592537239891673,0
1478,CC(C)c1ccc(S(=O)(=O)N2CCCN(CC3=Nc4cccc5c(=O)[nH]nc(c45)N3)CC2)cc1,CHEMBL3105,7.64,1463,14,False,4.524999932572246,0
153,O=c1[nH]c(CCCN2CC=C(c3ccc(Cl)cc3)CC2)nc2ccccc12,CHEMBL3105,7.64,136,28,False,5.92800045933727,0
386,CCS(=O)(=O)N1CCCN(C(=O)c2cccc(Cc3n[nH]c(=O)c4ccccc34)c2)CC1,CHEMBL3105,7.64,421,39,False,5.876603687668918,0
151,O=c1[nH]c(CCCN2CC=C(c3cccc(F)c3)CC2)nc2ccccc12,CHEMBL3105,7.64,136,28,False,4.684706013755406,0
930,CCNC(=O)c1ccc(N2CCN(Cc3cc4c(c(OC)c3)OC(C)C(=O)N4)CC2)cc1,CHEMBL3105,7.64,924,18,False,4.409512214353225,0
1433,O=C1NNc2nc(CN3CCN(c4ccccc4)CC3)nc3cccc1c23,CHEMBL3105,7.64,1472,27,False,4.847118467783257,0
216,O=c1[nH]c2cc(CN3CCOCC3)ccc2c2ccccc12,CHEMBL3105,7.64,232,4,False,4.770000284314172,0
2521,O=C(c1cc(Cc2n[nH]c(=O)c3ccccc23)ccc1F)N1CCn2c(nnc2-c2ccc(C(F)F)o2)C1,CHEMBL3105,7.64,2516,19,False,13.939998153580802,0
2920,Cc1cc(CN2CCN(c3ccc(C(=O)NC4CC4)cn3)CC2)cc2[nH]c(=O)c3c(c12)NCCC3,CHEMBL3105,7.64,3069,15,False,4.740285520541918,0
1646,CC(C)(NC(=O)OCc1ccccc1)C(=O)N1CCc2c(nc3cccc4c3c2NNC4=O)C1,CHEMBL3105,7.64,1644,4,False,4.869091142774906,0
3147,Cc1ccc2[nH]c(CCC(=O)N3CCN(c4ccc(C#N)cn4)CC3)nc(=O)c2c1,CHEMBL3105,7.64,3144,37,False,4.684444196253658,0
255,CN1CCCN(C(=O)c2cccc(Cc3n[nH]c(=O)c4ccccc34)c2)CC1,CHEMBL3105,7.64,401,173,False,7.54000044941905,0
1504,Cn1c2cccc(C(N)=O)c2c(=O)n1C1CCN(C2CCC2)CC1,CHEMBL3105,7.64,1497,12,False,16.499994099142278,0
1487,O=C1NNc2nc(CNS(=O)(=O)c3ccccc3)nc3cccc1c23,CHEMBL3105,7.64,1472,27,False,4.549999932199717,0
1624,CC1(C)C=c2[nH][nH]c(=O)c3cccc4c3c2c(n4CCO)C1,CHEMBL3105,7.64,1624,12,False,10.312499270075984,0
2930,CCNC(=O)c1ccc(N2CCN(Cc3cc(C)c4c5c(c(=O)[nH]c4c3)CCCN5)CC2)cc1,CHEMBL3105,7.63,2930,2,False,4.7285916286890215,0
677,O=C(c1cc(Cc2c[nH]c(=O)c3cc(Cl)c(Cl)n23)ccc1F)N1CCN(c2ccccc2F)CC1,CHEMBL3105,7.62,704,51,False,5.213333057121009,0
1479,O=C1NNc2nc(CN3CCCN(S(=O)(=O)c4ccc(Cl)cc4)CC3)nc3cccc1c23,CHEMBL3105,7.62,1472,27,False,4.6617186588271595,0
2232,CC[C@H]1CN(C(=O)c2cc(Cn3c(=O)[nH]c(=O)c4ccccc43)ccc2F)CCN1C(=O)C1CC1,CHEMBL3105,7.62,2568,73,False,12.410000739693686,0
1578,O=c1[nH][nH]c2c3c([nH]c4c(F)ccc1c43)=CCC2,CHEMBL3105,7.62,1562,4,False,4.711746138733443,0
416,NC(=O)c1ccccc1OCc1ccc(F)c(C(=O)N2CCN(C(=O)C3CCCC3)CC2)c1,CHEMBL3105,7.62,418,8,False,4.868823409915799,0
3073,N#Cc1ccc(N2CCN(Cc3cc(F)c4c5c(c(=O)[nH]c4c3)CCCN5)CC2)cc1F,CHEMBL3105,7.62,2924,48,False,4.7647057904710435,0
748,NC(=O)c1cccc2cn(-c3ccc(Cl)cc3)nc12,CHEMBL3105,7.62,580,33,False,5.358571519827358,0
2206,C/C=C/CN1CCN(C(=O)c2cc(Cn3c(=O)[nH]c(=O)c4ccccc43)ccc2F)C[C@@H]1C,CHEMBL3105,7.61,2568,73,False,5.840000497273075,0
3048,Cc1nc2ccc(N3CCN(Cc4ccc5c6c(c(=O)[nH]c5c4)CCCN6)CC3)cc2o1,CHEMBL3105,7.61,1374,108,False,4.958000177311905,0
2911,Cc1cc(CN2CCN(c3ncccc3F)CC2)cc2[nH]c(=O)c3c(c12)NCCC3,CHEMBL3105,7.61,2924,48,False,5.037580611260607,0
3007,CC1CN(c2ccc(C#N)cc2F)CCN1Cc1ccc2c3c(c(=O)[nH]c2c1)CCCN3,CHEMBL3105,7.61,2924,48,False,4.498860569410542,0
2929,Cc1cc(CN2CCN(c3ccc(C#N)c(F)c3)CC2)cc2[nH]c(=O)c3c(c12)NCCC3,CHEMBL3105,7.61,2924,48,False,4.8042649922388625,0
1560,CC1CN(C(=O)c2cc(Cc3n[nH]c(=O)c4ccccc34)ccc2F)Cc2nnc(C(F)F)n21,CHEMBL3105,7.61,401,173,False,6.942222369347094,0
1264,Cn1ccnc1C1Nc2cccc3c(=O)[nH]nc(c23)C1c1nccn1C,CHEMBL3105,7.61,1288,8,False,6.630000395178821,0
1885,CC(C)(C)C1NCCc2cc(-c3nc4c(C(N)=O)cc(F)cc4[nH]3)sc21,CHEMBL3105,7.6,1895,18,False,4.4357143659752865,0
1874,O=C1NCCn2c(-c3cc4c(s3)CCNC4)nc3cc(F)cc1c32,CHEMBL3105,7.6,1874,2,False,5.268292652291247,0
1851,O=C(c1cc(Cc2n[nH]c(=O)c3ccccc23)ccc1F)N1CC2(COC2)C1,CHEMBL3105,7.6,401,173,False,10.619998388724136,0
1873,O=C1NCCn2c(-c3cc4c(s3)CNCC4)nc3cc(F)cc1c32,CHEMBL3105,7.6,1874,2,False,5.4461539127417575,0
1870,COc1c(Br)cc(Br)cc1/C=C/c1nnc(-c2cccc3c(=O)c4ccccc4c(=O)[nH]c23)o1,CHEMBL3105,7.6,1869,10,False,9.277273280241301,0
337,Cc1cccc2c(=O)[nH]c(C3=CC(N4CC=C(c5ccc(F)cc5)CC4)CC3)nc12,CHEMBL3105,7.6,350,11,False,4.380789497734313,0
307,Nc1nc(-c2ccc3[nH]c4c5c(c6c(O)[nH]c(O)c6c4c3c2)=CCC=5)cs1,CHEMBL3105,7.6,319,25,False,4.696773904568216,0
2676,CC1CN(C(=O)c2cc(Cc3n[nH]c(=O)c4ccccc34)ccc2F)Cc2nnc(C3COC(C)(C)O3)n21,CHEMBL3105,7.6,2688,22,False,6.358888509869598,0
520,O=C1NCCc2c1ccc1[nH]cc(CCNC(=O)N3CCNCC3)c21,CHEMBL3105,7.6,520,17,False,4.827272766508346,0
538,NC(=O)c1cccc2cn(-c3ccccc3)nc12,CHEMBL3105,7.6,580,33,False,5.559999999999999,0
18,O=C(CCn1c2c(c(=O)[nH]c1=O)CSCC2)NCC(=O)c1ccc(-c2cccnn2)cc1,CHEMBL3105,7.6,26,23,False,4.261904592551889,0
29,O=C(CCn1c2c(c(=O)[nH]c1=O)CSCC2)NCC(=O)c1ccc(-c2cncnc2)cc1,CHEMBL3105,7.6,26,23,False,4.234878094954587,0
39,COc1ccc(C(=O)CNC(=O)CCn2c3c(c(=O)[nH]c2=O)CSCC3)cc1,CHEMBL3105,7.6,26,23,False,4.70571378485286,0
2874,CNC(=O)c1ccc(N2CCN(c3nc4c(C(N)=O)cccc4[nH]3)CC2)nc1,CHEMBL3105,7.6,2864,13,False,5.292307692307691,0
2875,NC(=O)c1ccc(N2CCN(c3nc4c(C(N)=O)cccc4[nH]3)CC2)nc1,CHEMBL3105,7.6,2864,13,False,5.375000320374983,0
1890,CCC1NCCc2cc(-c3nc4c(C(N)=O)cc(F)cc4[nH]3)sc21,CHEMBL3105,7.6,1895,18,False,4.4357143659752865,0
159,O=c1[nH]c(CCCN2CC=C(c3ccc(C(F)(F)F)cc3)CC2)nc2ccccc12,CHEMBL3105,7.6,136,28,False,4.9298362582564845,0
330,O=c1[nH]c(C2=CC(N3CCN(c4ccc(F)cc4)CC3)CC2)nc2c(Cl)cccc12,CHEMBL3105,7.6,330,6,False,4.47285668582337,0
2313,CC(c1nc2c(C(N)=O)cccc2[nH]1)n1cc(O)n(-c2ccc(C(F)(F)F)cc2)c1=S,CHEMBL3105,7.6,2409,2,False,4.913599894565584,0
451,O=C(CCn1c2c(c(=O)[nH]c1=O)CSCC2)NCC(=O)c1ccc(-c2ccnnc2)cc1,CHEMBL3105,7.6,26,23,False,4.219285588541205,0
720,CCN1CCCC(Oc2ccc3[nH]c(=O)c4c(c3c2)CCSC4)C1,CHEMBL3105,7.6,710,13,False,4.413698731043212,0
331,O=c1[nH]c(C2=CC(N3CCN(c4ccc(Cl)cc4)CC3)CC2)nc2ccccc12,CHEMBL3105,7.6,350,11,False,4.449428381995287,0
3145,NC(=O)c1ccc(N2CCN(C(=O)CCc3nc(=O)c4ccccc4[nH]3)CC2)nc1,CHEMBL3105,7.6,3144,37,False,4.979999883595637,0
2891,CC(C)CNC(=O)c1cnc(N2CCN(c3nc4c(C(N)=O)cc(F)cc4[nH]3)CC2)cn1,CHEMBL3105,7.6,singleton,1,True,4.423943758533485,0
126,O=C(CCN1CCCCC1)N1CCc2[nH]c(=O)c3cc(F)ccc3c2C1,CHEMBL3105,7.6,114,12,False,4.628571349747328,0
2409,CC(c1nc2c(C(N)=O)cccc2[nH]1)n1cc(O)n(-c2cccc(C(F)(F)F)c2)c1=S,CHEMBL3105,7.6,2409,2,False,5.268695816020212,0
759,CCN1CCC(c2nn(C)c3[nH]c(=O)c4ccccc4c23)CC1,CHEMBL3105,7.6,singleton,1,True,4.546031608398934,0
562,CN1CCCC(C(=O)N(C)Cc2ccc(-n3cc4cccc(C(N)=O)c4n3)cc2)C1,CHEMBL3105,7.6,singleton,1,True,4.661249861083928,0
548,CNCc1ccc(-n2cc3c(F)c(F)cc(C(N)=O)c3n2)cc1,CHEMBL3105,7.6,580,33,False,4.548922910069578,0
2244,COc1cc(-c2nc3c(C(N)=O)cccc3[nH]2)ccc1N(C)c1ncc2c(n1)N(C1CCCC1)C(C)C(=O)N2C,CHEMBL3105,7.6,2242,17,False,4.890491841507676,0
34,O=C(CCn1c2c(c(=O)[nH]c1=O)CCCC2)NCC(=O)c1ccc2ccccc2c1,CHEMBL3105,7.6,10,2,False,5.833332869741689,0
1573,CN(C)c1ccc(C2C=c3[nH][nH]c(=O)c4cc(F)cc5[nH]c(c3c54)C2)cc1,CHEMBL3105,7.59,1579,6,False,12.692306993981123,0
2288,C[C@H]1CCC[C@]2(C)CC3OC(=O)C(CNCC(=O)N4CCN(C(=O)c5cc(Cc6n[nH]c(=O)c7ccccc67)ccc5F)CC4)C3C=C12,CHEMBL3105,7.59,2295,14,False,6.4435710445046634,0
2935,CNC(=O)c1ccc(N2CCN(Cc3cc(C)c4c5c(c(=O)[nH]c4c3)CCCN5)CC2)c(Cl)c1,CHEMBL3105,7.59,2924,48,False,4.674626957161918,0
3045,N#Cc1nsc(N2CCN(Cc3ccc4c5c(c(=O)[nH]c4c3)CCCN5)CC2)n1,CHEMBL3105,7.59,1374,108,False,4.956250295415538,0
2008,NC(=O)c1c(F)ccc2[nH]c(C3CCCNC3)nc12,CHEMBL3105,7.59,2007,3,False,4.325492954115219,0
1047,C#CCOc1ccc(-c2nc3c(C(N)=O)cccc3[nH]2)cc1,CHEMBL3105,7.59,1170,19,False,6.24959964239504,0
1497,Cn1c2cccc(C(N)=O)c2c(=O)n1C1CCN(C2CCCCC2)CC1,CHEMBL3105,7.58,1497,12,False,30.360028953579874,0
1449,O=C1NNc2nc(CN3CCCN(Cc4ccc(F)cc4)CC3)nc3cccc1c23,CHEMBL3105,7.58,1472,27,False,4.600615215865825,0
2983,CCOC(=O)c1cc(N2CCN(Cc3ccc4c5c(c(=O)[nH]c4c3)CCCN5)CC2)ccc1Cl,CHEMBL3105,7.58,1374,108,False,4.626666666666666,0
144,COc1cccc2c(=O)[nH]c(CCCN3CC=C(c4ccccc4)CC3)nc12,CHEMBL3105,7.58,136,28,False,4.607058952753936,0
140,O=c1[nH]c(CCCN2CC=C(c3ccccc3)CC2)nc2c(Cl)cccc12,CHEMBL3105,7.58,136,28,False,4.58482145785107,0
3137,O=C(NC1CC1)c1ccc(N2CCN(C(=O)CCc3nc(=O)c4ccccc4[nH]3)CC2)c(Cl)c1,CHEMBL3105,7.58,3135,8,False,5.673683925744914,0
802,O=C(CCC(=O)N1C=CC=CC=C1)c1ccc2[nH]c3c4c(c5c(O)[nH]c(O)c5c3c2c1)=CCC=4,CHEMBL3105,7.58,800,16,False,4.371666579809456,0
2157,O=C(c1cccnc1)N1CCN(Cc2c(O)cc(O)c3c(=O)cc(-c4ccc(O)cc4)oc23)CC1,CHEMBL3105,7.58,2173,46,False,5.62571438151963,0
2880,NC(=O)c1cc(F)cc2[nH]c(N3CCN(c4ncc(F)cn4)CC3)nc12,CHEMBL3105,7.58,2880,26,False,4.64035725151626,0
458,O=C1NCCn2c(CCc3ccccc3)nc3cccc1c32,CHEMBL3105,7.58,458,4,False,5.3157572877177355,0
1920,NC(=O)c1cccc2c1O/C(=C\c1ccc(C(=O)N3CCn4c(nnc4C4CC4)C3)cc1)C2=O,CHEMBL3105,7.57,1909,19,False,5.300000000000001,0
2228,CC[C@H]1CN(C(=O)c2cc(Cn3c(=O)[nH]c(=O)c4ccccc43)ccc2F)CCN1C(=O)C(F)(F)F,CHEMBL3105,7.57,2568,73,False,8.808333858350943,0
604,COc1ccccc1CC(=O)N1CCc2cccc3c2C1CNC3=O,CHEMBL3105,7.57,586,37,False,5.050243961174243,0
447,Cc1sc(-c2ccccc2)nc1C(=O)Nc1cccc(Cc2n[nH]c(=O)c3ccccc23)c1,CHEMBL3105,7.57,188,13,False,5.653800094357969,0
1598,CC1(C)C=c2[nH][nH]c(=O)c3cccc4c3c2c(n4CC2CO2)C1,CHEMBL3105,7.57,1624,12,False,5.860000000000001,0
195,Cc1nc(-c2ccccc2)sc1C(=O)Nc1cccc(Cc2n[nH]c(=O)c3ccccc23)c1,CHEMBL3105,7.57,188,13,False,5.697959072775567,0
1893,NC(=O)c1cc(F)cc2[nH]c(-c3cc4c(s3)CCNC4)nc12,CHEMBL3105,7.57,1895,18,False,4.393846153846154,0
1887,CC(C)C1NCCc2cc(-c3nc4c(C(N)=O)cc(F)cc4[nH]3)sc21,CHEMBL3105,7.57,1895,18,False,4.398750079592159,0
2028,C[C@H]1c2cccc(C(N)=O)c2C(=O)N1C1CCN(C2CCCCC2)CC1,CHEMBL3105,7.57,2029,4,False,4.5712499318830675,0
138,O=c1[nH]c(CCCN2CC=C(c3ccccc3)CC2)nc2ccc(Cl)cc12,CHEMBL3105,7.57,136,28,False,7.760000000000005,0
3134,O=C(NC1CC1)c1ccc(N2CCN(C(=O)CCc3nc(=O)c4cccc(Cl)c4[nH]3)CC2)c(Cl)c1,CHEMBL3105,7.57,3135,8,False,4.6733896794274,0
1617,CN(C)CCN1C=c2[nH]c3cccc4c(=O)[nH][nH]c(c2c34)C1,CHEMBL3105,7.57,singleton,1,True,6.459999559947453,0
2198,C[C@H]1CN(C(=O)c2cc(Cn3c(=O)[nH]c(=O)c4ccccc43)ccc2F)CCN1,CHEMBL3105,7.57,2568,73,False,6.155788855724445,0
1480,O=C1NNc2nc(CN3CCCN(S(=O)(=O)c4cccc(F)c4)CC3)nc3cccc1c23,CHEMBL3105,7.57,1472,27,False,4.461486396646855,0
863,NCCCCNC(=O)c1ccc2[nH]c(=O)c3c(c2c1)CCSC3,CHEMBL3105,7.57,865,6,False,4.239350724827986,0
1475,O=C1NNc2nc(CN3CCN(S(=O)(=O)c4ccc(F)cc4)CC3)nc3cccc1c23,CHEMBL3105,7.57,1472,27,False,4.462857051654741,0
2170,COc1cc(CN2CCN(Cc3c(O)cc(O)c4c(=O)cc(-c5ccc(O)cc5)oc34)CC2)cc(OC)c1,CHEMBL3105,7.57,2173,46,False,5.949999763568252,0
521,O=C1NCCc2c1ccc1[nH]cc(CCNC(=O)N3CCCNCC3)c21,CHEMBL3105,7.57,520,17,False,4.712500280886906,0
291,NCc1ccc2[nH]c3c4c(c5c(c3c2c1)CNC5=O)CCC4,CHEMBL3105,7.57,289,14,False,5.4484000909299874,0
2220,CCCN1CCN(C(=O)c2cc(Cn3c(=O)[nH]c(=O)c4ccccc43)ccc2F)C[C@@H]1CC,CHEMBL3105,7.56,2568,73,False,16.06428667179181,0
2274,NC(=O)/C=C/c1ccc(COc2ccc(-c3nc4c(C(N)=O)cccc4[nH]3)cc2)cc1,CHEMBL3105,7.56,2274,2,False,5.9199996118545775,0
2962,N#Cc1ccc(N2CCN(Cc3ccc4c5c(c(=O)[nH]c4c3)CCCN5)CC2)cc1C(F)(F)F,CHEMBL3105,7.56,1374,108,False,5.106885285822175,0
2158,O=C(c1ccncc1)N1CCN(Cc2c(O)cc(O)c3c(=O)cc(-c4ccc(O)cc4)oc23)CC1,CHEMBL3105,7.56,2173,46,False,5.869189264828311,0
2931,CNC(=O)c1ccc(N2CCN(Cc3cc(C)c4c5c(c(=O)[nH]c4c3)CCCN5)CC2)cc1F,CHEMBL3105,7.56,2924,48,False,4.670833225065362,0
2015,CN(C)Cc1ccc(-c2nc3cncc4c3n2CCNC4=O)cc1,CHEMBL3105,7.55,2019,11,False,4.733333333333333,0
718,O=c1[nH]c2ccc(OC3CCCNC3)cc2c2c1CSCC2,CHEMBL3105,7.55,singleton,1,True,4.286792452830189,0
1454,O=C1NNc2nc(CNCCc3ccccc3F)nc3cccc1c23,CHEMBL3105,7.55,1457,8,False,4.34693879666104,0
2631,CC(C)C[C@H](NC(=O)C(Cc1c[nH]c2ccccc12)NC(=O)c1cc(Cc2n[nH]c(=O)c3ccccc23)ccc1F)B1O[C@@H]2C[C@@H]3C[C@@H](C3(C)C)[C@]2(C)O1,CHEMBL3105,7.55,2631,15,False,5.678181879717457,0
2877,N#Cc1cnc(N2CCN(c3nc4c(C(N)=O)cccc4[nH]3)CC2)nc1,CHEMBL3105,7.55,2864,13,False,7.041176594025537,0
1932,COc1ccc2[nH]c(CCNC(=O)c3ccc(/C=C4\Oc5c(C(N)=O)cccc5C4=O)cc3)nc2c1,CHEMBL3105,7.55,1927,9,False,4.898999659329675,0
1157,COc1ccc2c(c1)C(CC(=O)NC(CNC(=O)c1ccccc1N1CCC(=O)NC1=O)C(N)=O)CC2=O,CHEMBL3105,7.55,1159,3,False,4.4553086944310305,0
2095,O=C(N1C=c2[nH]c3cc(F)cc4c(=O)[nH][nH]c(c2c34)C1)C1(c2ccccc2)CC1,CHEMBL3105,7.55,2095,2,False,5.964000056877136,0
2021,CC(C)CN1CCC(c2nc3cncc4c3n2CCNC4=O)CC1,CHEMBL3105,7.55,2025,6,False,4.472999930680991,0
2909,Cc1cc(CN2CCN(c3ncc(F)cn3)CC2)cc2[nH]c(=O)c3c(c12)NCCC3,CHEMBL3105,7.55,2924,48,False,4.888421067966978,0
1051,CN(C)Cc1cc2c([nH]c(=O)c3cccc(O)c32)s1,CHEMBL3105,7.54,1051,2,False,4.477058713648561,0
1452,O=C(c1cccc(Cl)c1)N1CCCN(CC2=Nc3cccc4c(=O)[nH]nc(c34)N2)CC1,CHEMBL3105,7.54,1463,14,False,4.719452232052858,0
2933,CCNC(=O)c1ccc(N2CCN(Cc3cc(C)c4c5c(c(=O)[nH]c4c3)CCCN5)CC2)c(Cl)c1,CHEMBL3105,7.54,2924,48,False,4.573333333333333,0
298,CC(C)(C)OC(=O)Cc1nc(-c2ccc3[nH]c4c5c(c6c(O)[nH]c(O)c6c4c3c2)=CCC=5)cs1,CHEMBL3105,7.54,319,25,False,4.248000101280215,0
408,NC(=O)c1cc(F)ccc1OCc1ccc(F)c(C(=O)N2CCNCC2)c1,CHEMBL3105,7.54,418,8,False,6.879999999999999,0
2347,CCc1cc2ccc(CN3CCN(c4ncc(C)n4C)CC3)cc2[nH]c1=O,CHEMBL3105,7.54,2347,7,False,4.915862134639773,0
1730,NC(=O)c1cccc2[nH]c(C(=O)N3CCNC(=O)C3)nc12,CHEMBL3105,7.54,1717,11,False,5.292682972995389,0
758,Cc1cccc2c(=O)[nH]c(CCN3CCC[C@@H]3CO)cc12,CHEMBL3105,7.54,singleton,1,True,4.373513425445368,0
1717,NC(=O)c1cccc2[nH]c(C(=O)N3CCC(N)CC3)nc12,CHEMBL3105,7.54,1717,11,False,5.683333785004123,0
3139,CC1(NC(=O)c2ccc(N3CCN(C(=O)CCc4nc(=O)c5ccccc5[nH]4)CC3)c(Cl)c2)CC1,CHEMBL3105,7.54,3135,8,False,5.605262560032145,0
1173,NC(=O)c1cccc2[nH]c(-c3ccc(-c4cncc(C(=O)N5CCCC5)c4)cc3)nc12,CHEMBL3105,7.54,2614,9,False,7.417856984950455,0
2987,O=c1[nH]c2cc(CN3CCN(c4cc(C(F)(F)F)ccn4)CC3)ccc2c2c1CCCN2,CHEMBL3105,7.54,1374,108,False,5.045333513768521,0
1769,Cc1ccc(C(=O)N2CCN(C(=O)c3cc(Cc4n[nH]c(=O)c5ccccc45)cc(F)c3F)CC2)cc1,CHEMBL3105,7.54,401,173,False,9.910909601090392,0
2010,O=C1NCCn2c(-c3ccc(CN4CCCCC4)cc3)nc3cncc1c32,CHEMBL3105,7.54,2019,11,False,7.84000373840511,0
937,CNC(=O)c1ccc(N2CCN(Cc3ccc4c(c3)NC(=O)C(C)O4)CC2)cc1,CHEMBL3105,7.54,931,3,False,4.412394429168824,0
2350,CCc1cc2ccc(CN3CCN(c4cnc(C(=O)NC)cn4)CC3)cc2[nH]c1=O,CHEMBL3105,7.54,2355,95,False,4.693333333333334,0
2199,C[C@@H]1CN(C(=O)c2cc(Cn3c(=O)[nH]c(=O)c4ccccc43)ccc2F)CCN1,CHEMBL3105,7.54,2568,73,False,6.26315726599871,0
1025,O=C(CCc1nc(=O)c2ccccc2[nH]1)N1CCN(C(=O)c2ccco2)CC1,CHEMBL3105,7.54,1020,7,False,5.097599756927503,0
1074,Cc1c(C(=O)N2CCC(N(C)C)CC2)sc2c1[nH]c(=O)c1ccccc12,CHEMBL3105,7.54,1071,6,False,4.37842092901221,0
931,CNC(=O)c1ccc(N2CCN(Cc3cc4c(c(OC)c3)OC(C)C(=O)N4)CC2)cc1,CHEMBL3105,7.54,931,3,False,4.372307812589164,0
712,O=c1[nH]c2ccc(OC3CCN(CCO)CC3)cc2c2c1CSCC2,CHEMBL3105,7.54,710,13,False,4.446000344502954,0
2187,O=c1cc(-c2ccc(O)cc2)oc2c(CN3CCN(c4cncnc4)CC3)c(O)cc(O)c12,CHEMBL3105,7.53,2173,46,False,5.883333099550681,0
1020,O=C(CCc1nc(=O)c2ccccc2[nH]1)N1CCN(C(=O)c2ccc[nH]2)CC1,CHEMBL3105,7.53,1020,7,False,5.31304325796031,0
2005,CCCN1CCC(c2nc3c(C(N)=O)c(F)ccc3[nH]2)CC1,CHEMBL3105,7.53,2007,3,False,4.323912983715874,0
3055,O=c1[nH]c2cc(CN3CCN(c4nc5cccnc5o4)CC3)ccc2c2c1CCCN2,CHEMBL3105,7.53,1374,108,False,4.860000089131871,0
2907,CCOc1cc(CN2CCN(c3ccc(F)cc3)CC2)cc2[nH]c(=O)c3c(c12)NCCC3,CHEMBL3105,7.53,3069,15,False,4.894117938770986,0
359,Cc1nn(C)c2[nH]c(=O)c3c(c12)CCC3,CHEMBL3105,7.53,363,6,False,18.08,0
2172,O=c1cc(-c2ccc(O)cc2)oc2c(CN3CCN(Cc4ccc(C(F)(F)F)cc4)CC3)c(O)cc(O)c12,CHEMBL3105,7.53,2173,46,False,5.883333099550681,0
333,Cc1cccc2c(=O)[nH]c(C3=CC(N4CCC(c5ccc(F)cc5)CC4)CC3)nc12,CHEMBL3105,7.52,330,6,False,4.727499906073015,0
929,COc1cc(CN2CCN(c3ccc(C(=O)NC4CC4)cc3)CC2)cc2c1OC(C)C(=O)N2,CHEMBL3105,7.52,931,3,False,4.3143209908290565,0
1332,O=c1[nH]nc2c3c(cccc13)Oc1ccc(CNC3CCC(O)CC3)cc1-2,CHEMBL3105,7.52,singleton,1,True,4.750476379243161,0
37,O=C(CCn1c2c(c(=O)[nH]c1=O)CSCC2)NCC(=O)c1ccc(OC(F)F)cc1,CHEMBL3105,7.52,26,23,False,4.192359674100008,0
500,O=C(c1cc2[nH]c(=O)c3ccccc3n2n1)N1CCCNCC1,CHEMBL3105,7.52,472,8,False,4.34837829081637,0
2881,CN(C)C(=O)c1ccc(N2CCN(c3nc4c(C(N)=O)cc(F)cc4[nH]3)CC2)nc1,CHEMBL3105,7.52,2880,26,False,4.374999934807421,0
1921,NC(=O)c1cccc2c1O/C(=C\c1ccc(C(=O)N3CCn4c(nnc4C(F)F)C3)cc1)C2=O,CHEMBL3105,7.52,1909,19,False,5.199999999999999,0
2207,CC(C)=CCN1CCN(C(=O)c2cc(Cn3c(=O)[nH]c(=O)c4ccccc43)ccc2F)C[C@H]1C,CHEMBL3105,7.52,2568,73,False,6.152857666769849,0
1491,O=c1[nH]c2cc(-c3nn[nH]n3)ccc2c2ccccc12,CHEMBL3105,7.52,singleton,1,True,4.738064224608376,0
2,O=C(CCn1c2c(c(=O)[nH]c1=O)CSCC2)NCC(=O)c1ccc(OC(=O)c2ccccc2)cc1,CHEMBL3105,7.52,26,23,False,4.288735685072576,0
1548,CCC(=O)N1CCN(C(=O)c2cc(Oc3n[nH]c(=O)c4ccccc34)ccc2F)CC1,CHEMBL3105,7.52,1547,8,False,5.473090897228304,0
1046,NC(=O)c1cccc2[nH]c(-c3ccc(OCc4cn(CCF)nn4)cc3)nc12,CHEMBL3105,7.52,singleton,1,True,5.290434563245586,0
2647,O=C1NCC(c2ccc(-c3ccc(C(F)(F)F)cc3)cc2)Nc2ccccc21,CHEMBL3105,7.52,singleton,1,True,5.439999823136768,0
568,NC(=O)c1cccc2cn(-c3ccc(NC(=O)CN4CCOCC4)cc3)nc12,CHEMBL3105,7.52,singleton,1,True,4.608039086434259,0
574,NC(=O)c1cccc2cn(-c3ccc(C(=O)Nc4ccncc4)cc3)nc12,CHEMBL3105,7.52,579,5,False,5.172244696627064,0
2212,CC[C@H]1CN(C(=O)c2cc(Cn3c(=O)[nH]c(=O)c4ccccc43)ccc2F)CCN1,CHEMBL3105,7.52,2568,73,False,6.785000067402918,0
24,O=C(CCn1c2c(c(=O)[nH]c1=O)CSCC2)NCC(=O)c1ccc(Oc2ccccc2)cc1,CHEMBL3105,7.52,26,23,False,4.316190396560835,0
293,O=C1NCc2c1c1c(c3[nH]c4ccc(Br)cc4c23)CCC1,CHEMBL3105,7.52,289,14,False,5.72727275830655,0
3098,Cc1cc(F)cc2c(=O)[nH]c(C[C@H](C)CC(=O)N3CCC(C(=O)c4cnn(C)c4)CC3)nc12,CHEMBL3105,7.52,3095,17,False,7.22206866864218,0
7,O=C(CCn1c2c(c(=O)[nH]c1=O)CSCC2)NCC(=O)N1CCN(c2ccccc2)CC1,CHEMBL3105,7.52,26,23,False,4.827586147362781,0
1804,NC(=O)c1cccc2[nH]c(-c3ccc(N)cc3)nc12,CHEMBL3105,7.52,1170,19,False,8.341333797370089,0
864,NCCCNC(=O)c1ccc2[nH]c(=O)c3c(c2c1)CCSC3,CHEMBL3105,7.52,865,6,False,4.1884211446076565,0
3140,CC1(NC(=O)c2ccc(N3CCN(C(=O)CCc4nc(=O)c5ccccc5[nH]4)CC3)c(Cl)c2)COC1,CHEMBL3105,7.52,3135,8,False,4.97818179120702,0
1803,NC(=O)c1cccc2[nH]c(-c3cccc(N)c3)nc12,CHEMBL3105,7.52,1170,19,False,6.476190218849797,0
1330,O=c1[nH]nc2c3c(cccc13)Oc1ccc(CN3CC(O)C3)cc1-2,CHEMBL3105,7.52,1333,13,False,4.865625290013867,0
783,NC(=O)c1cccc2nc(-c3ccc(Cl)cc3)cnc12,CHEMBL3105,7.52,singleton,1,True,5.847666271645519,0
499,COc1cc(-c2cc3[nH]c(=O)c4ccccc4n3n2)cc(OC)c1OC,CHEMBL3105,7.52,493,15,False,4.205714389893033,0
1918,NC(=O)c1cccc2c1O/C(=C\c1ccc(C(=O)N3CCn4c(nnc4C(F)(F)F)C3)cc1)C2=O,CHEMBL3105,7.52,1909,19,False,5.451613228167275,0
1319,O=c1[nH]nc2c3c(cccc13)Oc1ccc(CN3CCN(c4ncccn4)CC3)cc1-2,CHEMBL3105,7.52,1333,13,False,4.6295772549155965,0
2342,Cc1cnc(N2CCN(Cc3ccc4c(c3)[nH]c(=O)c3cccnc34)CC2)n1C,CHEMBL3105,7.52,2347,7,False,4.66033322222233,0
98,O=c1[nH]c2ccc(S(=O)(=O)NCCN3CCCCC3)cc2c2ccccc12,CHEMBL3105,7.52,singleton,1,True,6.384782327410191,0
100,C[N+](C)(C)CC(=O)Nc1ccc2[nH]c(=O)c3ccccc3c2c1,CHEMBL3105,7.52,217,4,False,4.611818206807799,0
1317,CC(C)N1CCN(Cc2ccc3c(c2)-c2n[nH]c(=O)c4cccc(c24)O3)CC1,CHEMBL3105,7.52,1333,13,False,4.646285524383864,0
117,O=c1[nH]c2c(c3ccccc13)CCNC2,CHEMBL3105,7.52,116,4,False,4.810666551971438,0
3181,CN=C(N)c1ccc(N2CCN(C(=O)CCc3nc(=O)c4ccccc4[nH]3)CC2)nc1,CHEMBL3105,7.52,3144,37,False,4.801111301890133,0
1934,NC(=O)c1cccc2c1O/C(=C\c1ccc(C(=O)N3CC(c4nc5ccccc5[nH]4)C3)cc1)C2=O,CHEMBL3105,7.52,1927,9,False,5.546666666666666,0
2955,CCN(CC)c1ccc(N2CCN(Cc3ccc4c5c(c(=O)[nH]c4c3)CCCN5)CC2)c(F)c1,CHEMBL3105,7.52,1374,108,False,4.9739133399465985,0
1652,NCCOc1c(-c2cccc(C(F)(F)F)c2)[nH]c(=O)c2cc(F)ccc12,CHEMBL3105,7.52,1651,17,False,5.8463636838823305,0
1706,CCC(CC)N1CCC(NC(=O)c2nc3c(C(N)=O)cc(F)cc3[nH]2)CC1,CHEMBL3105,7.52,singleton,1,True,4.336533526329897,0
2167,Cc1ccc(CN2CCN(Cc3c(O)cc(O)c4c(=O)cc(-c5ccc(O)cc5)oc34)CC2)cc1,CHEMBL3105,7.51,2173,46,False,6.062727305578791,0
3211,CCCc1nc2ccc(CN3CCN(c4ccc(C(=O)NC)nc4)CC3)cc2[nH]c1=O,CHEMBL3105,7.51,2355,95,False,8.726667360199874,0
1455,O=C1NNc2nc(CN3CCN(c4ccc(F)cc4)CC3)nc3cccc1c23,CHEMBL3105,7.51,1472,27,False,4.615806487112711,0
2273,NC(=O)c1ccc(COc2ccc(-c3nc4c(C(N)=O)cccc4[nH]3)cc2)cc1,CHEMBL3105,7.51,1170,19,False,6.663870557731473,0
134,O=C(C1CCCN1)N1CCc2c([nH]c(=O)c3ccccc23)C1,CHEMBL3105,7.51,singleton,1,True,4.375479387748218,0
740,CN1CCN(Cc2ccc(-n3cc4cccc(C(N)=O)c4n3)cc2)CC1,CHEMBL3105,7.51,580,33,False,6.171000367820289,0
3235,CNC(=O)c1ccc(N2CCN(Cc3ccc4c5c(c(=O)[nH]c4c3)CCC5)CC2)cn1,CHEMBL3105,7.51,2355,95,False,4.865517111375984,0
3006,Cc1cc(CN2CCN(c3ccc(F)cn3)CC2C)cc2[nH]c(=O)c3c(c12)NCCC3,CHEMBL3105,7.5,3069,15,False,4.4415790205199155,0
2120,Cc1c(CN2CCN(C(=O)c3cc4cccc(C(N)=O)c4o3)CC2)sc2c(N3CCOCC3)nc(-c3ccc4[nH]ccc4c3)nc12,CHEMBL3105,7.5,2108,14,False,6.453333040267712,0
1925,Cn1cnc(-c2nnc3n2CCN(C(=O)c2ccc(/C=C4\Oc5c(C(N)=O)cccc5C4=O)cc2)C3)c1,CHEMBL3105,7.5,1909,19,False,4.708500035081059,0
135,O=C(CCN1CCC(N2CCCC2)CC1)N1CCc2[nH]c(=O)c3cc(F)ccc3c2C1,CHEMBL3105,7.5,114,12,False,4.399215670850175,0
2168,O=c1cc(-c2ccc(O)cc2)oc2c(CN3CCN(Cc4ccc(Cl)cc4)CC3)c(O)cc(O)c12,CHEMBL3105,7.5,2173,46,False,6.1250003650784715,0
1016,O=C(CCc1nc(=O)c2ccccc2[nH]1)N1CCN(C(=O)C2CCCNC2)CC1,CHEMBL3105,7.5,1016,3,False,5.147826193681514,0
1440,O=C1NNc2nc(CNCCc3cccc(F)c3)nc3cccc1c23,CHEMBL3105,7.5,1457,8,False,4.409999931657316,0
921,CCNC(=O)c1ccc(N2CCN(Cc3cc4c(c(OC)c3)OC(C)C(=O)N4)CC2)c(C)c1,CHEMBL3105,7.5,924,18,False,4.243902476042386,0
315,CC(C)C(=O)NCc1nc(-c2ccc3[nH]c4c5c(c6c(O)[nH]c(O)c6c4c3c2)=CCC=5)cs1,CHEMBL3105,7.5,319,25,False,4.095744587356229,0
2934,Cc1cc(CN2CCN(c3ccc(C(=O)NC4CC4)cc3Cl)CC2)cc2[nH]c(=O)c3c(c12)NCCC3,CHEMBL3105,7.5,2930,2,False,4.488169194940212,0
1171,NC(=O)c1cccc2[nH]c(-c3ccc(-c4ccc(N)nc4)cc3)nc12,CHEMBL3105,7.5,1170,19,False,7.247368853029478,0
2617,NC(=O)c1cccc2[nH]c(-c3ccc(C(=O)N4CCN(C(=O)c5ccco5)CC4)c(F)c3)nc12,CHEMBL3105,7.49,2621,5,False,7.214516448078384,0
1834,O=C(c1cc(Cc2n[nH]c(=O)c3ccccc23)ccc1F)N1CCC2(CCC2)C1,CHEMBL3105,7.49,401,173,False,15.859997282177677,1
2946,N#Cc1cc(F)c(N2CCN(Cc3cc(CO)c4c5c(c(=O)[nH]c4c3)CCCN5)CC2)c(F)c1,CHEMBL3105,7.49,2924,48,False,4.560571444104643,0
2599,Cn1cc(-c2ccc(=O)n(CCOc3ccnc4cc(NCCN5CCN(C(=O)c6cc(Cc7n[nH]c(=O)c8ccccc78)ccc6F)CC5)ccc34)n2)cn1,CHEMBL3105,7.49,2607,14,False,13.499999463558217,1
3000,CCNC(=O)c1csc(N2CCN(Cc3ccc4c5c(c(=O)[nH]c4c3)CCCN5)CC2)n1,CHEMBL3105,7.49,3000,2,False,4.626666666666668,0
932,Cc1cc(CN2CCN(c3ccc(C(=O)NC4CC4)cc3)CC2)cc2c1OC(C)C(=O)N2,CHEMBL3105,7.48,924,18,False,4.279473563384816,0
208,COc1ccc(Cc2n[nH]c(=O)c3ccccc23)cc1-n1c(O)ccc1O,CHEMBL3105,7.48,209,10,False,5.6504351926165715,0
1621,NC(Cc1ccccc1)C(=O)N1C=c2[nH]c3cccc4c(=O)[nH][nH]c(c2c34)C1,CHEMBL3105,7.48,1608,10,False,10.591304018456915,0
95,Cc1cccc2c(=O)[nH]c3cc(C(F)(F)F)c(NC(=O)CCl)cc3c12,CHEMBL3105,7.48,92,3,False,4.5895651301694675,0
2589,COc1cc(-c2nc3c(C(N)=O)cccc3[nH]2)cc(Br)c1OC(=O)C(C)(C)C,CHEMBL3105,7.48,2592,4,False,5.289565436718378,0
2379,CCc1cc2ncc(CN3CC[C@H](Nc4ccc(C(=O)NC)nc4)C3)cc2[nH]c1=O,CHEMBL3105,7.48,2355,95,False,10.560000000000002,0
881,O=C(NCC(=O)N1CCc2cccc3c2C1CNC3=O)c1cc(Cc2n[nH]c(=O)c3ccccc23)ccc1F,CHEMBL3105,7.48,879,11,False,10.420666128362575,1
1692,NC(=O)c1cccc2[nH]c(C(=O)NC3CCN(CC(F)(F)F)CC3)nc12,CHEMBL3105,7.47,1682,26,False,4.81596144461707,0
161,O=c1[nH]c(CCCN2CC=C(c3ccc(-c4ccccc4)cc3)CC2)nc2ccccc12,CHEMBL3105,7.47,136,28,False,7.919996223451509,0
2914,Cc1cc(CN2CCN(c3ccc(Cl)cn3)CC2)cc2[nH]c(=O)c3c(c12)NCCC3,CHEMBL3105,7.47,2924,48,False,5.16923095883703,0
2592,COc1cc(-c2nc3c(C(N)=O)cccc3[nH]2)cc(Br)c1OS(=O)(=O)c1c(C)cc(C)cc1C,CHEMBL3105,7.47,2592,4,False,5.0598076401097645,0
2665,NC(=O)c1cccc2[nH]c(NC(=O)c3cccc(C(=O)N4CCC(Nc5ncc(I)cn5)CC4)c3)nc12,CHEMBL3105,7.47,2666,5,False,5.181731078086011,0
2924,Cc1cc(CN2CCN(c3ccc(C#N)cc3F)CC2)cc2[nH]c(=O)c3c(c12)NCCC3,CHEMBL3105,7.47,2924,48,False,4.6169120398952845,0
1852,O=C(c1cc(Cc2n[nH]c(=O)c3ccccc23)ccc1F)N1CC2(CCC2)C1,CHEMBL3105,7.47,401,173,False,11.74499877490116,0
2173,O=c1cc(-c2ccc(O)cc2)oc2c(CN3CCN(Cc4ccc(F)cc4)CC3)c(O)cc(O)c12,CHEMBL3105,7.46,2173,46,False,5.976363668747185,0
3,O=C(CCn1c2c(c(=O)[nH]c1=O)CSCC2)NCC(=O)N1CCN(c2ccccn2)CC1,CHEMBL3105,7.46,3,15,False,5.2976925141554,0
1432,O=C1NNc2nc(CN3CCC(O)CC3)nc3cccc1c23,CHEMBL3105,7.46,1472,27,False,4.287391193239813,0
1445,O=C1NNc2nc(CNC3CN4CCC3CC4)nc3cccc1c23,CHEMBL3105,7.46,singleton,1,True,4.206274558963432,0
1446,CN1CCN(CC2=Nc3cccc4c(=O)[nH]nc(c34)N2)CC1,CHEMBL3105,7.46,1463,14,False,4.56875001701992,0
1434,O=C1NNc2nc(CN3CCC(Cc4ccccc4)CC3)nc3cccc1c23,CHEMBL3105,7.46,1472,27,False,4.324999935552479,0
116,O=c1[nH]c2c(c3ccccc13)CNCC2,CHEMBL3105,7.46,116,4,False,4.7286665539264705,0
3156,N#Cc1ccc(N2CCN(C(=O)CCc3nc(=O)c4ccsc4[nH]3)CC2)nc1,CHEMBL3105,7.46,3144,37,False,4.249324406469017,0
3168,Cc1ccc(N2CCN(C(=O)CCc3nc(=O)c4ccccc4[nH]3)CC2)nc1,CHEMBL3105,7.46,3144,37,False,4.826938798996569,0
110,O=C(NCCN1CCOCC1)c1ccc2c(c1)[nH]c(=O)c1ccccc12,CHEMBL3105,7.46,singleton,1,True,4.34837829081637,0
919,CCOc1cc(CN2CCN(c3ccc(C(=O)NC)cc3C)CC2)cc2c1OC(C)C(=O)N2,CHEMBL3105,7.46,924,18,False,4.204390182780199,0
1904,NC(=O)c1cccc2c(O)c(C=c3ccc(=C4N=NN=N4)cc3)oc12,CHEMBL3105,7.46,1904,3,False,4.338750258609668,0
335,O=c1[nH]c(C2=C[C@@H](N3CCC(c4ccc(F)cc4)CC3)CC2)nc2c(Cl)cccc12,CHEMBL3105,7.46,330,6,False,4.18780489631312,0
2163,Cc1cc(C)cc(COC(=O)N2CCN(Cc3c(O)cc(O)c4c(=O)cc(-c5ccc(O)cc5)oc34)CC2)c1,CHEMBL3105,7.46,2173,46,False,5.43714294973685,0
595,O=C1NCC2c3c(cccc31)CCN2C(=O)c1ccccc1Cl,CHEMBL3105,7.46,586,37,False,5.1405713935540644,0
1557,CC1c2nnc(C(F)(F)F)n2CCN1C(=O)c1cc(Cc2n[nH]c(=O)c3ccccc23)ccc1F,CHEMBL3105,7.45,1558,4,False,7.203750429376987,0
2214,CC[C@H]1CN(C(=O)c2cc(Cn3c(=O)[nH]c(=O)c4ccccc43)ccc2F)CCN1C,CHEMBL3105,7.45,2568,73,False,11.960000712871587,0
2169,COc1ccc(CN2CCN(Cc3c(O)cc(O)c4c(=O)cc(-c5ccc(O)cc5)oc34)CC2)cc1,CHEMBL3105,7.45,2173,46,False,5.7499997715155375,0
1216,CCCCNCc1ccc(-c2cc3c4c(c[nH]c4c2)C(=O)NNC3=O)cc1,CHEMBL3105,7.45,1218,3,False,4.621667217612331,0
2180,O=c1cc(-c2ccc(O)cc2)oc2c(CN3CCN(c4ccccc4)CC3)c(O)cc(O)c12,CHEMBL3105,7.45,2173,46,False,5.959090941380864,0
187,CC(=O)Oc1cccc(Cc2n[nH]c(=O)c3ccccc23)c1,CHEMBL3105,7.44,188,13,False,5.736585415891777,0
1927,NC(=O)c1cccc2c1O/C(=C\c1ccc(C(=O)NCCc3nc4ccccc4[nH]3)cc1)C2=O,CHEMBL3105,7.44,1927,9,False,5.847273360953912,0
1884,CC(C)CC1NCCc2cc(-c3nc4c(C(N)=O)cc(F)cc4[nH]3)sc21,CHEMBL3105,7.44,1884,3,False,4.356470572960831,0
526,O=c1[nH]c2c(nc3cc(S(=O)(=O)NCCCN4CCOCC4)ccn32)c2ccccc12,CHEMBL3105,7.44,singleton,1,True,4.2299998805711185,0
338,O=c1[nH]c(C2=CC(N3CC=C(c4ccc(F)cc4)CC3)CC2)nc2c(Cl)cccc12,CHEMBL3105,7.44,350,11,False,6.00000095367447,0
868,Cc1c(Cc2ccc(F)c(C(=O)N3CCc4cccc5c4C3CNC5=O)c2)n[nH]c(=O)c1C,CHEMBL3105,7.44,879,11,False,10.793572347638634,1
233,Oc1[nH]c(O)c2c1c1c(c3[nH]c4ccccc4c32)=CCC=1,CHEMBL3105,7.44,233,2,False,14.639998254776211,1
1847,O=C(c1cc(Cc2n[nH]c(=O)c3ccccc23)ccc1F)N1CCC12CCC2,CHEMBL3105,7.44,401,173,False,16.613341255191777,0
2221,CC[C@@H]1CN(C(=O)c2cc(Cn3c(=O)[nH]c(=O)c4ccccc43)ccc2F)CCN1C(C)C,CHEMBL3105,7.44,2568,73,False,9.676922899449362,0
2314,O=C(c1ccc(Cc2n[nH]c(=O)c3cccnc23)cc1)n1cccc1,CHEMBL3105,7.44,2314,2,False,5.070000302195568,0
415,CC(Oc1ccccc1)C(=O)N1CCN(C(=O)c2cccc(COc3ccccc3C(N)=O)c2)CC1,CHEMBL3105,7.44,417,5,False,4.514000457394171,0
922,CNC(=O)c1ccc(N2CCN(Cc3cc4c(c(OC)c3)OC(C)C(=O)N4)CC2)c(C)c1,CHEMBL3105,7.44,924,18,False,4.2043901827802,0
3182,O=C(CCc1nc(=O)c2ccccc2[nH]1)N1CCN(c2ccc(C3=NCCN3)cn2)CC1,CHEMBL3105,7.44,3144,37,False,4.459660836734577,0
860,O=C(NCCN1CCNCC1)c1ccc2[nH]c(=O)c3c(c2c1)CCSC3,CHEMBL3105,7.44,853,23,False,4.149599947235109,0
2312,C[C@@H](COCCC(=O)N1CCN(c2ncc(C(F)(F)F)cn2)CC1)Nc1cn[nH]c(=O)c1C(F)(F)F,CHEMBL3105,7.43,2312,3,False,4.186962082178772,0
106,COC(=O)c1ccc2c(c1)[nH]c(=O)c1cc(F)ccc12,CHEMBL3105,7.43,1493,2,False,4.752,0
2498,O=C(NN1CCCC1)c1cc(Cc2n[nH]c(=O)c3cccnc23)ccc1F,CHEMBL3105,7.43,singleton,1,True,6.653589713083217,0
594,O=C1NCC2c3c(cccc31)CCN2C(=O)c1cccc(Cl)c1,CHEMBL3105,7.43,594,4,False,5.054736588390923,0
1875,NC(=O)c1cc(F)cc2[nH]c(C3=NC4CCNCC4S3)nc12,CHEMBL3105,7.43,singleton,1,True,4.280000000000001,0
2251,O=C(c1ccc(Cc2n[nH]c(=O)c3cccnc23)cc1)N1CCCC1,CHEMBL3105,7.43,2314,2,False,5.205306185767434,0
2181,O=c1cc(-c2ccc(O)cc2)oc2c(CN3CCN(c4ccccc4O)CC3)c(O)cc(O)c12,CHEMBL3105,7.43,2173,46,False,5.85117630646716,0
2222,CC[C@H]1CN(C(=O)c2cc(Cn3c(=O)[nH]c(=O)c4ccccc43)ccc2F)CCN1C(C)C,CHEMBL3105,7.43,2568,73,False,9.72923059079774,0
3065,C[C@H]1CN(Cc2ccc3c4c(c(=O)[nH]c3c2)CCCN4)CCN1c1ccc(C#N)c(F)c1,CHEMBL3105,7.43,3065,7,False,4.359999999999999,0
2148,O=C(C1CC1)N1CCN(Cc2c(O)cc(O)c3c(=O)cc(-c4ccc(O)cc4)oc23)CC1,CHEMBL3105,7.43,2173,46,False,5.78199986214638,0
152,O=c1[nH]c(CCCN2CC=C(c3ccccc3F)CC2)nc2ccccc12,CHEMBL3105,7.43,136,28,False,4.459230687448966,0
2664,NC(=O)c1cccc2[nH]c(NC(=O)c3cccc(C(=O)N4CCC(Nc5ncc(Br)cn5)CC4)c3)nc12,CHEMBL3105,7.43,2666,5,False,5.550625206776904,0
1924,NC(=O)c1cccc2c1O/C(=C\c1ccc(C(=O)N3CCn4c(nnc4C4CCCC4)C3)cc1)C2=O,CHEMBL3105,7.43,1909,19,False,4.876571295695405,0
1715,NC(=O)c1cc(F)cc2[nH]c(C(=O)N3CCC(NC4CCCCC4)C3)nc12,CHEMBL3105,7.43,1721,4,False,7.451999644660961,0
577,NC(=O)c1cccc2cn(-c3ccc(C(=O)NCCN4CCCCC4)cc3)nc12,CHEMBL3105,7.42,579,5,False,14.559989585883926,0
1618,CN(C)CCN1C=c2[nH]c3cc(F)cc4c(=O)[nH][nH]c(c2c34)C1,CHEMBL3105,7.42,1612,17,False,5.012069264259849,0
717,O=c1[nH]c2ccc(OC3CCN(CCc4ccccc4)CC3)cc2c2c1CSCC2,CHEMBL3105,7.42,710,13,False,4.595294504330677,0
925,CNC(=O)c1ccc(N2CCN(Cc3cc(C)c4c(c3)NC(=O)C(C)O4)CC2)c(C)c1,CHEMBL3105,7.42,924,18,False,4.256190370486844,0
2923,Cc1cc(CN2CCN(c3ccc(C#N)cc3)CC2)cc2[nH]c(=O)c3c(c12)NCCC3,CHEMBL3105,7.42,2924,48,False,4.550769088886198,0
300,CS(=O)(=O)Cc1nc(-c2ccc3[nH]c4c5c(c6c(O)[nH]c(O)c6c4c3c2)=CCC=5)cs1,CHEMBL3105,7.42,319,25,False,3.971282051282051,0
1465,O=C1NNc2nc(CNCCc3ccncc3)nc3cccc1c23,CHEMBL3105,7.42,1457,8,False,4.220425596142205,0
2271,NC(=O)c1cccc2[nH]c(-c3ccc(OCCCCCCC(O)=NO)cc3)nc12,CHEMBL3105,7.42,2272,9,False,25.99998140336413,0
2151,CC(C)C(=O)N1CCN(Cc2c(O)cc(O)c3c(=O)cc(-c4ccc(O)cc4)oc23)CC1,CHEMBL3105,7.42,2173,46,False,5.765142719691143,0
2345,Cc1cnc(N2CCN(Cc3ccc4c5c(c(=O)[nH]c4c3)COCC5)CC2)n1C,CHEMBL3105,7.42,2347,7,False,4.656440607403689,0
2286,C=C1C(=O)OC2C[C@@]3(C)CCC=C(COC(=O)COCCOCCNC(=O)c4cc(Cc5n[nH]c(=O)c6ccccc56)ccc4F)C3=CC12,CHEMBL3105,7.41,2277,10,False,7.735908671730829,0
2007,NC(=O)c1c(F)ccc2[nH]c(C3CCNCC3)nc12,CHEMBL3105,7.41,2007,3,False,4.149999963080706,0
368,O=C(c1cccc(Cc2n[nH]c(=O)c3ccccc23)c1)N1CCN(CCO)CC1,CHEMBL3105,7.41,421,39,False,6.168750367686172,0
141,O=c1[nH]c(CCCN2CC=C(c3ccccc3)CC2)nc2c(Cl)cc(Cl)cc12,CHEMBL3105,7.41,136,28,False,4.34761916690493,0
2462,COc1ccc(-c2nc3c(C(N)=O)cccc3[nH]2)cc1Nc1nccc(N(C)c2ccc3c(C)n(C)nc3c2)n1,CHEMBL3105,7.41,2454,31,False,5.039999599456819,0
719,CN1CCCC(Oc2ccc3[nH]c(=O)c4c(c3c2)CCSC4)C1,CHEMBL3105,7.41,710,13,False,4.143333360773546,0
1447,O=C1NNc2nc(CN3CCCN(Cc4ccccc4)CC3)nc3cccc1c23,CHEMBL3105,7.41,1472,27,False,4.4288708485245865,0
2810,C=C(C)CCN1CCN2C(=Nc3cccc4c(=O)[nH]nc2c34)C1,CHEMBL3105,7.41,2809,6,False,4.373610951802068,0
1462,O=C1NNc2nc(CN3CCN(Cc4ccccc4)CC3)nc3cccc1c23,CHEMBL3105,7.41,1472,27,False,4.390327933200969,0
3043,N#Cc1nnc(N2CCN(Cc3ccc4c5c(c(=O)[nH]c4c3)CCCN5)CC2)s1,CHEMBL3105,7.4,1374,108,False,4.457681074704828,0
1891,CC1NCCc2cc(-c3nc4c(C(N)=O)cc(F)cc4[nH]3)sc21,CHEMBL3105,7.4,1895,18,False,4.346666666666667,0
502,NCCc1c[nH]c2ccc3c(c12)CCNC3=O,CHEMBL3105,7.4,505,5,False,5.045161600738132,0
1195,Cc1cccc(CN2CCC(CN3Cc4cccc(C(N)=O)c4C3=O)CC2)c1,CHEMBL3105,7.4,1202,13,False,9.000000536441837,0
2213,CC[C@@H]1CN(C(=O)c2cc(Cn3c(=O)[nH]c(=O)c4ccccc43)ccc2F)CCN1C,CHEMBL3105,7.4,2568,73,False,12.285000732243097,0
572,NC(=O)c1cccc2cn(-c3cccc(C(=O)N4CCCNCC4)c3)nc12,CHEMBL3105,7.4,573,2,False,4.922307596390948,0
713,COCCN1CCC(Oc2ccc3[nH]c(=O)c4c(c3c2)CCSC4)CC1,CHEMBL3105,7.4,710,13,False,4.101066614518909,0
2182,O=c1cc(-c2ccc(O)cc2)oc2c(CN3CCN(c4ccc(O)cc4)CC3)c(O)cc(O)c12,CHEMBL3105,7.4,2173,46,False,6.119999708175674,0
1919,CCOC(=O)c1nnc2n1CCN(C(=O)c1ccc(/C=C3\Oc4c(C(N)=O)cccc4C3=O)cc1)C2,CHEMBL3105,7.4,1926,3,False,4.63368423233072,0
1212,NC(=O)c1cc(F)cc2c1C(=O)N(C1CCN(C3CCC(F)(F)CC3)CC1)C2,CHEMBL3105,7.4,1200,6,False,5.830000833988312,0
236,Oc1[nH]c(O)c2c1c1c(c3[nH]ccc32)=CCC=1,CHEMBL3105,7.4,singleton,1,True,4.2240000402832045,0
265,O=C(c1cccc(Cc2n[nH]c(=O)c3ccccc23)c1)N1CCOCC1,CHEMBL3105,7.4,421,39,False,9.10000054240229,0
30,O=C(CCn1c2c(c(=O)[nH]c1=O)CSCC2)NCC(=O)N1CCN(c2ncccc2C(F)(F)F)CC1,CHEMBL3105,7.4,3,15,False,4.570140599525313,0
23,O=C(CCn1c2c(c(=O)[nH]c1=O)CSCC2)NCC(=O)N1CCN(c2ccncc2)CC1,CHEMBL3105,7.4,26,23,False,4.602758412565272,0
1691,CCN1CCC(NC(=O)c2nc3c(C(N)=O)cccc3[nH]2)CC1,CHEMBL3105,7.4,1682,26,False,5.02530578012719,0
848,CCCC(C)N1CCN(C(=O)c2ccc3[nH]c(=O)c4c(c3c2)CCSC4)CC1,CHEMBL3105,7.4,853,23,False,4.180000166098282,0
1323,O=c1[nH]nc2c3c(cccc13)Oc1ccc(CN3CCC(O)CC3)cc1-2,CHEMBL3105,7.4,1333,13,False,4.7490627830662016,0
2372,CCc1cc2ncc(CN3C[C@@H]4C[C@H]3CN4c3ccc(C(=O)NC)nc3)cc2[nH]c1=O,CHEMBL3105,7.4,2355,95,False,6.48000053737479,0
1747,CC(C)(C)OC(=O)N1CCC(C(=O)Nc2cc(Cn3c(=O)[nH]c(=O)c4ccccc43)cnc2F)C1,CHEMBL3105,7.4,1747,14,False,5.1800010104614875,0
1117,O=C(c1csc(Cc2n[nH]c(=O)c3ccccc23)c1)N1CCN(C(=O)c2ccc3c(c2)OCO3)CC1,CHEMBL3105,7.4,1115,9,False,5.637499635977071,0
321,Cc1nc(-c2ccc3[nH]c4c5c(c6c(O)[nH]c(O)c6c4c3c2)=CCC=5)cs1,CHEMBL3105,7.4,319,25,False,4.2749999681487685,0
1360,CN(C)Cc1ccc2c3c(c(=O)[nH]c2c1)CCCN3,CHEMBL3105,7.4,1374,108,False,7.3066666666666675,0
2116,Cc1c(CN2CCN(C(=O)c3cc4cccc(C(N)=O)c4o3)CC2)sc2c(N3CCOCC3)nc(-c3ccc(N)cc3F)nc12,CHEMBL3105,7.4,2108,14,False,7.423158360478644,0
512,O=C1NCCc2c1ccc1[nH]cc(CCNC(=O)C3CCN(c4ccncc4)CC3)c21,CHEMBL3105,7.39,520,17,False,4.349433805737988,0
917,CCOc1cc(CN2CCN(c3ccc(C(=O)NC4CC4)cc3C)CC2)cc2c1OC(C)C(=O)N2,CHEMBL3105,7.39,924,18,False,4.08882347206756,0
1698,CC(C)(C)CN1CCC(NC(=O)c2nc3c(C(N)=O)cccc3[nH]2)CC1,CHEMBL3105,7.39,1682,26,False,4.937499903787217,0
1159,COc1ccc2c(c1)C(CC(=O)NCCNC(=O)c1ccccc1N1CCC(=O)NC1=O)CC2=O,CHEMBL3105,7.39,1159,3,False,4.325066707913717,0
2371,CCc1cc2ncc(CN3CC4CCC(C3)N4c3ccc(C(=O)NC)nc3)cc2[nH]c1=O,CHEMBL3105,7.39,2355,95,False,9.290666998926815,0
698,CN1CCN(C(=O)c2cc(Cc3c[nH]c(=O)c4cc(Cl)c(Cl)n34)ccc2F)CC1,CHEMBL3105,7.39,704,51,False,13.422504400239852,0
2174,O=c1cc(-c2ccc(O)cc2)oc2c(CN3CCN(CC4CCCO4)CC3)c(O)cc(O)c12,CHEMBL3105,7.39,2173,46,False,5.531052527470603,0
1450,O=C1NNc2nc(CN3CCCNCC3)nc3cccc1c23,CHEMBL3105,7.39,1472,27,False,4.332857069069027,0
1876,CNCc1ccc(-c2nc3c(C(N)=O)cc(F)cc3[nH]2)s1,CHEMBL3105,7.38,singleton,1,True,4.744285678938032,0
1463,CN1CCCN(CC2=Nc3cccc4c(=O)[nH]nc(c34)N2)CC1,CHEMBL3105,7.38,1463,14,False,4.394117562323295,0
852,CCCCN1CCN(C(=O)c2ccc3[nH]c(=O)c4c(c3c2)CCSC4)CC1,CHEMBL3105,7.38,853,23,False,5.22666915893674,0
316,CCCC(=O)NCc1nc(-c2ccc3[nH]c4c5c(c6c(O)[nH]c(O)c6c4c3c2)=CCC=5)cs1,CHEMBL3105,7.38,319,25,False,3.9283720739645984,0
2602,Cn1cc(-c2ccc(=O)n(CCOc3ccnc4cc(N5CCC(NC(=O)c6cc(Cc7n[nH]c(=O)c8ccccc78)ccc6F)CC5)ccc34)n2)cn1,CHEMBL3105,7.38,2607,14,False,13.502105009014262,1
2155,O=C(c1cccc(C(F)(F)F)c1)N1CCN(Cc2c(O)cc(O)c3c(=O)cc(-c4ccc(O)cc4)oc23)CC1,CHEMBL3105,7.38,2173,46,False,5.223636193807465,0
1727,NC(=O)c1cccc2[nH]c(C(=O)N3CCNCC3)nc12,CHEMBL3105,7.38,1717,11,False,6.136470588235295,0
114,O=C(CCN1CCCCC1)N1CCc2[nH]c(=O)c3ccccc3c2C1,CHEMBL3105,7.38,114,12,False,8.49333324895965,0
43,O=c1[nH]c2ccc(N3C[C@H]4C[C@@H]3CN4)nc2c2ccccc12,CHEMBL3105,7.38,57,3,False,4.23690146891779,0
319,NCc1nc(-c2ccc3[nH]c4c5c(c6c(O)[nH]c(O)c6c4c3c2)=CCC=5)cs1,CHEMBL3105,7.38,319,25,False,4.079999722072075,0
709,CCCN1CCC(Oc2ccc3[nH]c(=O)c4c(c3c2)CCSC4)CC1,CHEMBL3105,7.38,853,23,False,4.096438439783137,0
1923,CC(C)c1nnc2n1CCN(C(=O)c1ccc(/C=C3\Oc4c(C(N)=O)cccc4C3=O)cc1)C2,CHEMBL3105,7.38,1909,19,False,4.92,0
1926,NC(=O)c1cccc2c1O/C(=C\c1cccc(C(=O)N3CCn4c(nnc4C(F)(F)F)C3)c1)C2=O,CHEMBL3105,7.38,1926,3,False,4.994545391397372,0
3176,CC(CC(=O)N1CCN(c2ccc(C#N)cn2)CC1)c1nc(=O)c2ccccc2[nH]1,CHEMBL3105,7.38,3144,37,False,4.649056436464689,0
2117,Cc1c(CN2CCN(C(=O)c3cc4cccc(C(N)=O)c4o3)CC2)sc2c(N3CCOCC3)nc(-c3cccc4[nH]ncc34)nc12,CHEMBL3105,7.37,2108,14,False,6.998094920290311,0
2294,C[C@H]1CCC[C@]2(C)CC3OC(=O)C(CN(C)CCCC(=O)N4CCN(C(=O)c5cc(Cc6n[nH]c(=O)c7ccccc67)ccc5F)CC4)C3C=C12,CHEMBL3105,7.37,2295,14,False,5.86500034958126,0
2152,CC(=O)N1CCN(Cc2c(O)cc(O)c3c(=O)cc(-c4ccc(O)cc4)oc23)CC1,CHEMBL3105,7.37,2173,46,False,5.8975003515184135,0
2238,CCC1C(=O)N(C)c2cnc(Nc3ccc(-c4nc5c(C(N)=O)cccc5[nH]4)cc3)nc2N1C1CCCC1,CHEMBL3105,7.37,2242,17,False,7.292105697801264,0
1451,O=C(c1ccccc1C(F)(F)F)N1CCCN(CC2=Nc3cccc4c(=O)[nH]nc(c34)N2)CC1,CHEMBL3105,7.37,1463,14,False,4.838906254506582,0
2916,Cc1cc(CN2CCN(c3ccc(Br)cn3)CC2)cc2[nH]c(=O)c3c(c12)NCCC3,CHEMBL3105,7.37,2924,48,False,4.563999891185762,0
1011,NC(=O)c1ccccc1OCC(=O)N1CCc2ccccc2C1,CHEMBL3105,7.37,singleton,1,True,4.24865664082398,0
2663,NC(=O)c1cccc2[nH]c(NC(=O)c3cccc(C(=O)N4CCC(Nc5ncc(Cl)cn5)CC4)c3)nc12,CHEMBL3105,7.37,2666,5,False,5.345192626290616,0
2655,NC(=O)c1cccc2[nH]c(-c3ccc(C(=O)N4CCN(C(=O)c5ccc(Cl)o5)CC4)cc3)nc12,CHEMBL3105,7.37,2614,9,False,19.29299954001905,1
3099,Cc1cc(F)cc2c(=O)[nH]c(C[C@@H](C)CC(=O)N3CCC(C(=O)c4cnn(C)c4)CC3)nc12,CHEMBL3105,7.37,3095,17,False,6.823792822945003,0
2667,CC1c2ccccc2CCN1C(=O)c1cc(Cc2n[nH]c(=O)c3ccccc23)ccc1F,CHEMBL3105,7.37,401,173,False,11.915999431800872,0
518,O=C(NCCc1c[nH]c2ccc3c(c12)CCNC3=O)c1ccccn1,CHEMBL3105,7.36,520,17,False,4.719999966507867,0
2154,COc1ccc(C(=O)N2CCN(Cc3c(O)cc(O)c4c(=O)cc(-c5ccc(O)cc5)oc34)CC2)cc1,CHEMBL3105,7.36,2173,46,False,5.326829082436826,0
92,Cc1cccc2c(=O)[nH]c3cc(C(F)(F)F)c(N)cc3c12,CHEMBL3105,7.36,92,3,False,4.265454406777695,0
1512,Cn1c2cccc(C(N)=O)c2c(=O)n1C1CCN(CC2CC=CCC2)CC1,CHEMBL3105,7.36,1497,12,False,4.065352085373085,0
2179,O=c1cc(-c2ccc(O)cc2)oc2c(CN3CCN(Cc4ccoc4)CC3)c(O)cc(O)c12,CHEMBL3105,7.36,2173,46,False,5.731764545110687,0
2932,CCNC(=O)c1ccc(N2CCN(Cc3cc(C)c4c5c(c(=O)[nH]c4c3)CCCN5)CC2)cc1F,CHEMBL3105,7.36,2924,48,False,4.378108189215926,0
859,O=C(NCCN1CCN(c2ccncc2)CC1)c1ccc2[nH]c(=O)c3c(c2c1)CCSC3,CHEMBL3105,7.36,865,6,False,4.174999937787653,0
2003,NC(=O)c1c(F)ccc2[nH]c(-c3ccc(N4CCNCC4)cc3)nc12,CHEMBL3105,7.36,2004,2,False,5.056666892717293,0
3063,O=c1[nH]c2cc(CN3C[C@@H]4C[C@H]3CN4c3ccc(Cl)nn3)cc(F)c2c2c1CCCN2,CHEMBL3105,7.36,3064,2,False,4.0949999466072775,0
2256,COC1CC(NC(=O)c2cc(Cc3n[nH]c(=O)c4ccccc34)ccc2F)C1,CHEMBL3105,7.36,2256,6,False,9.23999977970124,0
1457,O=C1NNc2nc(CNCCc3ccccc3)nc3cccc1c23,CHEMBL3105,7.36,1457,8,False,4.181333156105332,0
2162,O=C(OCc1ccccc1)N1CCN(Cc2c(O)cc(O)c3c(=O)cc(-c4ccc(O)cc4)oc23)CC1,CHEMBL3105,7.36,2173,46,False,5.376,0
2293,C[C@H]1CCC[C@]2(C)CC3OC(=O)C(CN(C)CCC(=O)N4CCN(C(=O)c5cc(Cc6n[nH]c(=O)c7ccccc67)ccc5F)CC4)C3C=C12,CHEMBL3105,7.36,2295,14,False,5.584615077351695,0
1054,Cn1c(C(=O)N2CCNCC2)cc2[nH]c(=O)c3ccccc3c21,CHEMBL3105,7.36,1060,9,False,5.400000321865106,0
755,Nc1ncnc2c1ncn2C1OC(C(=O)N2CCN(CC(=O)Nc3cccc4c3CNC4=O)CC2)[C@@H](O)[C@H]1O,CHEMBL3105,7.35,2701,4,False,4.107738019454203,0
710,CCCCCN1CCC(Oc2ccc3[nH]c(=O)c4c(c3c2)CCSC4)CC1,CHEMBL3105,7.35,710,13,False,4.031052720099277,0
1819,O=C(c1cc(Cc2n[nH]c(=O)c3ccccc23)ccc1F)N1CCC2(CC1)CCN(C(=O)C1CC1)CC2,CHEMBL3105,7.35,401,173,False,14.079999999999998,0
880,O=C1NCC2c3c(cccc31)CCN2C(=O)C1CCCN1C(=O)c1cc(Cc2n[nH]c(=O)c3ccccc23)ccc1F,CHEMBL3105,7.35,879,11,False,13.860000344216832,1
449,Nc1ncnc2c1ncn2[C@@H]1O[C@H](COC(=O)N2CCN(CC(=O)Nc3cccc4c3CNC4=O)CC2)[C@@H](O)[C@H]1O,CHEMBL3105,7.35,2701,4,False,4.120114874783084,0
68,CN1CCN(c2ccc3[nH]c(=O)c4ccccc4c3n2)CC1,CHEMBL3105,7.35,68,6,False,4.419818258455766,0
2194,Cn1cccc1/C=C1\C(=O)NC(=O)c2ccccc21,CHEMBL3105,7.35,singleton,1,True,4.433823443910553,0
1484,Nc1ccc(S(=O)(=O)N2CCN(CC3=Nc4cccc5c(=O)[nH]nc(c45)N3)CC2)cc1,CHEMBL3105,7.35,1463,14,False,6.815002234131839,0
2887,CNC(=O)c1ccc(N2CCN(c3nc4c(C(N)=O)cc(F)cc4[nH]3)CC2)nc1,CHEMBL3105,7.35,2880,26,False,4.491111162099891,0
853,CCCN1CCN(C(=O)c2ccc3[nH]c(=O)c4c(c3c2)CCSC4)CC1,CHEMBL3105,7.35,853,23,False,4.354999922126533,0
2150,O=C(C1CCCCC1)N1CCN(Cc2c(O)cc(O)c3c(=O)cc(-c4ccc(O)cc4)oc23)CC1,CHEMBL3105,7.35,2173,46,False,5.465789370804283,0
519,O=C(NCCc1c[nH]c2ccc3c(c12)CCNC3=O)c1cccnc1,CHEMBL3105,7.35,520,17,False,4.541111020887341,0
2701,Nc1ncnc2c1ncn2[C@@H]1OC(C(=O)N2CCN(CC(=O)Nc3cccc4c3CNC4=O)CC2)[C@@H](O)[C@H]1O,CHEMBL3105,7.35,2701,4,False,4.107738019454203,0
3053,O=c1[nH]c2cc(CN3CCN(c4ccc5oncc5c4)CC3)ccc2c2c1CCCN2,CHEMBL3105,7.35,1374,108,False,4.456323795029362,0
145,O=c1[nH]c(CCCN2CCC(c3ccccc3)CC2)nc2ccccc12,CHEMBL3105,7.34,136,28,False,6.642857821620308,0
1114,O=C(c1csc(Cc2n[nH]c(=O)c3ccccc23)c1)N1CCN(C(=O)c2ccccn2)CC1,CHEMBL3105,7.34,1115,9,False,5.71914916826407,0
302,CC(C)(C)OC(=O)NC(CCCc1nc(-c2ccc3[nH]c4c5c(c6c(O)[nH]c(O)c6c4c3c2)=CCC=5)cs1)C(=O)OC(C)(C)C,CHEMBL3105,7.34,singleton,1,True,4.014747426404527,0
266,CN(C)CCN(C)C(=O)c1cccc(Cc2n[nH]c(=O)c3ccccc23)c1,CHEMBL3105,7.34,singleton,1,True,5.315217294883414,0
2149,O=C(C1CCC1)N1CCN(Cc2c(O)cc(O)c3c(=O)cc(-c4ccc(O)cc4)oc23)CC1,CHEMBL3105,7.34,2173,46,False,5.5064865574512805,0
450,O=c1[nH]c2ccc(CCN3CC=C(c4ccccc4)CC3)cc2c2ccccc12,CHEMBL3105,7.34,232,4,False,4.280844998546973,0
332,Cc1cccc2c(=O)[nH]c(C3=CC(N4CCC(c5ccc(Cl)cc5)CC4)CC3)nc12,CHEMBL3105,7.34,singleton,1,True,4.031034433047922,0
2612,Cn1cccc1C(=O)N1CCN(C(=O)c2ccc(-c3nc4c(C(N)=O)cccc4[nH]3)cc2)CC1,CHEMBL3105,7.34,2614,9,False,9.326087512399875,0
2257,O=C(Nc1nc(-c2ccccc2)cs1)c1ccc(Cc2n[nH]c(=O)c3cccnc23)cc1,CHEMBL3105,7.34,singleton,1,True,4.785574079114775,0
567,CN1CCCCC1C(=O)Nc1ccc(-n2cc3cccc(C(N)=O)c3n2)cc1,CHEMBL3105,7.34,563,13,False,7.883332236939154,0
230,O=c1[nH]c2ccc(CCCN3CC=C(c4ccccc4)CC3)cc2c2ccccc12,CHEMBL3105,7.34,136,28,False,7.140000425577188,0
1485,CC(C)(C)OC(=O)NCC1=Nc2cccc3c(=O)[nH]nc(c23)N1,CHEMBL3105,7.33,singleton,1,True,4.403225891113779,0
854,CCN1CCN(C(=O)c2ccc3[nH]c(=O)c4c(c3c2)CCSC4)CC1,CHEMBL3105,7.33,853,23,False,4.410735313448551,0
2519,O=C(c1cc(Cc2n[nH]c(=O)c3ccccc23)ccc1F)N1CCn2c(nnc2-c2ccc([N+](=O)[O-])o2)C1,CHEMBL3105,7.33,2516,19,False,12.600869173354607,1
842,O=C(c1ccc2[nH]c(=O)c3c(c2c1)CCSC3)N1CCN(C2CCCC2)CC1,CHEMBL3105,7.33,853,23,False,8.319994049076529,0
325,O=c1[nH]c(CCCN2CCC(c3ccc(F)cc3)CC2)nc2c(Cl)cccc12,CHEMBL3105,7.33,784,2,False,4.161142772106251,0
1906,COc1cc(=C2N=NN=N2)ccc1=Cc1oc2c(C(N)=O)cccc2c1O,CHEMBL3105,7.33,1904,3,False,4.320000079228329,0
3159,C[C@@H]1CN(C(=O)CCc2nc(=O)c3ccccc3[nH]2)CCN1c1ccc(C#N)cn1,CHEMBL3105,7.33,3144,37,False,4.524109574265317,0
194,O=C(Nc1cccc(Cc2n[nH]c(=O)c3ccccc23)c1)c1ccc(-n2cccn2)nc1,CHEMBL3105,7.33,singleton,1,True,5.172545443334265,0
1922,NC(=O)c1cccc2c1O/C(=C\c1ccc(C(=O)N3CCn4c(CC5CC5)nnc4C3)cc1)C2=O,CHEMBL3105,7.33,1926,3,False,4.664090656362304,0
1869,COc1ccc(Br)cc1/C=C/c1nnc(-c2cccc3c(=O)c4ccccc4c(=O)[nH]c23)o1,CHEMBL3105,7.33,1869,10,False,7.507500447481896,0
2272,NC(=O)c1cccc2[nH]c(-c3ccc(OCCCCCCCC(O)=NO)cc3)nc12,CHEMBL3105,7.32,2272,9,False,31.199977684036938,0
2883,Cc1cccnc1N1CCN(c2nc3c(C(N)=O)cc(F)cc3[nH]2)CC1,CHEMBL3105,7.32,2880,26,False,4.517377080078633,0
2864,NC(=O)c1cccc2[nH]c(N3CCN(c4ncccn4)CC3)nc12,CHEMBL3105,7.32,2864,13,False,6.60733288699524,0
3087,N#Cc1csc(N2CCN(C(=O)c3ccc4c5c(c(=O)[nH]c4c3)CCCN5)CC2)n1,CHEMBL3105,7.32,3088,3,False,4.635428824039394,0
2333,Cc1noc(C)c1-c1ccc2c(c1)C(c1ccccc1)N(Cc1nc3c(C(N)=O)cccc3[nH]1)C(=O)N2C,CHEMBL3105,7.31,2335,9,False,4.737857134788621,0
928,CNC(=O)c1ccc(N2CCN(Cc3cc(C)c4c(c3)NC(=O)C(C)O4)CC2)c(Cl)c1,CHEMBL3105,7.31,924,18,False,4.37546503136808,0
312,O=C(NCc1nc(-c2ccc3[nH]c4c5c(c6c(O)[nH]c(O)c6c4c3c2)=CCC=5)cs1)C1CC1,CHEMBL3105,7.31,319,25,False,4.0122092828601845,0
1694,CCCN1CCC(NC(=O)c2nc3c(C(N)=O)cccc3[nH]2)CC1,CHEMBL3105,7.31,1682,26,False,5.092941247897167,0
2865,NC(=O)c1cccc2[nH]c(N3CCN(c4ncc(F)cn4)CC3)nc12,CHEMBL3105,7.31,2880,26,False,6.820000542004944,0
2876,NC(=O)c1cccc2[nH]c(N3CCN(c4ccnc(C(F)(F)F)c4)CC3)nc12,CHEMBL3105,7.31,2864,13,False,5.092941247897167,0
1467,COc1ccc2c(c1OC)CCN(CC1=Nc3cccc4c(=O)[nH]nc(c34)N1)C2,CHEMBL3105,7.31,singleton,1,True,4.25633346863853,0
1456,CC(=O)N1CCCN(CC2=Nc3cccc4c(=O)[nH]nc(c34)N2)CC1,CHEMBL3105,7.31,1463,14,False,4.626891765180214,0
2183,Cc1ccc(N2CCN(Cc3c(O)cc(O)c4c(=O)cc(-c5ccc(O)cc5)oc34)CC2)cc1,CHEMBL3105,7.31,2173,46,False,5.579714152683533,0
1181,CC(=O)Nc1ccc(-c2ccc(-c3nc4c(C(N)=O)cccc4[nH]3)cc2)cn1,CHEMBL3105,7.31,1170,19,False,9.846923663845462,0
598,O=C1NCC2c3c(cccc31)CCN2C(=O)c1cccc(C(=O)N2CCCNCC2)c1,CHEMBL3105,7.3,594,4,False,4.604650958542448,0
202,CCNC(=O)c1cccc(Cc2n[nH]c(=O)c3ccccc23)c1,CHEMBL3105,7.3,188,13,False,5.7794872148189,0
1392,COc1cc(CN2CCCC2)cc2[nH]c(=O)c3c(c12)NCCC3,CHEMBL3105,7.3,1423,37,False,23.04002197267718,0
1372,CN(CCO)Cc1ccc2c3c(c(=O)[nH]c2c1)CCCN3,CHEMBL3105,7.3,1374,108,False,7.19666709562145,0
2185,O=c1cc(-c2ccc(O)cc2)oc2c(CN3CCN(c4ccc(C(F)(F)F)cc4)CC3)c(O)cc(O)c12,CHEMBL3105,7.3,2173,46,False,5.384210424971384,0
2216,CC[C@H]1CN(C(=O)c2cc(Cn3c(=O)[nH]c(=O)c4ccccc43)ccc2F)CCN1CC,CHEMBL3105,7.3,2568,73,False,11.762221599037305,0
1390,CCNCc1cc(OC)c2c3c(c(=O)[nH]c2c1)CCCN3,CHEMBL3105,7.3,1423,37,False,4.527692764397955,0
1391,CCN(C)Cc1cc(OC)c2c3c(c(=O)[nH]c2c1)CCCN3,CHEMBL3105,7.3,1423,37,False,4.076470531064334,0
2029,CC1c2cccc(C(N)=O)c2C(=O)N1C1CCN(C2CCCCC2)CC1,CHEMBL3105,7.3,2029,4,False,4.309677551936414,0
1358,CC(c1ccc2c3c(c(=O)[nH]c2c1)CCCN3)N(C)C,CHEMBL3105,7.3,1358,2,False,4.180000166098283,0
2614,NC(=O)c1cccc2[nH]c(-c3ccc(C(=O)N4CCN(C(=O)c5ccccn5)CC4)cc3)nc12,CHEMBL3105,7.3,2614,9,False,9.716363636363639,0
2590,CCCS(=O)(=O)Oc1c(Br)cc(-c2nc3c(C(N)=O)cccc3[nH]2)cc1OC,CHEMBL3105,7.3,2592,4,False,5.4108000903024704,0
306,Cc1sc(N)nc1-c1ccc2[nH]c3c4c(c5c(O)[nH]c(O)c5c3c2c1)=CCC=4,CHEMBL3105,7.3,319,25,False,3.9911765405566646,0
414,CC(Oc1ccccc1)C(=O)N1CCN(C(=O)c2cc(COc3ccccc3C(N)=O)ccc2F)CC1,CHEMBL3105,7.3,418,8,False,4.871428073669016,0
1331,O=c1[nH]nc2c3c(cccc13)Oc1ccc(CNCCN3CCOCC3)cc1-2,CHEMBL3105,7.3,1333,13,False,4.360000030573676,0
2473,Cn1c(COc2cccc3c(=O)[nH]nc(Cc4ccccc4)c23)cnc1[N+](=O)[O-],CHEMBL3105,7.3,singleton,1,True,5.32806460832892,0
1329,O=c1[nH]nc2c3c(cccc13)Oc1ccc(CN3CCCC(O)C3)cc1-2,CHEMBL3105,7.3,1333,13,False,4.526470818357702,0
1501,Cn1c2cccc(C(N)=O)c2c(=O)n1C1CCNCC1,CHEMBL3105,7.3,1497,12,False,4.286333439785577,0
2178,O=c1cc(-c2ccc(O)cc2)oc2c(CN3CCN(Cc4ccsc4)CC3)c(O)cc(O)c12,CHEMBL3105,7.3,2173,46,False,5.562857010228296,0
5,O=C(CCn1c2c(c(=O)[nH]c1=O)CSCC2)NCC(=O)N1CCN(c2ncncn2)CC1,CHEMBL3105,7.3,3,15,False,5.262608313785862,0
1012,O=C(Cc1n[nH]c(=O)c2ccccc12)NCc1ccc(N2CCOCC2)nc1,CHEMBL3105,7.3,1012,2,False,5.070175290144421,0
57,CN1C[C@H]2C[C@@H]1CN2c1ccc2[nH]c(=O)c3ccccc3c2n1,CHEMBL3105,7.29,57,3,False,4.167777805379878,0
1448,CC(C)(C)OC(=O)N1CCCN(CC2=Nc3cccc4c(=O)[nH]nc(c34)N2)CC1,CHEMBL3105,7.29,1463,14,False,4.579142669985252,0
2346,Cc1cnc(N2CCN(Cc3ccc4c5c(c(=O)[nH]c4c3)CCCN5)CC2)n1C,CHEMBL3105,7.29,1374,108,False,5.184999896983308,0
372,O=C(c1cccc(Cc2n[nH]c(=O)c3ccccc23)c1)N1CCN(c2ccccc2)CC1,CHEMBL3105,7.29,421,39,False,6.914721855867074,0
1896,NC(=O)c1cc(Cl)cc2[nH]c(-c3cc4c(s3)CNCC4)nc12,CHEMBL3105,7.29,1895,18,False,4.522499784350406,0
1854,Cc1cc(-c2nnc(-c3ccccc3Cl)o2)c2[nH]c(=O)c3ccccc3c(=O)c2c1,CHEMBL3105,7.29,1856,3,False,5.32,0
2153,O=C(c1ccccc1)N1CCN(Cc2c(O)cc(O)c3c(=O)cc(-c4ccc(O)cc4)oc23)CC1,CHEMBL3105,7.29,2173,46,False,5.483333115445252,0
1830,O=C(c1cc(Cc2n[nH]c(=O)c3ccccc23)ccc1F)N1CCC2(CCCC2)C1,CHEMBL3105,7.29,401,173,False,25.080010464195826,0
2186,O=c1cc(-c2ccc(O)cc2)oc2c(CN3CCN(c4ccc(F)cc4)CC3)c(O)cc(O)c12,CHEMBL3105,7.29,2173,46,False,5.545999867773059,0
1929,NC(=O)c1cccc2c1O/C(=C\c1ccc(C(=O)NCCc3nc4cc(F)ccc4[nH]3)cc1)C2=O,CHEMBL3105,7.29,1927,9,False,4.5016664281597984,0
3138,O=C(NC1CCC1)c1ccc(N2CCN(C(=O)CCc3nc(=O)c4ccccc4[nH]3)CC2)c(Cl)c1,CHEMBL3105,7.29,3135,8,False,4.712500280886906,0
1802,O=C(c1cc(Cc2n[nH]c(=O)c3ccccc23)cc(F)c1F)N1CCN(c2nsc3ccccc23)CC1,CHEMBL3105,7.28,1767,12,False,10.706087844358345,0
2936,CNC(=O)c1ccc(N2CCN(Cc3cc(C)c4c5c(c(=O)[nH]c4c3)CCCN5)CC2)c(C)c1,CHEMBL3105,7.28,2924,48,False,4.384615545442123,0
2937,CCNC(=O)c1ccc(N2CCN(Cc3cc(C)c4c5c(c(=O)[nH]c4c3)CCCN5)CC2)c(C)c1,CHEMBL3105,7.28,2924,48,False,4.295853839647131,0
1469,COc1ccc(S(=O)(=O)N2CCN(CC3=Nc4cccc5c(=O)[nH]nc(c45)N3)CC2)cc1,CHEMBL3105,7.28,1463,14,False,5.795001640692816,0
923,Cc1cc(C(=O)NC2CC2)ccc1N1CCN(Cc2cc(C)c3c(c2)NC(=O)C(C)O3)CC1,CHEMBL3105,7.28,924,18,False,4.342247022343265,0
2328,Cc1noc(C)c1-c1ccc2c(c1)C(c1ccccc1)N(CC(=O)N[C@@H](C)c1nc3c(C(N)=O)cccc3[nH]1)C(=O)N2,CHEMBL3105,7.28,2335,9,False,6.55700105523484,0
1629,COC(=O)c1nc(C(F)(F)F)n2c1CN(C(=O)c1cc(Cc3n[nH]c(=O)c4ccccc34)ccc1F)CC2,CHEMBL3105,7.28,401,173,False,6.911249588057421,0
3014,C[C@@H]1CN(Cc2ccc3c4c(c(=O)[nH]c3c2)CCCN4)CCN1c1ccc(C#N)c(F)c1,CHEMBL3105,7.28,3065,7,False,4.559999999999999,0
311,O=C(NCc1nc(-c2ccc3[nH]c4c5c(c6c(O)[nH]c(O)c6c4c3c2)=CCC=5)cs1)C1CCCC1,CHEMBL3105,7.28,319,25,False,4.032954499016955,0
3173,N#Cc1cnc(N2CCN(C(=O)CCc3nc(=O)c4ccccc4[nH]3)CC2)s1,CHEMBL3105,7.28,3144,37,False,4.696119369562921,0
716,O=c1[nH]c2ccc(OC3CCN(Cc4ccccc4)CC3)cc2c2c1CSCC2,CHEMBL3105,7.28,710,13,False,4.48,0
509,CN1CCC(C(=O)NCCc2c[nH]c3ccc4c(c23)CCNC4=O)C1,CHEMBL3105,7.28,520,17,False,4.289230690566748,0
1639,O=C1NNc2c3c(nc4c(Cl)ccc1c24)CCCCC3,CHEMBL3105,7.28,1635,8,False,27.69000165045271,0
305,CNc1nc(-c2ccc3[nH]c4c5c(c6c(O)[nH]c(O)c6c4c3c2)=CCC=5)cs1,CHEMBL3105,7.27,319,25,False,3.9176249357851245,0
2616,NC(=O)c1cccc2[nH]c(-c3ccc(C(=O)N4CCN(C(=O)c5ccco5)CC4)cc3)nc12,CHEMBL3105,7.27,2614,9,False,12.848125717944976,0
2878,CN(C)C(=O)c1ccc(N2CCN(c3nc4c(C(N)=O)cccc4[nH]3)CC2)nc1,CHEMBL3105,7.27,2864,13,False,5.406041800927169,0
303,CC(=O)Nc1nc(-c2ccc3[nH]c4c5c(c6c(O)[nH]c(O)c6c4c3c2)=CCC=5)cs1,CHEMBL3105,7.27,319,25,False,4.051463326285599,0
1759,O=C(Nc1cc(Cn2c(=O)[nH]c(=O)c3ccccc32)cnc1F)C1CCN(C(=O)C2CC2)C1,CHEMBL3105,7.27,1747,14,False,6.407777438281514,0
2025,O=C1NCCn2c(C3CCNCC3)nc3cncc1c32,CHEMBL3105,7.27,2025,6,False,4.250999923986197,0
576,NC(=O)c1cccc2cn(-c3ccc(C(=O)NCCN4CCOCC4)cc3)nc12,CHEMBL3105,7.27,579,5,False,4.717999887514118,0
3167,O=C(CCc1nc(=O)c2ccccc2[nH]1)N1CCN(c2ccccn2)CC1,CHEMBL3105,7.27,3144,37,False,4.6154165978916,0
3146,Cc1cccc2[nH]c(CCC(=O)N3CCN(c4ccc(C#N)cn4)CC3)nc(=O)c12,CHEMBL3105,7.27,3144,37,False,4.564999863952402,0
2921,Cc1cc(CN2CCN(c3ccc(Cl)cc3)CC2)cc2[nH]c(=O)c3c(c12)NCCC3,CHEMBL3105,7.27,2924,48,False,4.538909189287297,0
1909,NC(=O)c1cccc2c1O/C(=C\c1ccc(C(=O)N3CCN(c4ncccn4)CC3)cc1)C2=O,CHEMBL3105,7.26,1909,19,False,5.428799715248123,0
1898,CN1CCc2cc(-c3nc4c(C(N)=O)cccc4[nH]3)sc2C1,CHEMBL3105,7.26,1901,3,False,5.633333109484789,0
192,O=C(Nc1cccc(Cc2n[nH]c(=O)c3ccccc23)c1)C1CC1,CHEMBL3105,7.26,188,13,False,5.789230680752554,0
2164,O=c1cc(-c2ccc(O)cc2)oc2c(CN3CCN(CC4CC4)CC3)c(O)cc(O)c12,CHEMBL3105,7.26,2173,46,False,5.705000340044518,0
746,NC(=O)c1cccc2cc(-c3ccccc3)nn12,CHEMBL3105,7.26,singleton,1,True,4.182033813807242,0
2873,NC(=O)c1cccc2[nH]c(N3CCN(c4cc(C(F)(F)F)ncn4)CC3)nc12,CHEMBL3105,7.26,2864,13,False,5.169411837204932,0
918,CCNC(=O)c1ccc(N2CCN(Cc3cc4c(c(OCC)c3)OC(C)C(=O)N4)CC2)c(C)c1,CHEMBL3105,7.26,924,18,False,4.264166605773175,0
1643,O=C1NNc2c3c(nc4cccc1c24)CCc1ccccc1-3,CHEMBL3105,7.26,singleton,1,True,4.998666944747516,0
721,CCCN1CCCC(Oc2ccc3[nH]c(=O)c4c(c3c2)CCSC4)C1,CHEMBL3105,7.25,710,13,False,4.048469333584013,0
1786,O=C(c1cc(Cc2n[nH]c(=O)c3ccccc23)cc(F)c1F)N1CCN(c2ccccc2F)CC1,CHEMBL3105,7.25,401,173,False,21.389996685147796,3
196,O=C(Nc1cccc(Cc2n[nH]c(=O)c3ccccc23)c1)c1ccc(-c2ccsc2)s1,CHEMBL3105,7.25,singleton,1,True,5.02415112420392,0
1905,NC(=O)c1cccc2c(O)c(C=c3ccc(=C4N=NN=N4)c(F)c3)oc12,CHEMBL3105,7.25,1904,3,False,4.287352835951589,0
2897,NC(=O)c1cc(F)cc2[nH]c(N3CCN(c4ncc(C(F)(F)F)cn4)CC3)nc12,CHEMBL3105,7.25,2880,26,False,4.466190598729611,0
2156,O=C(c1ccc(Cl)cc1)N1CCN(Cc2c(O)cc(O)c3c(=O)cc(-c4ccc(O)cc4)oc23)CC1,CHEMBL3105,7.25,2173,46,False,5.302631479138484,0
314,CCCCC(=O)NCc1nc(-c2ccc3[nH]c4c5c(c6c(O)[nH]c(O)c6c4c3c2)=CCC=5)cs1,CHEMBL3105,7.25,319,25,False,4.061348434284384,0
924,CCNC(=O)c1ccc(N2CCN(Cc3cc(C)c4c(c3)NC(=O)C(C)O4)CC2)c(C)c1,CHEMBL3105,7.25,924,18,False,5.254166979839426,0
317,CCC(=O)NCc1nc(-c2ccc3[nH]c4c5c(c6c(O)[nH]c(O)c6c4c3c2)=CCC=5)cs1,CHEMBL3105,7.25,319,25,False,4.092000097560885,0
1018,O=C(CCc1nc(=O)c2ccccc2[nH]1)N1CCN(C(=O)c2ccc(F)cc2)CC1,CHEMBL3105,7.25,1020,7,False,4.869272832811374,0
313,CC(C)CC(=O)NCc1nc(-c2ccc3[nH]c4c5c(c6c(O)[nH]c(O)c6c4c3c2)=CCC=5)cs1,CHEMBL3105,7.25,319,25,False,4.068749953150242,0
3005,Cc1cc(CN2CCN(c3ncc(F)cn3)CC2C)cc2[nH]c(=O)c3c(c12)NCCC3,CHEMBL3105,7.25,singleton,1,True,4.180588337898668,0
2447,Cc1c2ccc(N(C)c3nc(Nc4ccc(-c5nc6c(C(N)=O)cccc6[nH]5)cc4)nc4ccsc34)cc2nn1C,CHEMBL3105,7.25,2454,31,False,5.16666692796381,0
1822,O=C(c1cc(Cc2n[nH]c(=O)c3ccccc23)ccc1F)N1CCC2(CCCCC2)CC1,CHEMBL3105,7.24,401,173,False,7.808000000000001,0
2999,CCOC(=O)c1csc(N2CCN(Cc3ccc4c5c(c(=O)[nH]c4c3)CCCN5)CC2)n1,CHEMBL3105,7.24,3000,2,False,4.390107555018364,0
2013,CC(C)NCc1ccc(-c2nc3cncc4c3n2CCNC4=O)cc1,CHEMBL3105,7.24,2019,11,False,4.252499920791017,0
2925,Cc1cc(CN2CCN(c3ccc(C#N)cc3Cl)CC2)cc2[nH]c(=O)c3c(c12)NCCC3,CHEMBL3105,7.24,2924,48,False,4.535405489427274,0
862,O=C(NCCN1CCCCC1)c1ccc2[nH]c(=O)c3c(c2c1)CCSC3,CHEMBL3105,7.24,853,23,False,4.182417653643729,0
3175,N#Cc1ccc(N2CCN(C(=O)CCc3nc(=O)c4cccnc4[nH]3)CC2)nc1,CHEMBL3105,7.24,3144,37,False,4.646285524383863,0
53,O=c1[nH]c2ccc(N3CCNCC3)nc2c2ccccc12,CHEMBL3105,7.24,68,6,False,4.393650660631371,0
96,O=C(O)c1ccc2c(c1)[nH]c(=O)c1ccccc12,CHEMBL3105,7.24,96,5,False,4.670400044540406,0
1053,O=C(c1cc(Cc2n[nH]c(=O)c3ccccc23)ccc1F)N1CCN(/[N+]([O-])=N/Oc2ccc([N+](=O)[O-])cc2[N+](=O)[O-])CC1,CHEMBL3105,7.24,1053,2,False,6.29720037534239,0
1936,NC(=O)c1cccc2c1O/C(=C\c1ccc(C(=O)N3CCC(c4nc5ccccc5[nH]4)CC3)cc1)C2=O,CHEMBL3105,7.24,1909,19,False,5.249122982665045,0
1902,NC(=O)c1cccc2[nH]c(-c3cc4c(s3)CCNC4)nc12,CHEMBL3105,7.24,1895,18,False,5.469565330786609,0
522,CN1CCCN(C(=O)NCCc2c[nH]c3ccc4c(c23)CCNC4=O)CC1,CHEMBL3105,7.24,520,17,False,4.341600155267721,0
1913,NC(=O)c1cccc2c1O/C(=C\c1cccc(C(=O)N3CCN(c4ncccn4)CC3)c1)C2=O,CHEMBL3105,7.24,1909,19,False,5.1555556921311405,0
1892,CN1CCc2sc(-c3nc4c(C(N)=O)cc(F)cc4[nH]3)cc2C1,CHEMBL3105,7.24,1895,18,False,4.703333314643967,0
288,COC(=O)c1ccc2[nH]c3c4c(c5c(c3c2c1)CNC5=O)CCC4,CHEMBL3105,7.23,289,14,False,4.3831037365554115,0
2165,O=c1cc(-c2ccc(O)cc2)oc2c(CN3CCN(CC4CCCCC4)CC3)c(O)cc(O)c12,CHEMBL3105,7.23,2173,46,False,5.444857013041636,0
695,O=C(c1cc(Cc2c[nH]c(=O)c3cc(Cl)c(Cl)n23)ccc1F)N1CCOCC1,CHEMBL3105,7.23,704,51,False,7.69090892421313,0
1642,CC(=O)NN=c1cc2[nH]c3c(c4[nH][nH]c(=O)c(c1)c24)CCCCC3,CHEMBL3105,7.23,singleton,1,True,4.127222263222492,0
2809,O=c1[nH]nc2c3c(cccc13)N=C1CN(Cc3ccccc3)CCN12,CHEMBL3105,7.23,2809,6,False,4.658356149169332,0
2938,Cc1cc(C(=O)NC2CC2)ccc1N1CCN(Cc2cc(C)c3c4c(c(=O)[nH]c3c2)CCCN4)CC1,CHEMBL3105,7.23,2924,48,False,4.588571819285986,0
124,O=C(CN1CCCCC1)N1CCc2[nH]c(=O)c3ccccc3c2C1,CHEMBL3105,7.23,114,12,False,4.571587427018213,0
35,O=C(Cn1c2c(c(=O)[nH]c1=O)CSCC2)NCCC(=O)N1CCN(c2ncccn2)CC1,CHEMBL3105,7.22,3,15,False,4.296296283650409,0
1713,NC(=O)c1cccc2[nH]c(C(=O)N3CCC(NC4CCNCC4)C3)nc12,CHEMBL3105,7.22,1704,5,False,7.632001091766511,0
38,O=C(CCn1c2c(c(=O)[nH]c1=O)CSCC2)NCC(=O)c1ccc(Cl)cc1,CHEMBL3105,7.22,26,23,False,4.102736924477364,0
1489,O=C(O)c1ccc2c3ccccc3c(=O)n(CCCO)c2c1,CHEMBL3105,7.22,singleton,1,True,4.1760000995636,0
1414,CCOc1cc(CN(C)C)cc2[nH]c(=O)c3c(c12)NCCC3,CHEMBL3105,7.22,1423,37,False,3.930352852981727,0
1397,COc1cc(CN2CC=CC2)cc2[nH]c(=O)c3c(c12)NCCC3,CHEMBL3105,7.22,1423,37,False,4.292000170548762,0
164,O=c1[nH]c(=O)n(CCCCN2CC=C(c3ccccc3)CC2)c2cccc(F)c12,CHEMBL3105,7.22,singleton,1,True,4.193846051293249,0
1952,Cc1cc(F)cc2c(=O)[nH]c(-c3ccc(C(C)(C)O)cc3)nc12,CHEMBL3105,7.22,1948,9,False,4.326060524016374,0
297,CC(C)(C)C(=O)OCc1nc(-c2ccc3[nH]c4c5c(c6c(O)[nH]c(O)c6c4c3c2)=CCC=5)cs1,CHEMBL3105,7.22,319,25,False,4.016511700284554,0
2184,O=c1cc(-c2ccc(O)cc2)oc2c(CN3CCN(c4ccc(Cl)cc4)CC3)c(O)cc(O)c12,CHEMBL3105,7.22,2173,46,False,5.427999870586398,0
1418,CCNCc1cc(OCC)c2c3c(c(=O)[nH]c2c1)CCCN3,CHEMBL3105,7.22,1415,6,False,3.9251163089942644,0
352,COc1ccc(-c2nc3c(C(N)=O)cccc3[nH]2)cc1,CHEMBL3105,7.22,1170,19,False,6.975293848625939,0
861,O=C(NCCN1CCOCC1)c1ccc2[nH]c(=O)c3c(c2c1)CCSC3,CHEMBL3105,7.22,865,6,False,4.244835226002875,0
1657,NCCOc1c(-c2ccc(F)cc2)[nH]c(=O)c2cc(F)ccc12,CHEMBL3105,7.22,1651,17,False,9.538461888330234,0
2927,Cc1cc(F)ccc1N1CCN(Cc2cc(C)c3c4c(c(=O)[nH]c3c2)CCCN4)CC1,CHEMBL3105,7.22,2924,48,False,4.467567653931172,0
764,NC(=O)c1ccc2c(c1)[nH]c(=O)c1ccsc12,CHEMBL3105,7.22,765,2,False,4.683636363636364,0
510,CN1CCC(C(=O)NCCc2c[nH]c3ccc4c(c23)CCNC4=O)CC1,CHEMBL3105,7.22,520,17,False,4.360416926567768,0
1363,O=c1[nH]c2cc(CN3CCCC3)ccc2c2c1CCCN2,CHEMBL3105,7.22,1374,108,False,14.189993233683955,0
2218,CC[C@H]1CN(C(=O)c2cc(Cn3c(=O)[nH]c(=O)c4ccccc43)ccc2F)CCN1CC(F)(F)F,CHEMBL3105,7.22,2568,73,False,15.40999918354886,1
1182,NC(=O)c1cccc2[nH]c(-c3ccc(-c4cncc(CN5CCCC5)c4)cc3)nc12,CHEMBL3105,7.21,singleton,1,True,6.6745945085758205,0
2461,Cc1ccc(Nc2nccc(N(C)c3ccc4c(C)n(C)nc4c3)n2)cc1-c1nc2c(C(N)=O)cccc2[nH]1,CHEMBL3105,7.21,2454,31,False,5.028571086027207,0
418,NC(=O)c1ccccc1OCc1ccc(F)c(C(=O)N2CCNCC2)c1,CHEMBL3105,7.21,418,8,False,4.885999883508684,0
2692,Cc1c(Cc2ccc(F)c(C(=O)N3Cc4nnc(-c5ccccn5)n4C(C)C3)c2)n[nH]c(=O)c1C,CHEMBL3105,7.21,2688,22,False,10.15909234034148,0
2520,O=C(c1cc(Cc2n[nH]c(=O)c3ccccc23)ccc1F)N1CCn2c(nnc2-c2ccc(C(F)(F)F)o2)C1,CHEMBL3105,7.21,2516,19,False,15.062497531064254,1
2331,Cc1noc(C)c1-c1ccc2c(c1)C(c1ccccc1)N(CC(=O)NC(C)(C)c1nc3c(C(N)=O)cccc3[nH]1)C(=O)N2,CHEMBL3105,7.21,2335,9,False,4.732692336624662,0
1761,O=C(Nc1cc(Cn2c(=O)[nH]c(=O)c3ccccc32)cnc1F)C1CCN(Cc2ccncc2)C1,CHEMBL3105,7.21,1747,14,False,7.585000339075937,0
457,CN(C)CCCOc1ccc(-c2nc3cccc4c3n2CCNC4=O)cc1,CHEMBL3105,7.2,1045,4,False,4.243478288362067,0
2945,N#Cc1ccc(N2CCN(Cc3cc(CO)c4c5c(c(=O)[nH]c4c3)CCCN5)CC2)c(F)c1,CHEMBL3105,7.2,2924,48,False,5.0378788151770575,0
166,O=c1[nH]c(CCCN2CC=C(c3ccccc3)CC2)nc2cccc(Cl)c12,CHEMBL3105,7.19,136,28,False,4.130921004035116,0
2281,C=C1C(=O)OC2C[C@@]3(C)CCC=C(COC(=O)CC4CCCN(C(=O)c5cc(Cc6n[nH]c(=O)c7ccccc67)ccc5F)C4)C3=CC12,CHEMBL3105,7.19,2277,10,False,6.1823995283203494,0
227,O=c1[nH]nc(CCCCN2CC=C(c3ccccc3)CC2)c2ccccc12,CHEMBL3105,7.19,227,3,False,4.962413507519963,0
1695,CC(C)N1CCC(NC(=O)c2nc3c(C(N)=O)cccc3[nH]2)CC1,CHEMBL3105,7.19,1682,26,False,5.351020043653953,0
849,CC(C)CCN1CCN(C(=O)c2ccc3[nH]c(=O)c4c(c3c2)CCSC4)CC1,CHEMBL3105,7.19,853,23,False,4.519726219296261,0
559,NC(=O)c1cccc2cn(-c3ccc(CNC(=O)C4CNC4)cc3)nc12,CHEMBL3105,7.19,580,33,False,4.965689522492549,0
284,CN(Cc1ccncc1)C(=O)c1ccc2[nH]c3c4c(c5c(c3c2c1)CNC5=O)CCC4,CHEMBL3105,7.19,289,14,False,4.11517251528968,0
1912,COc1ccnc(N2CCN(C(=O)c3ccc(/C=C4\Oc5c(C(N)=O)cccc5C4=O)cc3)CC2)n1,CHEMBL3105,7.18,1909,19,False,5.022580509962331,0
2806,CCN1CCN2C(=Nc3cccc4c(=O)[nH]nc2c34)C1,CHEMBL3105,7.18,2809,6,False,4.538947439616408,0
1843,O=C(c1cc(Cc2n[nH]c(=O)c3ccccc23)ccc1F)N1CC2(CCCCC2)C1,CHEMBL3105,7.18,401,173,False,8.71889004374743,0
1911,N#Cc1cccnc1N1CCN(C(=O)c2ccc(/C=C3\Oc4c(C(N)=O)cccc4C3=O)cc2)CC1,CHEMBL3105,7.18,1909,19,False,5.022580509962331,0
296,Oc1[nH]c(O)c2c1c1c(c3[nH]c4ccc(-c5csc(-c6ccno6)n5)cc4c32)=CCC=1,CHEMBL3105,7.18,319,25,False,4.100740740740742,0
143,CCc1cccc2c(=O)[nH]c(CCCN3CC=C(c4ccccc4)CC3)nc12,CHEMBL3105,7.18,136,28,False,4.2812904048983205,0
1908,NC(=O)c1cccc2c1O/C(=C\c1ccc(C(=O)N3CCN(c4ccccn4)CC3)cc1)C2=O,CHEMBL3105,7.18,1909,19,False,5.215384567559823,0
1743,O=C(NCCc1ccc(/C=C/C(O)=NO)cc1)c1cc(Cc2n[nH]c(=O)c3ccccc23)ccc1F,CHEMBL3105,7.17,singleton,1,True,6.18,0
1024,O=C(CCc1nc(=O)c2ccccc2[nH]1)N1CCN(C(=O)C2CC2)CC1,CHEMBL3105,7.17,3144,37,False,5.043684289638687,0
2884,NC(=O)c1cc(F)cc2[nH]c(N3CCN(c4ccc(C(F)(F)F)cn4)CC3)nc12,CHEMBL3105,7.17,2880,26,False,4.608593659866167,0
841,O=C(c1ccc2[nH]c(=O)c3c(c2c1)CCSC3)N1CCN(C2CCCCC2)CC1,CHEMBL3105,7.17,853,23,False,8.319994049076529,0
840,O=C(c1ccc2[nH]c(=O)c3c(c2c1)CCSC3)N1CCN(C2CCCCCC2)CC1,CHEMBL3105,7.17,853,23,False,8.319994049076529,0
1637,O=C1NNc2c3c(nc4c(Br)ccc1c24)CCCCC3,CHEMBL3105,7.17,1635,8,False,23.400001394748756,0
3185,O=C(CCc1nc(=O)c2ccccc2[nH]1)N1CCN(c2ccc(F)cc2)CC1,CHEMBL3105,7.17,3144,37,False,4.818730213438482,0
757,CN(C)Cc1ccc(-c2c[nH]c(=O)c3cccc(O)c23)cc1,CHEMBL3105,7.17,singleton,1,True,4.1501350415366876,0
1907,NC(=O)c1cccc2c1O/C(=C\c1ccc(C(=O)O)cc1)C2=O,CHEMBL3105,7.17,1909,19,False,11.812500704079909,1
2575,O=c1[nH]c(CCCN2CCC(c3ccccc3)CC2)nc2cccc(Cl)c12,CHEMBL3105,7.17,912,4,False,4.132682830701622,0
28,O=C(CCn1c2c(c(=O)[nH]c1=O)CSCC2)NCC(=O)c1cccc(-c2ccccc2)c1,CHEMBL3105,7.16,26,23,False,4.256428619752936,0
1509,NC(=O)c1cccc2[nH]n(C3CCN(Cc4cccs4)CC3)c(=O)c12,CHEMBL3105,7.16,1507,8,False,4.640000000000001,0
3158,C[C@H]1CN(C(=O)CCc2nc(=O)c3ccccc3[nH]2)CCN1c1ccc(C#N)cn1,CHEMBL3105,7.16,3144,37,False,4.7523287516021435,0
1042,NC(=O)n1ccc2ccc(-c3ccc(CN4CCCCC4)cc3)nc21,CHEMBL3105,7.16,1042,3,False,26.229987492567318,0
20,Nc1cccnc1N1CCN(C(=O)CNC(=O)CCn2c3c(c(=O)[nH]c2=O)CSCC3)CC1,CHEMBL3105,7.16,3,15,False,4.382857242376627,0
17,O=C(CCn1c2c(c(=O)[nH]c1=O)CSCC2)NCC(=O)c1cccc(Br)c1,CHEMBL3105,7.16,26,23,False,4.206353003118608,0
1718,NC(=O)c1cccc2[nH]c(C(=O)N3CCC(NC4CCCCC4)CC3)nc12,CHEMBL3105,7.16,1717,11,False,5.965713879332279,0
1290,Cn1ncnc1[C@@H]1c2n[nH]c(=O)c3cccc(c23)N[C@H]1c1ccc(F)cc1,CHEMBL3105,7.16,1290,16,False,10.12833368548918,0
498,CN1CCC(CNC(=O)c2cc3[nH]c(=O)c4ccccc4n3n2)CC1,CHEMBL3105,7.16,472,8,False,4.448918829332355,0
2266,NC(=O)c1ccc(COc2ccc(-n3cc4cccc(C(N)=O)c4n3)cc2)cc1,CHEMBL3105,7.16,580,33,False,4.935272812848054,0
1366,CCN(C)Cc1ccc2c3c(c(=O)[nH]c2c1)CCCN3,CHEMBL3105,7.16,1374,108,False,5.650000336766262,0
1423,COc1cc(CN)cc2[nH]c(=O)c3c(c12)NCCC3,CHEMBL3105,7.16,1423,37,False,4.020740882758418,0
1371,CNCc1ccc2c3c(c(=O)[nH]c2c1)CCCN3,CHEMBL3105,7.16,1374,108,False,5.211817899410405,0
1421,COc1cc(CNCCN2CCOCC2)cc2[nH]c(=O)c3c(c12)NCCC3,CHEMBL3105,7.16,1423,37,False,4.199999999999999,0
2278,C=C1C(=O)OC2C[C@@]3(C)CCC=C(COC(=O)CC4CCN(C(=O)c5cc(Cc6n[nH]c(=O)c7ccccc67)ccc5F)CC4)C3=CC12,CHEMBL3105,7.16,2277,10,False,6.921904604732318,0
1664,NCCOc1c(-c2ccc3c(c2)OCCO3)[nH]c(=O)c2cc(F)ccc12,CHEMBL3105,7.16,1651,17,False,7.136191023069213,0
711,CC(C)CCN1CCC(Oc2ccc3[nH]c(=O)c4c(c3c2)CCSC4)CC1,CHEMBL3105,7.15,710,13,False,4.1721650817668205,0
2670,CC1c2cc(F)ccc2CCN1C(=O)c1cc(Cc2n[nH]c(=O)c3ccccc23)ccc1F,CHEMBL3105,7.15,401,173,False,8.812222066592783,0
747,NC(=O)c1cccc2nn(-c3ccccc3)nc12,CHEMBL3105,7.15,singleton,1,True,4.746400090530398,0
2166,CC(C)CCN1CCN(Cc2c(O)cc(O)c3c(=O)cc(-c4ccc(O)cc4)oc23)CC1,CHEMBL3105,7.15,2173,46,False,5.37352926104127,0
452,COc1ccc(-c2cnc3cccc(C(N)=O)c3n2)cc1,CHEMBL3105,7.15,452,6,False,7.5821053820865005,0
1636,C=c1ccc2c(O)[nH][nH]c3c4c(nc1c23)CCCC4,CHEMBL3105,7.15,singleton,1,True,3.9747222353839953,0
1800,O=C(c1cc(Cc2n[nH]c(=O)c3ccccc23)cc(F)c1F)N1CCN(c2ncc(C(F)(F)F)cn2)CC1,CHEMBL3105,7.15,1767,12,False,10.797916747117412,0
2662,NC(=O)c1cccc2[nH]c(NC(=O)c3cccc(C(=O)N4CCC(Nc5ncc(F)cn5)CC4)c3)nc12,CHEMBL3105,7.15,2666,5,False,5.704808032340749,0
146,O=c1[nH]c(CCCN2CCN(c3ccccc3)CC2)nc2ccccc12,CHEMBL3105,7.15,136,28,False,6.388888635017266,0
60,O=c1[nH]c2ccc(N3CCN(CC4CC4)CC3)nc2c2ccccc12,CHEMBL3105,7.15,68,6,False,4.659374913212377,0
1118,O=C(c1ccc(Br)cc1)N1CCN(C(=O)c2csc(Cc3n[nH]c(=O)c4ccccc34)c2)CC1,CHEMBL3105,7.14,1115,9,False,6.113912948412797,0
2335,Cc1noc(C)c1-c1ccc2c(c1)C(c1ccccc1)N(CC(=O)NCc1nc3c(C(N)=O)cccc3[nH]1)C(=O)N2C,CHEMBL3105,7.14,2335,9,False,5.014794553304664,0
2191,O=c1cc(-c2ccc(O)cc2)oc2c(CN3CCC(c4ccccc4)CC3)c(O)cc(O)c12,CHEMBL3105,7.14,2173,46,False,5.2931427309445,0
2089,CC12CCCN1C=c1[nH]c3cc(F)cc4c(=O)[nH][nH]c2c1c34,CHEMBL3105,7.14,singleton,1,True,4.262631528801452,0
2296,C[C@H]1CCC[C@]2(C)CC3OC(=O)C(CNCCOCCOCCOCC(=O)N4CCN(C(=O)c5cc(Cc6n[nH]c(=O)c7ccccc67)ccc5F)CC4)C3C=C12,CHEMBL3105,7.13,2295,14,False,7.953887967049813,0
2657,O=c1cc(-c2ccc(F)cc2)oc2cc(-c3ccoc3)ccc12,CHEMBL3105,7.13,singleton,1,True,5.262352867373959,0
148,O=c1[nH]c(CCCN2CCc3c([nH]c4ccccc34)C2)nc2ccccc12,CHEMBL3105,7.13,136,28,False,4.390135075021195,0
2868,COc1cnc(N2CCN(c3nc4c(C(N)=O)cccc4[nH]3)CC2)nc1,CHEMBL3105,7.13,2864,13,False,5.9849999554082745,0
42,O=c1[nH]c2ccc(N3CCC(N4CCCC4)CC3)nc2c2ccccc12,CHEMBL3105,7.12,68,6,False,4.474999933317304,0
926,Cc1cc(CN2CCN(c3ccc(C(=O)NC4CC4)cc3Cl)CC2)cc2c1OC(C)C(=O)N2,CHEMBL3105,7.12,924,18,False,4.524175812322553,0
2367,CCc1cc2ncc(CN3CCn4c(cnc4C(=O)NC)C3)cc2[nH]c1=O,CHEMBL3105,7.12,2355,95,False,5.181818209896404,0
2012,CC(C)(C)NCc1ccc(-c2nc3cncc4c3n2CCNC4=O)cc1,CHEMBL3105,7.12,2019,11,False,4.212151803393489,0
1711,NC(=O)c1cccc2[nH]c(C(=O)N3CCC(NC4CCCCC4)C3)nc12,CHEMBL3105,7.12,1717,11,False,5.691914662628391,0
3026,N#Cc1cccc(N2CCN(Cc3ccc4c5c(c(=O)[nH]c4c3)CCCN5)CC2)n1,CHEMBL3105,7.11,1374,108,False,5.9406668791214665,0
3054,O=c1[nH]c2cc(CN3CCN(c4nc5ncccc5o4)CC3)ccc2c2c1CCCN2,CHEMBL3105,7.11,1374,108,False,4.547333514028131,0
1910,NC(=O)c1cccc2c1O/C(=C\c1ccc(C(=O)N3CCN(c4cnccn4)CC3)cc1)C2=O,CHEMBL3105,7.11,1909,19,False,5.11849990847409,0
866,O=C(O)c1ccc2[nH]c(=O)c3c(c2c1)CCSC3,CHEMBL3105,7.11,853,23,False,4.238194398833208,0
914,O=c1[nH]c(CCCN2CCN(c3ccc(F)cc3)CC2)nc2ccccc12,CHEMBL3105,7.11,914,2,False,4.7498461364238205,0
1709,CCCNC1CCN(C(=O)c2nc3c(C(N)=O)cccc3[nH]2)C1,CHEMBL3105,7.1,1682,26,False,5.678750141033287,0
1107,CN1CCN(CCS(=O)(=O)Nc2ccc(C=C3Oc4c(C(N)=O)cccc4C3=O)cc2)CC1,CHEMBL3105,7.1,1108,2,False,4.749285825495515,0
1072,CCN1CCN(C(=O)c2sc3c([nH]c(=O)c4ccccc43)c2C)CC1,CHEMBL3105,7.1,1071,6,False,4.979999980211257,0
2192,O=C(c1cccc(F)c1F)C1CCN(Cc2c(O)cc(O)c3c(=O)cc(-c4ccc(O)cc4)oc23)CC1,CHEMBL3105,7.1,2173,46,False,4.790908935148859,0
15,O=C(CCn1c2c(c(=O)[nH]c1=O)CCCC2)NCC(=O)c1ccc(Br)cc1,CHEMBL3105,7.1,26,23,False,4.337746475231693,0
1424,CCCOc1cc(CN(C)C)cc2[nH]c(=O)c3c(c12)NCCC3,CHEMBL3105,7.1,1424,2,False,4.05517244157553,0
2034,CN(C)CC/C=C1\c2ccccc2COc2ccc(CC(=O)NN)cc21,CHEMBL3105,7.1,singleton,1,True,4.110952418873978,0
497,CN1CCC(CNC(=O)c2cc3[nH]c(=O)c4ccccc4n3n2)C1,CHEMBL3105,7.1,472,8,False,4.524324233219344,0
2446,COc1cc(N(C)c2ccc3c(C)n(C)nc3c2)nc(Nc2ccc(-c3nc4c(C(N)=O)cccc4[nH]3)cc2)n1,CHEMBL3105,7.1,2454,31,False,5.451250111691191,0
1111,CCC(=O)N1CCN(C(=O)c2csc(Cc3n[nH]c(=O)c4ccccc34)c2)CC1,CHEMBL3105,7.1,1115,9,False,6.1826085995185585,0
289,O=C(O)c1ccc2[nH]c3c4c(c5c(c3c2c1)CNC5=O)CCC4,CHEMBL3105,7.1,289,14,False,4.452000074300766,0
1665,NCCOc1c(-c2ccc3c(c2)OCO3)[nH]c(=O)c2cc(F)ccc12,CHEMBL3105,7.1,1651,17,False,7.304762464559039,0
1721,CC(C)(C)OC(=O)NC1CCN(C(=O)c2nc3c(C(N)=O)cc(F)cc3[nH]2)CC1,CHEMBL3105,7.1,1721,4,False,4.812187517926796,0
2190,O=c1cc(-c2ccc(O)cc2)oc2c(CN3CCC(CO)CC3)c(O)cc(O)c12,CHEMBL3105,7.1,2173,46,False,5.425000323355216,0
279,NCCCCC(N)C(=O)NCc1ccc2[nH]c3c4c(c5c(c3c2c1)CNC5=O)CCC4,CHEMBL3105,7.1,279,2,False,4.240000011232164,0
850,CCCCCN1CCN(C(=O)c2ccc3[nH]c(=O)c4c(c3c2)CCSC4)CC1,CHEMBL3105,7.1,853,23,False,5.22666915893674,0
1387,COc1cc(CN(C)C)cc2[nH]c(=O)c3c(c12)NCCC3,CHEMBL3105,7.1,1423,37,False,4.077108369321432,0
176,O=C(CN1CCN(c2ccc(F)cc2)CC1)Nc1ccc2c(c1)Cc1c-2[nH]c(=O)c2ccccc12,CHEMBL3105,7.1,178,7,False,4.904348012495138,0
2279,C=C1C(=O)OC2C[C@@]3(C)CCC=C(COC(=O)CCC4CCN(C(=O)c5cc(Cc6n[nH]c(=O)c7ccccc67)ccc5F)CC4)C3=CC12,CHEMBL3105,7.1,2277,10,False,6.240000000000002,0
1948,Cc1cccc2c(=O)[nH]c(-c3ccc(C(C)(C)O)cc3)nc12,CHEMBL3105,7.1,1948,9,False,4.70644077305957,0
722,CN1CCC(Oc2ccc3[nH]c(=O)c4c(c3c2)CCSC4)C1,CHEMBL3105,7.1,710,13,False,4.174468029519453,0
1726,CC(C)CN1CCN(C(=O)c2nc3c(C(N)=O)cccc3[nH]2)CC1,CHEMBL3105,7.09,1717,11,False,6.371794910747547,0
2343,Cc1cnc(N2CCN(Cc3ccc4c(c3)[nH]c(=O)c3ncccc34)CC2)n1C,CHEMBL3105,7.09,2347,7,False,4.7200001641114655,0
1917,Cc1nnc2n1CCN(C(=O)c1ccc(/C=C3\Oc4c(C(N)=O)cccc4C3=O)cc1)C2,CHEMBL3105,7.09,1909,19,False,5.038709367400794,0
503,CC(C)NCCc1c[nH]c2ccc3c(c12)CCNC3=O,CHEMBL3105,7.09,520,17,False,4.3576920679335185,0
3064,O=c1[nH]c2cc(CN3C[C@@H]4C[C@H]3CN4c3cnccn3)cc(F)c2c2c1CCCN2,CHEMBL3105,7.09,3064,2,False,4.299550688494611,0
1758,O=C(Nc1cc(Cn2c(=O)[nH]c(=O)c3ccccc32)cnc1F)C1CCN(C2CCC(F)(F)CC2)C1,CHEMBL3105,7.09,1747,14,False,5.968695404687325,0
1559,COC1CN(C(=O)c2cc(Cc3n[nH]c(=O)c4ccccc34)ccc2F)Cc2nnc(C(F)(F)F)n21,CHEMBL3105,7.08,2688,22,False,7.166122867396774,0
1185,NC(=O)c1cc(F)cc2[nH]c(-c3ccc(-c4ccc(NC(=O)C5CC5)cc4F)cc3F)nc12,CHEMBL3105,7.08,1189,4,False,8.06555539530737,0
3184,O=C(CCc1nc(=O)c2ccccc2[nH]1)N1CC=C(c2ccc(F)cc2)CC1,CHEMBL3105,7.08,3184,3,False,4.611781017725281,0
285,O=C1NCc2c1c1c(c3[nH]c4ccc(C(=O)N5CCOCC5)cc4c23)CCC1,CHEMBL3105,7.08,289,14,False,4.540290043331508,0
2597,C[C@@H](COCCC(=O)N1CCN(c2ncc(OCc3ccc(/C=C/C(O)=NO)cc3)cn2)CC1)Nc1cn[nH]c(=O)c1C(F)(F)F,CHEMBL3105,7.08,2312,3,False,4.424444473746381,0
592,O=C1NCC2c3c(cccc31)CCN2S(=O)(=O)Cc1ccccc1,CHEMBL3105,7.08,586,37,False,4.620000275373475,0
3152,N#Cc1ccc(N2CCN(C(=O)CCc3nc(=O)c4ccc(F)cc4[nH]3)CC2)nc1,CHEMBL3105,7.08,3144,37,False,8.560000000000002,0
2460,Cc1c2ccc(N(C)c3ccnc(Nc4cccc(-c5nc6c(C(N)=O)cccc6[nH]5)c4)n3)cc2nn1C,CHEMBL3105,7.08,2454,31,False,5.77500058516866,0
1176,NC(=O)c1cccc2[nH]c(-c3ccc(-c4ccccn4)cc3)nc12,CHEMBL3105,7.08,1170,19,False,6.904242424242425,0
1710,CCC(=O)NC1CCN(C(=O)c2nc3c(C(N)=O)cccc3[nH]2)C1,CHEMBL3105,7.08,1682,26,False,5.832340617840413,0
1693,NC(=O)c1cccc2[nH]c(C(=O)NC3CCN(C(=O)C(F)(F)F)CC3)nc12,CHEMBL3105,7.08,1682,26,False,5.594285809555835,0
320,Cc1nc(-c2ccc3[nH]c4c5c(c6c(O)[nH]c(O)c6c4c3c2)=CCC=5)c(Br)s1,CHEMBL3105,7.08,singleton,1,True,4.27200010185242,0
1077,Cc1c(C(=O)NCCN2CCOCC2)sc2c1[nH]c(=O)c1ccccc12,CHEMBL3105,7.08,1078,2,False,4.568095341820837,0
1780,O=C(c1cc(Cc2n[nH]c(=O)c3ccccc23)cc(F)c1F)N1CCN(c2ccc(Br)cc2)CC1,CHEMBL3105,7.08,401,173,False,17.689996968582793,3
1889,CCCC1NCCc2cc(-c3nc4c(C(N)=O)cc(F)cc4[nH]3)sc21,CHEMBL3105,7.07,1895,18,False,4.875970045147297,0
1073,Cc1c(C(=O)N2CCN(C(C)C)CC2)sc2c1[nH]c(=O)c1ccccc12,CHEMBL3105,7.07,1071,6,False,4.918064610690158,0
1113,N#Cc1ccc(C(=O)N2CCN(C(=O)c3csc(Cc4n[nH]c(=O)c5ccccc45)c3)CC2)cc1,CHEMBL3105,7.07,1115,9,False,6.905853678615655,0
2445,Cc1cc(N(C)c2ccc3c(C)n(C)nc3c2)nc(Nc2ccc(-c3nc4c(C(N)=O)cccc4[nH]3)cc2)n1,CHEMBL3105,7.07,2454,31,False,5.624332953398783,0
504,O=C1NCCc2c1ccc1[nH]cc(CCNC3CCCCC3)c21,CHEMBL3105,7.07,505,5,False,4.221249874196951,0
2615,Cn1cncc1C(=O)N1CCN(C(=O)c2ccc(-c3nc4c(C(N)=O)cccc4[nH]3)cc2)CC1,CHEMBL3105,7.07,2614,9,False,9.567600342164052,0
3039,N#Cc1csc(N2CCN(Cc3ccc4c5c(c(=O)[nH]c4c3)CCCN5)CC2)n1,CHEMBL3105,7.07,1374,108,False,4.795000285804286,0
71,CC(C)N1CCN(CC(=O)Nc2cnc3c(c2)[nH]c(=O)c2ccccc23)CC1,CHEMBL3105,7.07,71,4,False,4.8761194984188965,0
1014,CN(C)CC(C)(C)CN=Cc1c(=O)[nH]c(O)c2ccccc12,CHEMBL3105,7.06,singleton,1,True,4.262631405108199,0
2439,CN(c1ccc(N2CCOCC2)cc1)c1ccnc(Nc2ccc(-c3nc4c(C(N)=O)cccc4[nH]3)cc2)n1,CHEMBL3105,7.06,2454,31,False,6.157599588935881,0
1013,CC(=O)c1ccc(NC(=O)CCn2c(=O)[nH]c(=O)c3ccccc32)cc1,CHEMBL3105,7.06,1013,6,False,5.639999327659684,0
402,CN1CCN(C(=O)c2cccc(Cc3n[nH]c(=O)c4ccccc34)c2)CC1,CHEMBL3105,7.06,401,173,False,7.54000044941905,0
1732,CCC(CC)N1CCN(C(=O)c2nc3c(C(N)=O)cc(F)cc3[nH]2)CC1=O,CHEMBL3105,7.06,1731,2,False,4.929836258256486,0
1930,NC(=O)c1cccc2c1O/C(=C\c1cccc(C(=O)NCCc3nc4ccccc4[nH]3)c1)C2=O,CHEMBL3105,7.06,1927,9,False,4.849999710917491,0
460,NC(=O)c1cccc2ncc(-c3ccc(N)cc3)nc12,CHEMBL3105,7.06,452,6,False,5.053845980058061,0
463,CN(Cc1ccccc1)Cc1nc2cccc3c2n1CCNC3=O,CHEMBL3105,7.06,458,4,False,4.50499993287027,0
2437,CC(C)c1ccc(N(C)c2ccnc(Nc3ccc(-c4nc5c(C(N)=O)cccc5[nH]4)cc3)n2)cc1,CHEMBL3105,7.05,2454,31,False,6.0166664275858235,0
2584,O=C(OCC1c2ccccc2-c2ccccc21)N1C[C@@H]2CCCN3CCC[C@@H]([C@H]23)[C@H]1CCCc1nc2cc(Br)c(Br)cc2[nH]1,CHEMBL3105,7.05,2584,3,False,4.308000102710727,0
1383,CN(C)Cc1ccc2c3c(c(=O)[nH]c2c1)CCCN3C,CHEMBL3105,7.05,1386,4,False,8.330001268850626,0
2043,O=c1[nH]c(SCCN2CCN(CCSc3nc(=O)c4ccccc4[nH]3)CC2)nc2ccccc12,CHEMBL3105,7.05,2043,4,False,4.523943631588951,0
927,CCNC(=O)c1ccc(N2CCN(Cc3cc(C)c4c(c3)NC(=O)C(C)O4)CC2)c(Cl)c1,CHEMBL3105,7.05,924,18,False,5.5992855950916365,0
125,NC(CCC(=O)N1CCc2[nH]c(=O)c3ccccc3c2C1)C(=O)O,CHEMBL3105,7.05,114,12,False,4.73955214182859,0
19,O=C(CCn1c2c(c(=O)[nH]c1=O)CCCC2)NCC(=O)N1CCN(c2ncccn2)CC1,CHEMBL3105,7.05,3,15,False,55.000052452137425,0
1818,NC(=O)c1cccc2[nH]c(-c3ccc(Nc4c5ccccc5nc5ccccc45)cc3)nc12,CHEMBL3105,7.05,1170,19,False,7.220000000000001,0
2922,Cc1cc(CN2CCN(c3ccc(Br)cc3)CC2)cc2[nH]c(=O)c3c(c12)NCCC3,CHEMBL3105,7.05,2924,48,False,4.425625056054908,0
496,O=C(NCCC1(N2CCOCC2)CCCC1)c1cc2[nH]c(=O)c3ccccc3n2n1,CHEMBL3105,7.05,492,3,False,4.506172826242526,0
237,O=C1NCc2c1c1c(c3[nH]c4ccccc4c23)CCC1,CHEMBL3105,7.05,289,14,False,10.506250391388326,1
190,CCCC(=O)Nc1cccc(Cc2n[nH]c(=O)c3ccccc23)c1,CHEMBL3105,7.05,188,13,False,5.735714383392919,0
188,CC(=O)Nc1cccc(Cc2n[nH]c(=O)c3ccccc23)c1,CHEMBL3105,7.05,188,13,False,5.871739252167975,0
1420,COc1cc(CN2CCSCC2)cc2[nH]c(=O)c3c(c12)NCCC3,CHEMBL3105,7.05,1423,37,False,4.55176468034764,0
1900,CCN1CCc2sc(-c3nc4c(C(N)=O)cccc4[nH]3)cc2C1,CHEMBL3105,7.05,1901,3,False,6.0093480752591715,0
2299,C[C@]12CCC=C(C=O)C1=CC1C(C2)OC(=O)C1CNCCOCCOCC(=O)N1CCN(C(=O)c2cc(Cc3n[nH]c(=O)c4ccccc34)ccc2F)CC1,CHEMBL3105,7.05,2295,14,False,10.030000597834627,0
1211,NC(=O)c1cc(F)cc2c1C(=O)N(C1CCN(C3CCC(Cl)(Cl)CC3)CC1)C2,CHEMBL3105,7.05,1200,6,False,4.26013344505978,0
91,Cc1cccc2c(=O)[nH]c3cc(F)ccc3c12,CHEMBL3105,7.04,singleton,1,True,4.370149378140274,0
3178,N#Cc1cnc(N2CCN(C(=O)CCc3nc(=O)c4ccccc4[nH]3)CC2)nc1,CHEMBL3105,7.04,3144,37,False,5.998333214157163,0
2928,Cc1cc(CN2CCN(c3c(F)cc(C#N)cc3F)CC2)cc2[nH]c(=O)c3c(c12)NCCC3,CHEMBL3105,7.04,2924,48,False,4.829166554728594,0
2023,CC(C)N1CCC(c2nc3cncc4c3n2CCNC4=O)CC1,CHEMBL3105,7.04,2025,6,False,4.085581485960793,0
1696,CC(C)CN1CCC(NC(=O)c2nc3c(C(N)=O)cccc3[nH]2)CC1,CHEMBL3105,7.04,1682,26,False,5.469230662656609,0
2604,Cn1cc(-c2ccc(=O)n(CCOc3ccnc4cc(N5CCC(NC(=O)c6cc(Cc7n[nH]c(=O)c8ccccc78)ccc6F)C5)ccc34)n2)cn1,CHEMBL3105,7.04,2607,14,False,13.022608155681437,0
2118,Cc1c(CN2CCN(C(=O)c3cc4cccc(C(N)=O)c4o3)CC2)sc2c(N3CCOCC3)nc(-c3ccc4c[nH]nc4c3)nc12,CHEMBL3105,7.04,2108,14,False,8.380952000347678,0
2805,O=c1[nH]nc2c3c(cccc13)N=C1CNCCN12,CHEMBL3105,7.04,2809,6,False,4.689375174692837,0
1149,O=C1NNc2nc(-c3ccc4c(c3)OCO4)nc3cccc1c23,CHEMBL3105,7.04,1151,3,False,4.394117650910439,0
1871,CC(C)(C)[C@H]1NCCC2C=C(c3nc4c(C(=O)O)cc(F)cc4[nH]3)SC21,CHEMBL3105,7.04,1872,2,False,4.499999932944776,0
355,Cc1nn(C)c2[nH]c(=O)c3c(c12)CSC3,CHEMBL3105,7.03,363,6,False,4.764615297232861,0
2189,CCOC(=O)C1CCN(Cc2c(O)cc(O)c3c(=O)cc(-c4ccc(O)cc4)oc23)CC1,CHEMBL3105,7.03,2173,46,False,4.894615205081969,0
1762,O=C(Nc1cc(Cn2c(=O)[nH]c(=O)c3ccccc32)cnc1F)C1CCN(c2ccccc2)C1,CHEMBL3105,7.03,1747,14,False,8.190000488162067,0
3160,C[C@@H]1CN(c2ccc(C#N)cn2)CCN1C(=O)CCc1nc(=O)c2ccccc2[nH]1,CHEMBL3105,7.03,3144,37,False,6.407691661352304,0
847,CCCCCCN1CCN(C(=O)c2ccc3[nH]c(=O)c4c(c3c2)CCSC4)CC1,CHEMBL3105,7.03,853,23,False,4.9875020809480235,0
2062,CN(C)Cc1ccc(-c2ccc3c(Cl)cc(C(N)=O)n3n2)cc1,CHEMBL3105,7.03,2067,10,False,4.430454593468305,0
1507,NC(=O)c1cccc2[nH]n(C3CCN(CC4CCCCC4)CC3)c(=O)c12,CHEMBL3105,7.02,1507,8,False,4.787741972306022,0
1112,COc1ccc(CC(=O)N2CCN(C(=O)c3csc(Cc4n[nH]c(=O)c5ccccc45)c3)CC2)cc1,CHEMBL3105,7.02,1115,9,False,6.040754628665256,0
2430,Cc1c2ccc(N(C)c3ccnc(Nc4ccc(-c5nc6c(C(N)=O)cccc6[nH]5)cc4)n3)cc2nn1C,CHEMBL3105,7.02,2454,31,False,49.67997631074124,0
2297,C[C@]12CCC=C(CO)C1=CC1C(C2)OC(=O)C1CN1CCN(C(=O)c2cc(Cc3n[nH]c(=O)c4ccccc34)ccc2F)CC1,CHEMBL3105,7.02,2295,14,False,6.382499845451679,0
2433,NC(=O)c1cccc2[nH]c(-c3ccc(Nc4nccc(N5CCN(c6ccc(C(F)(F)F)cn6)CC5)n4)cc3)nc12,CHEMBL3105,7.01,2434,3,False,6.1710003678202865,0
47,CN(C)CC(=O)Nc1ccc2[nH]c(=O)c3ccccc3c2n1,CHEMBL3105,7.01,217,4,False,4.676562674215536,0
1963,O=C(CCCn1nc(-c2ccccc2)c2ccccc2c1=O)Nc1cccc(Cl)c1,CHEMBL3105,7.01,2033,2,False,4.381874967352487,0
2869,NC(=O)c1cccc2[nH]c(N3CCN(c4ncc(N)cn4)CC3)nc12,CHEMBL3105,7.01,2880,26,False,6.017142293550582,0
622,CN1CCN(CC(=O)N2CCc3cccc4c3C2CNC4=O)CC1,CHEMBL3105,7.01,586,37,False,8.549333605109332,0
2188,COC(=O)C1CCN(Cc2c(O)cc(O)c3c(=O)cc(-c4ccc(O)cc4)oc23)CC1,CHEMBL3105,7.01,2173,46,False,4.962432496385735,0
2632,CC(C)C[C@H](NC(=O)C(Cc1c[nH]c2ccccc12)NC(=O)c1cc(Cc2n[nH]c(=O)c3ccccc23)ccc1F)B(O)O,CHEMBL3105,7.01,2631,15,False,5.610822211008056,0
1916,NC(=O)c1cccc2c1O/C(=C\c1ccc(C(=O)N3CCn4cnnc4C3)cc1)C2=O,CHEMBL3105,7.01,1909,19,False,5.203000186073788,0
517,O=C(NCCc1c[nH]c2ccc3c(c12)CCNC3=O)c1ccncc1,CHEMBL3105,7.01,520,17,False,4.288749910529705,0
464,CCOC(=O)c1ccc(CCc2nc3cccc4c3n2CCNC4=O)cc1,CHEMBL3105,7.01,458,4,False,4.537499932385983,0
1776,O=C(c1cc(Cc2n[nH]c(=O)c3ccccc23)cc(F)c1F)N1CCN(Cc2ccccc2)CC1,CHEMBL3105,7.01,401,173,False,12.361500442081704,0
3174,N#Cc1ccc(N2CCN(C(=O)CCc3nc(=O)c4cnccc4[nH]3)CC2)nc1,CHEMBL3105,7.01,3144,37,False,6.352500378638533,0
1937,COC(=O)c1cccc2[nH]c(CCNC(=O)c3ccc(/C=C4\Oc5c(C(N)=O)cccc5C4=O)cc3)nc12,CHEMBL3105,7.01,1927,9,False,11.815000704228925,0
1558,CC1c2nnc(C(F)(F)F)n2C(C)CN1C(=O)c1cc(Cc2n[nH]c(=O)c3ccccc23)ccc1F,CHEMBL3105,7.01,1558,4,False,6.5233931209880724,0
172,Nc1ccc2c(c1)Cc1c-2[nH]c(=O)c2ccccc12,CHEMBL3105,7.01,172,6,False,4.554843635465224,0
1931,NC(=O)c1cccc2c1O/C(=C\c1cccc(C(=O)NCCc3nc4cc(F)ccc4[nH]3)c1)C2=O,CHEMBL3105,7.01,1927,9,False,4.699374775916349,0
2628,CC(C)C[C@H](NC(=O)C(Cc1ccccc1)NC(=O)c1cc(Cc2n[nH]c(=O)c3ccccc23)ccc1F)B1O[C@@H]2C[C@@H]3C[C@@H](C3(C)C)[C@]2(C)O1,CHEMBL3105,7.01,2631,15,False,7.849000935673825,0
2033,O=C(CCn1nc(-c2ccccc2)c2ccccc2c1=O)Nc1cccc(Cl)c1,CHEMBL3105,7.01,2033,2,False,4.399615203066345,0
130,O=C(CCN1CCC(N2CCCC2)CC1)N1CCc2[nH]c(=O)c3ccccc3c2C1,CHEMBL3105,7.0,114,12,False,4.72777782474403,0
1725,CC[C@H]1CN(C(=O)c2nc3c(C(N)=O)cccc3[nH]2)CCN1C(=O)OC(C)(C)C,CHEMBL3105,7.0,singleton,1,True,5.89680009841347,0
514,CN1CCC(CC(=O)NCCc2c[nH]c3ccc4c(c23)CCNC4=O)CC1,CHEMBL3105,7.0,520,17,False,4.228571428571428,0
1198,NC(=O)c1cccc2c1C(=O)N(C1CCN(Cc3ccc4[nH]ccc4c3)CC1)C2,CHEMBL3105,7.0,1202,13,False,6.4,0
2259,Cc1cc(C)c2[nH]c(CSc3ncccn3)nc(=O)c2c1,CHEMBL3105,7.0,singleton,1,True,4.4419045601842715,0
1427,CCOc1cc(CN)cc2[nH]c(=O)c3c(c12)NCCC3,CHEMBL3105,7.0,1423,37,False,4.19036137958036,0
1326,O=c1[nH]nc2c3c(cccc13)Oc1ccc(CN3CCC(O)C3)cc1-2,CHEMBL3105,7.0,1333,13,False,4.917721422517784,0
179,CCCNC(=O)Nc1ccc2c(c1)Cc1c-2[nH]c(=O)c2ccccc12,CHEMBL3105,7.0,178,7,False,4.612328699335727,0
1324,CCN(CCO)Cc1ccc2c(c1)-c1n[nH]c(=O)c3cccc(c13)O2,CHEMBL3105,7.0,1324,3,False,5.500000093664445,0
1814,Cc1ccc2nc3ccccc3c(Nc3ccc(-c4nc5c(C(N)=O)cccc5[nH]4)cc3)c2c1,CHEMBL3105,7.0,1817,11,False,6.571363778794111,0
495,CN(C)CCN(C)C(=O)c1cc2[nH]c(=O)c3ccccc3n2n1,CHEMBL3105,7.0,484,2,False,4.585915462158662,0
494,COc1cccc(-c2cc3[nH]c(=O)c4ccccc4n3n2)c1OC,CHEMBL3105,7.0,494,2,False,4.3727272253391165,0
493,O=c1[nH]c2cc(-c3ccccc3)nn2c2ccccc12,CHEMBL3105,7.0,493,15,False,4.4848485496528,0
2441,CN(c1ccc2ncccc2c1)c1ccnc(Nc2ccc(-c3nc4c(C(N)=O)cccc4[nH]3)cc2)n1,CHEMBL3105,7.0,2454,31,False,5.964444339108567,0
1065,Cn1c(C(=O)N2CCCNCC2)c(Cl)c2[nH]c(=O)c3ccccc3c21,CHEMBL3105,7.0,1060,9,False,4.877272793342752,0
1066,Cn1c(C(=O)N2CCCNCC2)c(Br)c2[nH]c(=O)c3ccccc3c21,CHEMBL3105,7.0,1060,9,False,4.877272793342752,0
1498,Cn1c2cccc(C(N)=O)c2c(=O)n1C1CCN(C2CCC(F)(F)CC2)CC1,CHEMBL3105,7.0,1497,12,False,4.549999932199718,0
2926,Cc1cc(C#N)ccc1N1CCN(Cc2cc(C)c3c4c(c(=O)[nH]c3c2)CCCN4)CC1,CHEMBL3105,7.0,2924,48,False,5.639999327659689,0
1060,Cn1c(C(=O)N2CCCNCC2)cc2[nH]c(=O)c3ccccc3c21,CHEMBL3105,7.0,1060,9,False,5.400000321865106,0
1064,Cn1c(C(=O)NCCCN2CCOCC2)cc2[nH]c(=O)c3ccccc3c21,CHEMBL3105,7.0,1064,3,False,4.649999906364326,0
454,N#Cc1ccc(-c2cnc3cccc(C(N)=O)c3n2)cc1,CHEMBL3105,7.0,452,6,False,6.138947676555617,0
448,Nc1ncnc2c1ncn2[C@@H]1O[C@H](COCNC(=O)CCC(=O)Nc2cccc3c2CNC3=O)[C@@H](O)[C@H]1O,CHEMBL3105,7.0,2701,4,False,4.399787289839948,0
2111,Cc1c(CN2CCN(C(=O)c3cc4cccc(C(N)=O)c4o3)CC2)sc2c(N3CCOCC3)nc(-c3cnc(N)cc3C(F)(F)F)nc12,CHEMBL3105,7.0,2108,14,False,9.077999756509069,0
1322,CCN(CC)CCN(C)Cc1ccc2c(c1)-c1n[nH]c(=O)c3cccc(c13)O2,CHEMBL3105,7.0,1324,3,False,5.500000093664445,0
1328,O=c1[nH]nc2c3c(cccc13)Oc1ccc(CN3CCC4(CC3)OCCO4)cc1-2,CHEMBL3105,7.0,1333,13,False,4.917721422517784,0
1327,O=c1[nH]nc2c3c(cccc13)Oc1ccc(CN3CCC(CCO)CC3)cc1-2,CHEMBL3105,7.0,1333,13,False,4.964557036939406,0
1704,NC(=O)c1cccc2[nH]c(C(=O)NC3CCNCC3)nc12,CHEMBL3105,7.0,1704,5,False,5.602041048017565,0
1840,O=C(c1cc(Cc2n[nH]c(=O)c3ccccc23)ccc1F)N1CC2(CCN(C(=O)C3CC3)CC2)C1,CHEMBL3105,7.0,401,173,False,22.20750132367023,0
1862,O=c1[nH]c2c(-c3nnc(COc4ccccc4)o3)cccc2c(=O)c2ccccc12,CHEMBL3105,7.0,1861,3,False,4.43026310577679,0
750,NC(=O)c1cccc2cn(-c3ccccc3Cl)nc12,CHEMBL3105,7.0,749,2,False,4.944905704866318,0
708,O=c1[nH]c2ccc(O)cc2c2c1CSCC2,CHEMBL3105,7.0,singleton,1,True,4.325352236134885,0
1620,CC(C)(C)OC(=O)NC(Cc1ccccc1)C(=O)N1C=c2[nH]c3cccc4c(=O)[nH][nH]c(c2c34)C1,CHEMBL3105,7.0,singleton,1,True,12.166666022053505,0
1654,NCCOc1c(-c2cccc(Br)c2)[nH]c(=O)c2cc(F)ccc12,CHEMBL3105,7.0,1651,17,False,7.695000596255108,0
1359,CNC(C)c1ccc2c3c(c(=O)[nH]c2c1)CCCN3,CHEMBL3105,7.0,1358,2,False,4.269230730082156,0
1388,CNCc1cc(OC)c2c3c(c(=O)[nH]c2c1)CCCN3,CHEMBL3105,7.0,1423,37,False,4.308860889533226,0
2636,CC(C)C[C@H](NC(=O)C(CCc1ccccc1)NC(=O)c1cc(Cc2n[nH]c(=O)c3ccccc23)ccc1F)B1O[C@@H]2C[C@@H]3C[C@@H](C3(C)C)[C@]2(C)O1,CHEMBL3105,7.0,2631,15,False,7.330908455336443,0
3154,N#Cc1ccc(N2CCN(C(=O)CCc3nc(=O)c4ncccc4[nH]3)CC2)nc1,CHEMBL3105,7.0,3144,37,False,5.57714285714286,0
1781,O=C(c1cc(Cc2n[nH]c(=O)c3ccccc23)cc(F)c1F)N1CCN(c2ccc(Cl)cc2)CC1,CHEMBL3105,6.99,401,173,False,18.37624685098471,4
2262,NC(=O)c1cccc2cn(-c3ccc(OCCCCC(O)=NO)cc3)nc12,CHEMBL3105,6.99,2262,2,False,23.39998326302773,0
2020,O=C1NCCn2c(C3CCN(Cc4ccccc4)CC3)nc3cncc1c32,CHEMBL3105,6.99,2025,6,False,4.443846334309677,0
326,O=c1[nH]c(CCCN2CCC(c3ccccc3)CC2)nc2c(Cl)cccc12,CHEMBL3105,6.99,912,4,False,4.4710255316948135,0
2637,CSCCC(NC(=O)c1cc(Cc2n[nH]c(=O)c3ccccc23)ccc1F)C(=O)N[C@@H](CC(C)C)B1O[C@@H]2C[C@@H]3C[C@@H](C3(C)C)[C@]2(C)O1,CHEMBL3105,6.99,2631,15,False,7.374544815189635,0
411,NC(=O)c1ccccc1OCCc1ccc(F)c(C(=O)N2CCN(C(=O)C3CCCC3)CC2)c1,CHEMBL3105,6.99,417,5,False,5.0389551162942805,0
2261,NC(=O)c1cccc2cn(-c3ccc(OCCCC(O)=NO)cc3)nc12,CHEMBL3105,6.99,2262,2,False,5.96249991115183,0
1313,O=c1[nH]c(-c2ccc([N+](=O)[O-])cc2)nc2c(O)cccc12,CHEMBL3105,6.98,1315,8,False,4.815789534114406,0
177,O=C(CCCN1CCOCC1)Nc1ccc2c(c1)Cc1c-2[nH]c(=O)c2ccccc12,CHEMBL3105,6.98,178,7,False,5.5752004120617205,0
1109,O=C(c1csc(Cc2n[nH]c(=O)c3ccccc23)c1)N1CCN(C(=O)C2CC2)CC1,CHEMBL3105,6.98,421,39,False,6.331915150578077,0
281,O=C(NCCn1ccnn1)c1ccc2[nH]c3c4c(c5c(c3c2c1)CNC5=O)CCC4,CHEMBL3105,6.98,289,14,False,4.3490908619589055,0
982,Cc1cccc2c(=O)[nH]c(-c3ccc([N+](=O)[O-])cc3)nc12,CHEMBL3105,6.98,1948,9,False,4.714576156877029,0
1265,O=c1[nH]nc2c3c(cccc13)NC(c1cccnc1)C2C1CCCNC1,CHEMBL3105,6.98,singleton,1,True,4.500740939455603,0
2431,CN(c1ccc(Cl)cc1)c1ccnc(Nc2ccc(-c3nc4c(C(N)=O)cccc4[nH]3)cc2)n1,CHEMBL3105,6.98,2454,31,False,6.182400058959961,0
2435,CN1CCN(C2CCN(c3ccnc(Nc4ccc(-c5nc6c(C(N)=O)cccc6[nH]5)cc4)n3)CC2)CC1,CHEMBL3105,6.98,2434,3,False,6.222000370860122,0
2479,Cn1c(COc2ccc3c(=O)[nH]nc(Cc4ccc(F)c(C(=O)N5CCN(C(=O)C6CC6)CC5)c4)c3c2)cnc1[N+](=O)[O-],CHEMBL3105,6.97,2480,5,False,24.959982147229564,0
1262,O=c1[nH]nc2c3c(cccc13)NC(c1ccccn1)C2c1ccccn1,CHEMBL3105,6.97,1244,25,False,4.582571256881836,0
2669,COc1ccc2c(c1)C(C)N(C(=O)c1cc(Cc3n[nH]c(=O)c4ccccc34)ccc1F)CC2,CHEMBL3105,6.97,401,173,False,7.603548182422741,0
175,CN(C)CC(=O)Nc1ccc2c(c1)Cc1c-2[nH]c(=O)c2ccccc12,CHEMBL3105,6.97,178,7,False,7.395000440776375,0
1115,O=C(c1ccncc1)N1CCN(C(=O)c2csc(Cc3n[nH]c(=O)c4ccccc34)c2)CC1,CHEMBL3105,6.97,1115,9,False,6.527500389069341,0
2867,CC(=O)Nc1cnc(N2CCN(c3nc4c(C(N)=O)cccc4[nH]3)CC2)nc1,CHEMBL3105,6.97,2864,13,False,7.093332769605891,0
1697,NC(=O)c1cccc2[nH]c(C(=O)NC3CCN(CC4CC4)CC3)nc12,CHEMBL3105,6.97,1682,26,False,5.651800053899767,0
3044,N#Cc1coc(N2CCN(Cc3ccc4c5c(c(=O)[nH]c4c3)CCCN5)CC2)n1,CHEMBL3105,6.97,1374,108,False,5.1450003066659145,0
360,Cn1nc(-c2ccccc2)c2c3c(c(=O)[nH]c21)CCC3,CHEMBL3105,6.97,360,4,False,4.403472174832276,0
1023,O=C(CCc1nc(=O)c2ccccc2[nH]1)N1CCN(C(=O)C2CCCC2)CC1,CHEMBL3105,6.96,3144,37,False,4.755142909779597,0
1393,COc1cc(CN2CCC(=O)CC2)cc2[nH]c(=O)c3c(c12)NCCC3,CHEMBL3105,6.96,1423,37,False,4.33052626144853,0
505,O=C1NCCc2c1ccc1[nH]cc(CCNCc3ccccc3)c21,CHEMBL3105,6.96,505,5,False,4.35777771284183,0
3074,N#Cc1ccc(N2CCN(Cc3cc(F)c4c5c(c(=O)[nH]c4c3)CCCN5)CC2)cc1C(F)(F)F,CHEMBL3105,6.96,2924,48,False,5.09055550498543,0
1203,Cc1ccc(CN2CCC(N3Cc4cccc(C(N)=O)c4C3=O)CC2)cc1,CHEMBL3105,6.96,1202,13,False,10.779999678730974,0
356,Cn1nc(-c2ccccc2)c2c3c(c(=O)[nH]c21)CSC3,CHEMBL3105,6.96,360,4,False,4.406027462015816,0
1699,CC(C)CCN1CCC(NC(=O)c2nc3c(C(N)=O)cccc3[nH]2)CC1,CHEMBL3105,6.96,1682,26,False,5.52000032901766,0
2808,CC(C)N1CCN2C(=Nc3cccc4c(=O)[nH]nc2c34)C1,CHEMBL3105,6.96,2809,6,False,4.715652125030474,0
1837,O=C(c1cc(Cc2n[nH]c(=O)c3ccccc23)ccc1F)N1CCC12CCNCC2,CHEMBL3105,6.96,401,173,False,7.115121971907039,0
62,O=C(CN1CCCCC1)Nc1cnc2c(c1)[nH]c(=O)c1ccccc12,CHEMBL3105,6.96,71,4,False,4.930000066784295,0
1396,COCCN(C)Cc1cc(OC)c2c3c(c(=O)[nH]c2c1)CCCN3,CHEMBL3105,6.96,1423,37,False,4.202247258554639,0
178,O=C(CO)Nc1ccc2c(c1)Cc1c-2[nH]c(=O)c2ccccc12,CHEMBL3105,6.96,178,7,False,4.729999883911191,0
1401,CCN(CC)Cc1cc(OC)c2c3c(c(=O)[nH]c2c1)CCCN3,CHEMBL3105,6.96,1423,37,False,4.223999905215994,0
466,Cc1ccc(-c2nc3cccc4c3n2CCNC4=O)cc1,CHEMBL3105,6.96,2019,11,False,4.4848487116635996,0
2019,O=C1NCCn2c(-c3ccccc3)nc3cncc1c32,CHEMBL3105,6.96,2019,11,False,4.334999958893114,0
1403,COc1cc(CNC(C)C)cc2[nH]c(=O)c3c(c12)NCCC3,CHEMBL3105,6.96,1423,37,False,4.223999905215994,0
1799,O=C(c1cc(Cc2n[nH]c(=O)c3ccccc23)cc(F)c1F)N1CCN(c2nccc(Br)n2)CC1,CHEMBL3105,6.96,1767,12,False,11.199999437834116,0
1156,O=C1CCN(c2ccccc2C(=O)NCCc2ccc(Cl)cc2Cl)C(=O)N1,CHEMBL3105,6.96,singleton,1,True,4.637599966829299,0
2444,Cc1cnc(Nc2ccc(-c3nc4c(C(N)=O)cccc4[nH]3)cc2)nc1N(C)c1ccc2c(C)n(C)nc2c1,CHEMBL3105,6.96,2454,31,False,5.729031905572221,0
217,CN(C)CC(=O)Nc1ccc2[nH]c(=O)c3ccccc3c2c1,CHEMBL3105,6.96,217,4,False,4.619999935206245,0
2438,CN(c1ccc(S(C)(=O)=O)cc1)c1ccnc(Nc2ccc(-c3nc4c(C(N)=O)cccc4[nH]3)cc2)n1,CHEMBL3105,6.96,2454,31,False,6.073584816864524,0
462,O=C1NCCn2c(CN3CCCCC3)cc3cccc1c32,CHEMBL3105,6.96,singleton,1,True,4.444000065441693,0
3017,O=c1[nH]c2cc(CN3CCN(c4ccc(C(F)(F)F)cc4Cl)CC3)ccc2c2c1CCCN2,CHEMBL3105,6.95,1374,108,False,4.9415382916123285,0
1915,NC(=O)c1cccc2c1O/C(=C\c1ccc(C(=O)NC3CCN(c4ncccn4)CC3)cc1)C2=O,CHEMBL3105,6.95,1909,19,False,4.766250142045323,0
1789,COc1ccc(N2CCN(C(=O)c3cc(Cc4n[nH]c(=O)c5ccccc45)cc(F)c3F)CC2)cc1,CHEMBL3105,6.95,401,173,False,14.254545454545456,3
63,CN(C)C1CCN(c2ccc3[nH]c(=O)c4ccccc4c3n2)CC1,CHEMBL3105,6.95,68,6,False,4.673912898128563,0
1108,CN1CCN(CCCS(=O)(=O)Nc2ccc(C=C3Oc4c(C(N)=O)cccc4C3=O)cc2)CC1,CHEMBL3105,6.95,1108,2,False,4.541538461538462,0
2330,Cc1noc(C)c1-c1ccc2c(c1)C(c1ccccc1)N(CC(=O)N[C@H](C)c1nc3c(C(N)=O)cccc3[nH]1)C(=O)N2,CHEMBL3105,6.95,2335,9,False,5.107272703551908,0
1729,NC(=O)c1cccc2[nH]c(C(=O)N3C[C@H]4CCCN[C@H]4C3)nc12,CHEMBL3105,6.94,1717,11,False,5.858333566122594,0
198,CCOC(=O)Nc1cccc(Cc2n[nH]c(=O)c3ccccc23)c1,CHEMBL3105,6.94,188,13,False,5.824313705069245,0
2633,CC(C)C[C@H](NC(=O)C(Cc1ccc(O)cc1)NC(=O)c1cc(Cc2n[nH]c(=O)c3ccccc23)ccc1F)B1O[C@@H]2C[C@@H]3C[C@@H](C3(C)C)[C@]2(C)O1,CHEMBL3105,6.94,2631,15,False,7.5927266144556,0
2329,Cc1noc(C)c1-c1ccc2c(c1)C(c1ccccc1)N(CC(=O)c1nc3c(C(N)=O)cccc3[nH]1)C(=O)N2,CHEMBL3105,6.94,2335,9,False,5.201449401171815,0
1101,CN1CCN(CCOc2ccc(/C=C3\Oc4c(C(N)=O)cccc4C3=O)cc2)CC1,CHEMBL3105,6.94,1094,14,False,7.559999098777882,0
131,O=C(CN1CCN(C2CCCC2)CC1)N1CCc2c([nH]c(=O)c3ccccc23)C1,CHEMBL3105,6.94,singleton,1,True,4.921176492156246,0
49,O=c1[nH]c2cccnc2c2ccccc12,CHEMBL3105,6.94,49,4,False,8.098750241361568,0
2074,COC1CCN(C(=O)c2ccc(-c3ccc4c(Cl)cc(C(N)=O)n4n3)c(F)c2)CC1,CHEMBL3105,6.94,2074,2,False,7.599998188019238,0
2912,Cc1cc(CN2CCN(c3ncc(Cl)cc3F)CC2)cc2[nH]c(=O)c3c(c12)NCCC3,CHEMBL3105,6.94,2924,48,False,4.720889038961908,0
2639,CC(C)C[C@H](NC(=O)C(C)NC(=O)c1cc(Cc2n[nH]c(=O)c3ccccc23)ccc1F)B1O[C@@H]2C[C@@H]3C[C@@H](C3(C)C)[C@]2(C)O1,CHEMBL3105,6.93,2631,15,False,10.383332136803341,0
2434,CS(=O)(=O)N1CCN(c2ccnc(Nc3ccc(-c4nc5c(C(N)=O)cccc5[nH]4)cc3)n2)CC1,CHEMBL3105,6.93,2434,3,False,6.532825866868351,0
2448,Cc1c2ccc(N(C)c3ccnc(Nc4ccc(-c5nc6c(C(N)=O)cccc6[nH]5)cc4F)n3)cc2nn1C,CHEMBL3105,6.93,2454,31,False,5.540146748029668,0
453,NC(=O)c1cccc2ncc(-c3ccc(C(F)(F)F)cc3)nc12,CHEMBL3105,6.93,452,6,False,5.401923324599784,0
1417,CCOc1cc(CNC)cc2[nH]c(=O)c3c(c12)NCCC3,CHEMBL3105,6.92,1423,37,False,4.386666582739403,0
1297,Cc1ccc2c(=O)[nH]c(CCCC(=O)N3CCC(Oc4ccc(C#N)cc4)CC3)nn12,CHEMBL3105,6.92,singleton,1,True,4.645301311568784,0
1379,COCCN(C)Cc1ccc2c3c(c(=O)[nH]c2c1)CCCN3,CHEMBL3105,6.92,1374,108,False,4.372048293241208,0
1055,CN1CCN(C(=O)c2cc3[nH]c(=O)c4ccccc4c3n2C)CC1,CHEMBL3105,6.92,1060,9,False,5.238947324594301,0
203,O=C1CCCN1c1cccc(Cc2n[nH]c(=O)c3ccccc23)c1,CHEMBL3105,6.92,singleton,1,True,6.112340177481623,0
1333,O=C1CCN(Cc2ccc3c(c2)-c2n[nH]c(=O)c4cccc(c24)O3)CC1,CHEMBL3105,6.92,1333,13,False,5.108108042277412,0
1958,Cc1cc(F)cc2c(=O)[nH]c(-c3ccc(N4CCN(C)CC4)cc3)nc12,CHEMBL3105,6.92,1961,4,False,4.766250177556656,0
513,O=C1NCCc2c1ccc1[nH]cc(CCNC(=O)C3CCN(c4ncccn4)CC3)c21,CHEMBL3105,6.92,520,17,False,4.467272678859962,0
294,O=C1NCc2c1c1c(c3[nH]c4ccc(Cl)cc4c23)CCC1,CHEMBL3105,6.92,289,14,False,4.363636387281181,0
231,O=c1[nH]c2ccc(CCCCN3CC=C(c4ccccc4)CC3)cc2c2ccccc12,CHEMBL3105,6.92,232,4,False,7.140000425577188,0
228,O=c1[nH]nc(CCCCCN2CCOCC2)c2ccccc12,CHEMBL3105,6.92,227,3,False,36.90003519061585,0
3169,Cc1cccnc1N1CCN(C(=O)CCc2nc(=O)c3ccccc3[nH]2)CC1,CHEMBL3105,6.92,3144,37,False,4.898028201909321,0
1901,CN1CCc2sc(-c3nc4c(C(N)=O)cccc4[nH]3)cc2C1,CHEMBL3105,6.91,1901,3,False,6.216666419638538,0
1110,CC(=O)N1CCN(C(=O)c2csc(Cc3n[nH]c(=O)c4ccccc34)c2)CC1,CHEMBL3105,6.91,1115,9,False,6.6325003953278285,0
2452,COc1cc(Nc2nccc(N(C)c3ccc4c(C)n(C)nc4c3)n2)ccc1-c1nc2c(C(N)=O)cccc2[nH]1,CHEMBL3105,6.91,2454,31,False,5.320946263099058,0
1052,O=C(c1cccc(Cc2n[nH]c(=O)c3ccccc23)c1)N1CCN(/[N+]([O-])=N/Oc2ccc([N+](=O)[O-])cc2[N+](=O)[O-])CC1,CHEMBL3105,6.91,1053,2,False,6.077068953026842,0
2242,COc1cc(-c2nc3c(C(N)=O)cccc3[nH]2)ccc1Nc1ncc2c(n1)N(C1CCCC1)C(C)C(=O)N2C,CHEMBL3105,6.9,2242,17,False,5.69904761904762,0
44,O=c1[nH]c2ccncc2c2ccccc12,CHEMBL3105,6.89,66,6,False,5.801427978642192,0
2442,CN(c1ccnc(Nc2ccc(-c3nc4c(C(N)=O)cccc4[nH]3)cc2)n1)c1cc(C(C)(C)C)n(C)n1,CHEMBL3105,6.89,2454,31,False,6.018771715835273,0
2913,Cc1cc(CN2CCN(c3ncc(C(F)(F)F)cc3Cl)CC2)cc2[nH]c(=O)c3c(c12)NCCC3,CHEMBL3105,6.89,singleton,1,True,4.589318113432013,0
2082,NC(=O)c1cc(Cl)c2cc(-c3cc4c(s3)CCNC4C3CC3)cnn12,CHEMBL3105,6.89,2084,6,False,4.4145568354573745,0
515,CN(C)CC(=O)NCCc1c[nH]c2ccc3c(c12)CCNC3=O,CHEMBL3105,6.89,520,17,False,4.286249968064949,0
3171,Cc1ccnc(N2CCN(C(=O)CCc3nc(=O)c4ccccc4[nH]3)CC2)c1,CHEMBL3105,6.89,3144,37,False,5.007428588483771,0
2264,NC(=O)c1cccc2cn(-c3ccc(OCCCCCCC(O)=NO)cc3)nc12,CHEMBL3105,6.89,2272,9,False,5.199996280672854,0
597,O=C1NCC2c3c(cccc31)CCN2C(=O)c1ccc(C(=O)N2CCCNCC2)cc1,CHEMBL3105,6.89,594,4,False,5.190624632604914,0
508,CCN(CC)CCc1c[nH]c2ccc3c(c12)CCNC3=O,CHEMBL3105,6.89,singleton,1,True,4.213411711523525,0
2280,C=C1C(=O)OC2C[C@@]3(C)CCC=C(COC(=O)CCCC4CCN(C(=O)c5cc(Cc6n[nH]c(=O)c7ccccc67)ccc5F)CC4)C3=CC12,CHEMBL3105,6.89,2277,10,False,6.6866663123943395,0
2432,NC(=O)c1cccc2[nH]c(-c3ccc(Nc4nccc(N5CCN(C(=O)c6ccccc6)CC5)n4)cc3)nc12,CHEMBL3105,6.89,2614,9,False,8.52272731890856,0
1844,O=C(C1CC1)N1CC2(CCN2C(=O)c2cc(Cc3n[nH]c(=O)c4ccccc34)ccc2F)C1,CHEMBL3105,6.89,401,173,False,7.422414006680859,0
2436,CN(c1ccc(F)cc1)c1ccnc(Nc2ccc(-c3nc4c(C(N)=O)cccc4[nH]3)cc2)n1,CHEMBL3105,6.89,2454,31,False,6.333600060401918,0
751,NC(=O)c1cccc2cn(Cc3ccccc3)nc12,CHEMBL3105,6.89,singleton,1,True,5.292499818005248,0
1662,NCCOc1c(-c2ccc(F)c(F)c2)[nH]c(=O)c2cc(F)ccc12,CHEMBL3105,6.89,1651,17,False,10.437142323912433,0
1311,O=c1[nH]c(-c2ccc(Br)cc2)nc2c(O)cccc12,CHEMBL3105,6.89,1315,8,False,5.2806121742400185,0
1663,NCCOc1c(-c2ccc(N3CCCC3)c(Br)c2)[nH]c(=O)c2cc(F)ccc12,CHEMBL3105,6.89,1651,17,False,6.916923076923076,0
1003,NC(=O)c1ccc(NC(=O)CCn2c(=O)[nH]c(=O)c3ccccc32)cc1,CHEMBL3105,6.89,1013,6,False,4.966825533100481,0
2807,CN1CCN2C(=Nc3cccc4c(=O)[nH]nc2c34)C1,CHEMBL3105,6.89,2809,6,False,4.849091014192126,0
1019,Cc1c(C(=O)N2CCN(C(=O)CCc3nc(=O)c4ccccc4[nH]3)CC2)oc2ccccc12,CHEMBL3105,6.89,1020,7,False,5.0390625187719715,0
1888,CCCCC1NCCc2cc(-c3nc4c(C(N)=O)cc(F)cc4[nH]3)sc21,CHEMBL3105,6.89,1884,3,False,5.081304295153159,0
2440,CN(c1ccc(NC(=O)OC(C)(C)C)cc1)c1ccnc(Nc2ccc(-c3nc4c(C(N)=O)cccc4[nH]3)cc2)n1,CHEMBL3105,6.89,2454,31,False,6.169090975946633,0
1499,Cn1c2cccc(C(N)=O)c2c(=O)n1C1CCN(C2CCCC2)CC1,CHEMBL3105,6.89,1497,12,False,30.360028953579874,0
1502,CC(C)N1CCC(n2c(=O)c3c(C(N)=O)cccc3n2C)CC1,CHEMBL3105,6.89,1497,12,False,4.761904617736314,0
1510,Cn1c2cccc(C(N)=O)c2c(=O)n1C1CCN(Cc2cccs2)CC1,CHEMBL3105,6.89,1497,12,False,4.728260820551948,0
1815,CCCCc1ccc2nc3ccccc3c(Nc3ccc(-c4nc5c(C(N)=O)cccc5[nH]4)cc3)c2c1,CHEMBL3105,6.89,1817,11,False,6.9535555279246095,0
1367,O=c1[nH]c2cc(CN3CCCCC3)ccc2c2c1CCCN2,CHEMBL3105,6.89,1374,108,False,14.189993233683955,0
1022,O=C(CCc1nc(=O)c2ccccc2[nH]1)N1CCN(C(=O)C2CCCO2)CC1,CHEMBL3105,6.89,1020,7,False,4.853835822523018,0
1075,Cc1c(C(=O)N2CC=C(c3ccc(F)cc3)CC2)sc2c1[nH]c(=O)c1ccccc12,CHEMBL3105,6.88,1071,6,False,4.949859188172912,0
342,O=c1[nH]c(N2CCC(N3CC=C(c4ccccc4)CC3)CC2)nc2ccccc12,CHEMBL3105,6.88,350,11,False,6.1874995620455895,0
111,Cc1cccc2c(=O)[nH]c3cc(C(F)(F)F)c([N+](=O)[O-])cc3c12,CHEMBL3105,6.87,92,3,False,4.411772111955122,0
52,O=C(CN1CCC(N2CCCC2)CC1)Nc1cnc2c(c1)[nH]c(=O)c1ccccc12,CHEMBL3105,6.87,71,4,False,4.947083480767909,0
2287,C[C@H]1CCC[C@]2(C)CC3OC(=O)C(CN4CCN(C(=O)c5cc(Cc6n[nH]c(=O)c7ccccc67)ccc5F)CC4)C3C=C12,CHEMBL3105,6.87,2295,14,False,7.34999960173262,0
1285,Cn1ccnc1[C@@H]1c2n[nH]c(=O)c3cccc(c23)N[C@H]1c1ccc(F)cc1,CHEMBL3105,6.87,1290,16,False,10.951112271532727,0
2284,C=C1C(=O)OC2C[C@@]3(C)CCC=C(COC(=O)CCNC(=O)c4cc(Cc5n[nH]c(=O)c6ccccc56)ccc4F)C3=CC12,CHEMBL3105,6.87,2277,10,False,8.855790529376709,0
1866,COc1ccccc1/C=C/c1nnc(-c2cccc3c(=O)c4ccccc4c(=O)[nH]c23)o1,CHEMBL3105,6.87,1869,10,False,5.014999880433089,0
851,O=C(c1ccc2[nH]c(=O)c3c(c2c1)CCSC3)N1CCN(CCCC(F)(F)F)CC1,CHEMBL3105,6.87,853,23,False,4.98424656720317,0
1218,CCCNCc1ccc(-c2cc3c4c(c[nH]c4c2)C(=O)NNC3=O)cc1,CHEMBL3105,6.86,1218,3,False,4.621667217612331,0
2428,CN(c1ccc(Cl)cc1)c1ccnc(Nc2ccc(C(=O)Nc3nc4c(C(N)=O)cccc4[nH]3)cc2)n1,CHEMBL3105,6.86,singleton,1,True,6.039286009974944,0
2642,CC(C)CC(NC(=O)c1cc(Cc2n[nH]c(=O)c3ccccc23)ccc1F)C(=O)N[C@@H](CC(C)C)B1O[C@@H]2C[C@@H]3C[C@@H](C3(C)C)[C@]2(C)O1,CHEMBL3105,6.86,2631,15,False,10.237500610202584,0
1126,O=C1c2ccccc2C2(O)c3ccc(Br)cc3CCN12,CHEMBL3105,6.86,1120,7,False,4.45440007434082,0
2017,CN1CCN(c2ccc(-c3nc4cncc5c4n3CCNC5=O)cc2)CC1,CHEMBL3105,6.86,2019,11,False,4.388571428571427,0
2193,O=c1cc(-c2ccc(O)cc2)oc2c(CN3CC=C(c4ccccc4)CC3)c(O)cc(O)c12,CHEMBL3105,6.86,2173,46,False,4.766666477256359,0
1422,COc1cc(CN2CCC(N3CCOCC3)CC2)cc2[nH]c(=O)c3c(c12)NCCC3,CHEMBL3105,6.85,1423,37,False,4.453921646708162,0
949,O=C(c1ccc(F)cc1)C1CCN(CC(=O)N(Cc2nc(=O)c3c([nH]2)CCOC3)Cc2cccs2)CC1,CHEMBL3105,6.85,950,23,False,10.608887799860629,0
2119,Cc1c(CN2CCN(C(=O)c3cc4cccc(C(N)=O)c4o3)CC2)sc2c(N3CCOCC3)nc(-c3cccc4[nH]ccc34)nc12,CHEMBL3105,6.85,2108,14,False,8.474347891970933,0
2404,O=C1NCCc2c(O)cccc21,CHEMBL3105,6.85,2404,3,False,5.8781248248182285,0
1826,O=C(c1cc(Cc2n[nH]c(=O)c3ccccc23)ccc1F)N1CCC2(CCCCC2)C1,CHEMBL3105,6.85,401,173,False,25.080010464195826,0
1395,CON=C1CCN(Cc2cc(OC)c3c4c(c(=O)[nH]c3c2)CCCN4)CC1,CHEMBL3105,6.85,1423,37,False,4.427499841660266,0
976,CC[C@H](NC(=O)CCc1nc(=O)c2ccccc2[nH]1)c1ccccc1,CHEMBL3105,6.85,968,13,False,7.012500417977594,0
51,O=C(CN1CCC(N2CCCC2)CC1)Nc1ccc2[nH]c(=O)c3ccccc3c2n1,CHEMBL3105,6.85,48,2,False,4.838513416081799,0
2449,Cc1c2ccc(N(C)c3ccnc(Nc4ccc(-c5nc6c(C(N)=O)cccc6[nH]5)c(Cl)c4)n3)cc2nn1C,CHEMBL3105,6.85,2454,31,False,5.354594801616469,0
1408,COc1cc(CN(C)C(C)C)cc2[nH]c(=O)c3c(c12)NCCC3,CHEMBL3105,6.85,1423,37,False,4.336781638907164,0
491,O=C(NCCCN1CCOCC1)c1cc2[nH]c(=O)c3ccccc3n2n1,CHEMBL3105,6.85,492,3,False,4.812499928288163,0
1813,Cc1cccc2c(Nc3ccc(-c4nc5c(C(N)=O)cccc5[nH]4)cc3)c3ccccc3nc12,CHEMBL3105,6.85,1817,11,False,6.98500055511797,0
459,Cc1nc2cccc3c2n1CCNC3=O,CHEMBL3105,6.85,458,4,False,4.489692287107192,0
492,O=C(NCCN1CCOCC1)c1cc2[nH]c(=O)c3ccccc3n2n1,CHEMBL3105,6.85,492,3,False,4.838513416081799,0
1177,CC(=O)Nc1ccccc1-c1ccc(-c2nc3c(C(N)=O)cccc3[nH]2)cc1,CHEMBL3105,6.85,1170,19,False,8.096250482574135,0
2088,CN1CCc2cc(-c3ccc4c(Cl)cc(C(N)=O)n4n3)sc2C1,CHEMBL3105,6.85,2088,2,False,4.42987023960139,0
2427,Cc1c2ccc(N(C)c3ccnc(Nc4ccc(C(=O)Nc5nc6c(C(N)=O)cccc6[nH]5)cc4)n3)cc2nn1C,CHEMBL3105,6.85,2454,31,False,5.686567528419408,0
3059,N#Cc1ccc(N2C3CCC2CN(Cc2ccc4c5c(c(=O)[nH]c4c2)CCCN5)C3)nc1,CHEMBL3105,6.85,3059,2,False,6.922222634818848,0
583,O=C1NCC2NCCc3cccc1c32,CHEMBL3105,6.85,singleton,1,True,5.550000087054153,0
2645,O=C(Cn1c(=S)n(-c2ccccc2)c(=O)c2ccccc21)Nc1cccc2ccccc12,CHEMBL3105,6.85,singleton,1,True,4.582297404333245,0
1667,O=C(COc1cccc2c(=O)[nH]ccc12)c1ccccc1,CHEMBL3105,6.84,1667,2,False,4.901587153189911,0
1293,Cn1ncnc1[C@@H]1c2n[nH]c(=O)c3cc(F)cc(c23)N[C@H]1c1ccc(F)cc1,CHEMBL3105,6.84,1290,16,False,14.249999029295852,1
361,Cn1nc(-c2cccs2)c2c3c(c(=O)[nH]c21)CCC3,CHEMBL3105,6.83,360,4,False,28.594986364847966,0
1857,COc1ccccc1/C=C/c1nnc(-c2cc(C)cc3c(=O)c4ccccc4c(=O)[nH]c23)o1,CHEMBL3105,6.83,1869,10,False,5.855556331151898,0
1151,O=C1NNc2nc(-c3ccccc3)nc3cccc1c23,CHEMBL3105,6.83,1151,3,False,4.505882226554584,0
920,COc1cc(CN2CCN(c3ccc(C(=O)NC4CC4)cc3C)CC2)cc2c1OC(C)C(=O)N2,CHEMBL3105,6.83,924,18,False,4.797187431494822,0
2453,Cc1cc(Nc2nccc(N(C)c3ccc4c(C)n(C)nc4c3)n2)cnc1-c1nc2c(C(N)=O)cccc2[nH]1,CHEMBL3105,6.82,2454,31,False,5.380281401068384,0
1399,COc1cc(CN2CCCCC2)cc2[nH]c(=O)c3c(c12)NCCC3,CHEMBL3105,6.82,1423,37,False,23.04002197267718,0
1496,NC(=O)c1cccc2[nH]n(C3CCN(C4CCC(F)(F)CC4)CC3)c(=O)c12,CHEMBL3105,6.82,1507,8,False,5.656363973509205,0
112,O=C(NCCc1ccccc1)c1ccc2c(c1)[nH]c(=O)c1cc(F)ccc12,CHEMBL3105,6.82,112,2,False,4.796111194490007,0
1879,Cn1c(-c2cc3c(s2)C(C(C)(C)C)NCC3)nc2c(C(N)=O)cc(F)cc21,CHEMBL3105,6.82,singleton,1,True,4.5936707613044545,0
1511,NC(=O)c1cccc2[nH]n(C3CCN(CC4CC=CCC4)CC3)c(=O)c12,CHEMBL3105,6.82,1507,8,False,4.977575703632734,0
2233,CCC1C(=O)N(C)c2cnc(Nc3ccc(-c4nc5c(C(N)=O)cccc5[nH]4)cc3OC)nc2N1C1CCCC1,CHEMBL3105,6.82,2242,17,False,11.205000417418795,0
1150,C=c1ccc(=c2[nH]c3cccc4c(=O)[nH]nc([nH]2)c34)cc1,CHEMBL3105,6.82,singleton,1,True,4.748656741764954,0
14,O=C(Cn1c2c(c(=O)[nH]c1=O)CSCC2)NCC(=O)N1CCN(c2ncccn2)CC1,CHEMBL3105,6.82,3,15,False,6.062223025192555,0
48,O=C(CN1CCCCC1)Nc1ccc2[nH]c(=O)c3ccccc3c2n1,CHEMBL3105,6.82,48,2,False,4.9641177601911215,0
2638,CC(C)C[C@H](NC(=O)C(NC(=O)c1cc(Cc2n[nH]c(=O)c3ccccc23)ccc1F)C(C)C)B1O[C@@H]2C[C@@H]3C[C@@H](C3(C)C)[C@]2(C)O1,CHEMBL3105,6.82,2631,15,False,9.956471181687219,0
1200,NC(=O)c1cccc2c1C(=O)N(C1CCN(C3CCC(F)(F)CC3)CC1)C2,CHEMBL3105,6.82,1200,6,False,4.877846010711494,0
490,O=c1[nH]c2cc(-c3cccs3)nn2c2ccccc12,CHEMBL3105,6.82,493,15,False,4.645070367941566,0
1724,CC(C)(C)OC(=O)N1CCN(C(=O)c2nc3c(C(N)=O)cccc3[nH]2)CC1,CHEMBL3105,6.82,1682,26,False,6.856410298325529,0
2249,CCC1C(=O)N(C)c2cnc(Nc3cccc(-c4nc5c(C(N)=O)cccc5[nH]4)c3)nc2N1C1CCCC1,CHEMBL3105,6.81,2242,17,False,5.775396951071924,0
511,O=C1NCCc2c1ccc1[nH]cc(CCNC(=O)C3CCNCC3)c21,CHEMBL3105,6.8,520,17,False,4.437931052725607,0
3142,O=C(CCc1nc(=O)c2ccccc2[nH]1)N1CCN(c2ccccc2)CC1,CHEMBL3105,6.8,3144,37,False,5.199999999999999,0
351,Cc1cccc2c1CCNC2=O,CHEMBL3105,6.8,2404,3,False,5.774999827891593,0
348,O=c1[nH]c(C2=CC(N3CC=C(c4ccccc4)CC3)CCC2)nc2ccccc12,CHEMBL3105,6.8,350,11,False,8.666664944755048,0
1362,CCNCc1ccc2c3c(c(=O)[nH]c2c1)CCCN3,CHEMBL3105,6.8,1374,108,False,4.558441671357629,0
3079,O=c1[nH]c2cc(CN3CCN(c4ccc(Cl)cn4)CC3)cc(F)c2c2c1CCCN2,CHEMBL3105,6.8,3069,15,False,8.159999305180204,0
1777,O=C(c1cc(Cc2n[nH]c(=O)c3ccccc23)cc(F)c1F)N1CCN(Cc2cccnc2)CC1,CHEMBL3105,6.8,1767,12,False,10.94999962345913,0
2087,CN1CCc2sc(-c3ccc4c(Cl)cc(C(N)=O)n4n3)cc2C1,CHEMBL3105,6.8,2088,2,False,4.515789417018521,0
282,CN(CCc1c[nH]cn1)C(=O)c1ccc2[nH]c3c4c(c5c(c3c2c1)CNC5=O)CCC4,CHEMBL3105,6.79,singleton,1,True,4.494672872158562,0
286,O=C(NCCN1CCOCC1)c1ccc2[nH]c3c4c(c5c(c3c2c1)CNC5=O)CCC4,CHEMBL3105,6.79,289,14,False,4.555339721469698,0
465,CN1CCN(C(=O)c2cccc(-c3nc4cccc5c4n3CCNC5=O)c2)CC1,CHEMBL3105,6.79,singleton,1,True,5.093846135162038,0
118,O=C(CN1CCCCC1)N1CCc2c([nH]c(=O)c3ccccc23)C1,CHEMBL3105,6.79,114,12,False,5.1512699826055375,0
2027,C[C@@H]1c2cccc(C(N)=O)c2C(=O)N1C1CCN(C2CCCCC2)CC1,CHEMBL3105,6.79,2029,4,False,4.9677420883099375,0
2450,Cc1c2ccc(N(C)c3ccnc(Nc4ccc(-c5nc6c(C(N)=O)cccc6[nH]5)c(C(F)(F)F)c4)n3)cc2nn1C,CHEMBL3105,6.79,2454,31,False,5.397631274156311,0
128,O=c1[nH]c2c(c3ccccc13)CCCC2,CHEMBL3105,6.78,116,4,False,4.866206736524951,0
65,CN(C)CC(=O)Nc1cnc2c(c1)[nH]c(=O)c1ccccc12,CHEMBL3105,6.78,217,4,False,4.957646937147558,0
287,CN(C)CCNC(=O)c1ccc2[nH]c3c4c(c5c(c3c2c1)CNC5=O)CCC4,CHEMBL3105,6.78,289,14,False,4.5116278319309835,0
2079,NC(=O)c1cc(Cl)c2ccc(-c3ccc(F)c(C(=O)N4CCN(C(=O)C5CC5)CC4)c3)nn12,CHEMBL3105,6.78,2076,6,False,4.99529425776129,0
858,O=C(NCCN1CCN(c2ccccc2)CC1)c1ccc2[nH]c(=O)c3c(c2c1)CCSC3,CHEMBL3105,6.78,865,6,False,4.989091017226543,0
2457,Cc1c2ccc(N(C)c3ccnc(Nc4ccc(C(=O)Nc5nc6c(C(N)=O)cccc6[nH]5)c(Cl)c4)n3)cc2nn1C,CHEMBL3105,6.78,2454,31,False,5.30430371742756,0
2443,Cc1c2ccc(N(C)c3cc(C(F)(F)F)nc(Nc4ccc(C(=O)Nc5nc6c(C(N)=O)cccc6[nH]5)cc4)n3)cc2nn1C,CHEMBL3105,6.78,2454,31,False,5.683380434368844,0
2666,NC(=O)c1cccc2[nH]c(NC(=O)c3cccc(C(=O)N4CCC(Nc5ncc(C(F)(F)F)cn5)CC4)c3)nc12,CHEMBL3105,6.78,2666,5,False,6.176,0
2324,O=c1c(O)c(-c2ccc(O)c(-c3c(O)cc(O)c4c(=O)cc(-c5ccc(OS(=O)(=O)O)cc5)oc34)c2)oc2cc(O)cc(O)c12,CHEMBL3105,6.77,2139,11,False,4.79135135135135,0
2277,C=C1C(=O)OC2C[C@@]3(C)CCC=C(CN4CCN(C(=O)c5cc(Cc6n[nH]c(=O)c7ccccc67)ccc5F)CC4)C3=CC12,CHEMBL3105,6.77,2277,10,False,7.502726866184209,0
158,COc1ccccc1C1=CCN(CCCc2nc(=O)c3ccccc3[nH]2)CC1,CHEMBL3105,6.77,158,5,False,5.414666494539056,0
1409,COc1cc(CN(C)CCF)cc2[nH]c(=O)c3c(c12)NCCC3,CHEMBL3105,6.77,1423,37,False,4.472068983900419,0
2640,CC(C)C[C@H](NC(=O)C(NC(=O)c1cc(Cc2n[nH]c(=O)c3ccccc23)ccc1F)C(C)(C)C)B1O[C@@H]2C[C@@H]3C[C@@H](C3(C)C)[C@]2(C)O1,CHEMBL3105,6.77,2631,15,False,9.34894810163254,0
2644,O=C(Cn1c(=S)n(-c2ccccc2)c(=O)c2ccccc21)Nc1ccc2c(c1)C(=O)c1ccccc1C2,CHEMBL3105,6.77,singleton,1,True,4.615465199449793,0
70,O=c1[nH]c2cnccc2c2ccccc12,CHEMBL3105,6.77,66,6,False,5.269999461514662,0
1426,NCc1ccc2c3c(c(=O)[nH]c2c1)CCCN3,CHEMBL3105,6.77,1374,108,False,4.639583283402371,0
3128,Cc1cc(F)cc2c(=O)[nH]c(C[C@H](C)CC(=O)N3CCC(C(=O)c4cccc(C(=O)O)c4)CC3)nc12,CHEMBL3105,6.77,3121,11,False,4.912499926798047,0
1486,Cc1ccc(S(=O)(=O)NCC2=Nc3cccc4c(=O)[nH]nc(c34)N2)cc1,CHEMBL3105,6.77,singleton,1,True,4.746623461132188,0
714,O=c1[nH]c2ccc(OC3CCN(CCN4CCCCC4)CC3)cc2c2c1CSCC2,CHEMBL3105,6.76,710,13,False,4.652553344896989,0
2626,Cc1c(Cc2ccc(F)c(C(=O)NCC(=O)N[C@@H](CC(C)C)B3O[C@@H]4C[C@@H]5C[C@@H](C5(C)C)[C@]4(C)O3)c2)n[nH]c(=O)c1C,CHEMBL3105,6.76,2631,15,False,12.849232418805396,0
50,CCN(CC)CCNc1ccc2[nH]c(=O)c3ccccc3c2n1,CHEMBL3105,6.76,singleton,1,True,4.817646991257851,0
1752,O=C(Nc1cc(Cn2c(=O)[nH]c(=O)c3ccccc32)cnc1Cl)C1CCNC1,CHEMBL3105,6.76,1752,2,False,6.3000003755092875,0
857,O=C(c1ccc2[nH]c(=O)c3c(c2c1)CCSC3)N1CCCCC1,CHEMBL3105,6.76,853,23,False,7.444444148628811,0
1798,O=C(c1cc(Cc2n[nH]c(=O)c3ccccc23)cc(F)c1F)N1CCN(c2ncc(Br)cn2)CC1,CHEMBL3105,6.76,1767,12,False,12.71545447655453,0
61,Nc1cnc2c(c1)[nH]c(=O)c1ccccc12,CHEMBL3105,6.75,singleton,1,True,4.921311610054505,0
1416,CCOc1cc(CN2CCCCC2)cc2[nH]c(=O)c3c(c12)NCCC3,CHEMBL3105,6.75,1415,6,False,4.567187389408357,0
113,Nc1ccc2[nH]c(=O)c3ccccc3c2c1,CHEMBL3105,6.75,66,6,False,4.791803362967987,0
87,Nc1ccc2c3c(cccc13)C(=O)NC2=O,CHEMBL3105,6.75,singleton,1,True,4.520937390528273,0
553,CNCc1ccc(-n2cc3c(Cl)ccc(C(N)=O)c3n2)cc1,CHEMBL3105,6.75,580,33,False,5.624999776482589,0
1375,CCCN(C)Cc1ccc2c3c(c(=O)[nH]c2c1)CCCN3,CHEMBL3105,6.75,1374,108,False,4.591874924733304,0
1105,NC(=O)c1cccc2c1O/C(=C\c1ccc(OCC(O)CN3CCOCC3)cc1)C2=O,CHEMBL3105,6.75,singleton,1,True,4.799350675356431,0
3018,O=c1[nH]c2cc(CN3CCN(c4ccc(C(F)(F)F)c(Cl)c4)CC3)ccc2c2c1CCCN2,CHEMBL3105,6.75,1374,108,False,5.990476258487658,0
97,Nc1cc2[nH]c(=O)c3ccccc3c2cc1N,CHEMBL3105,6.75,singleton,1,True,4.805833543396667,0
1050,CN(C)Cc1cc2c([nH]c(=O)c3ccccc32)s1,CHEMBL3105,6.75,1051,2,False,4.787878857061774,0
2143,O=c1cc(-c2cccc(-c3c(O)cc(O)c4c(=O)cc(-c5ccc(F)cc5)oc34)c2)oc2cc(O)cc(O)c12,CHEMBL3105,6.75,2139,11,False,6.547618787440053,0
1430,COCCOc1cc(CN(C)C)cc2[nH]c(=O)c3c(c12)NCCC3,CHEMBL3105,6.75,1423,37,False,4.443749966891482,0
3143,O=C(CCc1nc(=O)c2ccccc2[nH]1)N1CCN(c2ccccc2Cl)CC1,CHEMBL3105,6.75,3144,37,False,5.900000452143842,0
1394,COc1cc(CN2CCC(=NO)CC2)cc2[nH]c(=O)c3c(c12)NCCC3,CHEMBL3105,6.75,1423,37,False,4.594897964773004,0
506,O=C1NCCc2c1ccc1[nH]cc(CCNCc3cocn3)c21,CHEMBL3105,6.75,505,5,False,4.427472643471619,0
1400,COc1cc(CN(C)CCCl)cc2[nH]c(=O)c3c(c12)NCCC3,CHEMBL3105,6.75,1423,37,False,4.443749966891482,0
206,O=C1c2ccccc2C(=O)N1c1cccc(Cc2n[nH]c(=O)c3ccccc23)c1,CHEMBL3105,6.75,186,6,False,6.219148557593047,0
2668,O=C(c1cc(Cc2n[nH]c(=O)c3ccccc23)ccc1F)N1CCc2ccccc2C1C1CC1,CHEMBL3105,6.74,401,173,False,9.014545405699204,0
102,COC(=O)c1ccc2c(c1)[nH]c(=O)c1ccccc12,CHEMBL3105,6.74,96,5,False,4.888124877084631,0
2083,CC(C)CC1NCCc2sc(-c3cnn4c(C(N)=O)cc(Cl)c4c3)cc21,CHEMBL3105,6.73,2084,6,False,4.615465199449793,0
2334,Cc1noc(C)c1-c1ccc2c(c1)C(c1ccccc1)N(CC(=O)N[C@@H](C)c1nc3c(C(N)=O)cccc3[nH]1)C(=O)N2C,CHEMBL3105,6.73,2335,9,False,5.481315479957183,0
417,NC(=O)c1ccccc1OCc1cccc(C(=O)N2CCN(C(=O)C3CCCC3)CC2)c1,CHEMBL3105,6.73,417,5,False,5.556315806904328,0
2823,CN1CCCc2c1[nH]c(N1CCN(Cc3nccc(C(F)(F)F)n3)CC1)nc2=O,CHEMBL3105,6.73,2831,29,False,8.006818659061766,0
2139,O=c1cc(-c2ccc(O)c(-c3c(O)cc(O)c4c(=O)cc(-c5ccc(O)cc5)oc34)c2)oc2cc(O)cc(O)c12,CHEMBL3105,6.73,2139,11,False,8.77500052303079,0
123,O=C(CN1CCC(N2CCCC2)CC1)N1CCc2[nH]c(=O)c3ccccc3c2C1,CHEMBL3105,6.73,114,12,False,5.104285627360246,0
855,CN1CCN(C(=O)c2ccc3[nH]c(=O)c4c(c3c2)CCSC4)CC1,CHEMBL3105,6.73,853,23,False,6.476364478592151,0
845,O=C(c1ccc2[nH]c(=O)c3c(c2c1)CCSC3)N1CCN(Cc2ccccc2)CC1,CHEMBL3105,6.73,853,23,False,5.939999291896901,0
1508,Cn1c2cccc(C(N)=O)c2c(=O)n1C1CCN(CC2CCCCC2)CC1,CHEMBL3105,6.72,1497,12,False,4.899999926984313,0
3186,Cn1ccc2c(=O)[nH]c(CCC(=O)N3CC=C(c4ccc(F)cc4)CC3)nc21,CHEMBL3105,6.72,3184,3,False,4.875500188891596,0
1419,COc1cc(CO)cc2[nH]c(=O)c3c(c12)NCCC3,CHEMBL3105,6.72,1423,37,False,4.5845569205173335,0
1407,COc1cc(CN(C)C2CCCC2)cc2[nH]c(=O)c3c(c12)NCCC3,CHEMBL3105,6.72,1423,37,False,4.47191018423729,0
1816,COc1cccc2c(Nc3ccc(-c4nc5c(C(N)=O)cccc5[nH]4)cc3)c3ccccc3nc12,CHEMBL3105,6.72,1817,11,False,7.004444444444445,0
1008,O=C1CN(C(=O)CCc2nc(=O)c3ccccc3[nH]2)CCN1,CHEMBL3105,6.72,1020,7,False,5.003428469179116,0
1589,CC1(C)C=c2[nH][nH]c(=O)c3cccc4c3c2c(n4CCN2CCOCC2)C1,CHEMBL3105,6.72,1624,12,False,12.057499820329248,0
1378,CC(C)N(C)Cc1ccc2c3c(c(=O)[nH]c2c1)CCCN3,CHEMBL3105,6.72,1374,108,False,4.634936848741146,0
584,O=C1NCC2c3c(cccc31)CCN2Cc1ccccc1,CHEMBL3105,6.72,586,37,False,5.528571758099987,0
201,Cc1noc(-c2cccc(Cc3n[nH]c(=O)c4ccccc34)c2)n1,CHEMBL3105,6.72,singleton,1,True,5.896296192163958,0
1428,CCCOc1cc(CN)cc2[nH]c(=O)c3c(c12)NCCC3,CHEMBL3105,6.72,1423,37,False,4.49505872266301,0
915,COc1ccccc1N1CCN(CCCc2nc(=O)c3ccccc3[nH]2)CC1,CHEMBL3105,6.72,158,5,False,5.209117669888794,0
2480,Cn1c([N+](=O)[O-])cnc1COc1ccc2c(=O)[nH]nc(Cc3ccc(F)c(C(=O)N4CCN(C(=O)C5CC5)CC4)c3)c2c1,CHEMBL3105,6.71,2480,5,False,37.69997303487799,0
93,Cc1cc2[nH]c(=O)c3ccccc3c2cc1NC(=O)C[N+](C)(C)C,CHEMBL3105,6.71,singleton,1,True,4.987499925680459,0
3148,Cc1ccc2c(=O)[nH]c(CCC(=O)N3CCN(c4ccc(C#N)cn4)CC3)nc2c1,CHEMBL3105,6.71,3144,37,False,5.319999999999999,0
1914,NC(=O)c1cccc2c1O/C(=C\c1ccc(S(=O)(=O)N3CCN(c4ncccn4)CC3)cc1)C2=O,CHEMBL3105,6.71,1909,19,False,4.967083255206064,0
2123,Cc1c(CN2CCN(C(=O)c3cc(Cc4n[nH]c(=O)c5ccccc45)ccc3F)CC2)sc2c(N3CCOCC3)nc(-c3cnc(N)cc3C(F)(F)F)nc12,CHEMBL3105,6.71,1987,4,False,11.216315578354369,1
2429,NC(=O)c1cccc2[nH]c(NC(=O)c3ccc(Nc4nccc(N5CCN(C(=O)c6ccccc6)CC5)n4)cc3)nc12,CHEMBL3105,6.71,singleton,1,True,6.87750040993097,0
2140,O=c1cc(-c2cccc(-c3c(O)cc(O)c4c(=O)cc(-c5ccc(O)cc5)oc34)c2)oc2cc(O)cc(O)c12,CHEMBL3105,6.71,2139,11,False,8.710714804913348,0
2382,COc1cc(OC)c2c(=O)[nH]c(-c3cccc(Cc4n[nH]c(=O)c5ccccc45)c3)nc2c1,CHEMBL3105,6.71,singleton,1,True,5.610937834437956,0
1193,NC(=O)c1cccc2c1C(=O)N(CCCN1CCCCC1)C2,CHEMBL3105,6.7,1193,5,False,5.020322585471526,0
1158,COc1ccc2c(c1)C(CC(=O)N1CCN(C(=O)c3ccccc3N3CCC(=O)NC3=O)CC1)CC2=O,CHEMBL3105,6.7,1159,3,False,5.2972973143645135,0
1137,NC(=O)c1cccc(NC(=O)C2=C(C(=O)O)CCC2)c1,CHEMBL3105,6.7,singleton,1,True,4.998688617392723,0
1061,CN1CCCN(C(=O)c2cc3[nH]c(=O)c4ccccc4c3n2C)CC1,CHEMBL3105,6.7,1060,9,False,5.442622988046544,0
467,O=c1[nH]c2cc(-c3ccco3)nn2c2ccccc12,CHEMBL3105,6.7,493,15,False,4.788732338084088,0
223,O=C1N=C(CCCN2CC=C(c3ccccc3)CC2)NC2CCOCC12,CHEMBL3105,6.7,223,6,False,6.040588595341255,0
468,COc1ccc(-c2cc3[nH]c(=O)c4ccccc4n3n2)c(OC)c1,CHEMBL3105,6.7,494,2,False,4.727272676042288,0
469,COc1ccc(-c2cc3[nH]c(=O)c4ccccc4n3n2)cc1OC,CHEMBL3105,6.7,493,15,False,4.746666791152957,0
470,O=c1[nH]c2cc(C3CCCCC3)nn2c2ccccc12,CHEMBL3105,6.7,singleton,1,True,4.869565419303454,0
410,CC(Oc1ccccc1)C(=O)N1CCN(C(=O)c2cccc(CCOc3ccccc3C(N)=O)c2)CC1,CHEMBL3105,6.7,410,3,False,5.4409525971564126,0
1688,NC(=O)c1cccc2[nH]c(C(=O)NC3CCCNC3)nc12,CHEMBL3105,6.7,1704,5,False,5.902641828067806,0
290,Cc1ccc2[nH]c3c4c(c5c(c3c2c1)CNC5=O)CCC4,CHEMBL3105,6.7,289,14,False,4.493827127425559,0
732,CNCCc1ccc(-n2cc3cccc(C(N)=O)c3n2)cc1,CHEMBL3105,6.7,580,33,False,7.680000732421948,0
412,NC(=O)c1ccccc1OCCc1cccc(C(=O)N2CCN(C(=O)C3CCCC3)CC2)c1,CHEMBL3105,6.7,417,5,False,5.54271178041406,0
2146,O=c1cc(-c2cccc(-c3c(O)cc(O)c4c(=O)cc(-c5cccs5)oc34)c2)oc2cc(O)cc(O)c12,CHEMBL3105,6.7,2147,2,False,5.303571518890713,0
696,O=C(c1cc(Cc2c[nH]c(=O)c3cc(Cl)c(Cl)n23)ccc1F)N1CCCCC1,CHEMBL3105,6.7,704,51,False,12.60000200271638,0
10,O=C(CCn1c2c(c(=O)[nH]c1=O)CCCC2)NCC(=O)N1CCN(c2ccccc2)CC1,CHEMBL3105,6.7,10,2,False,5.0958906273207525,0
2641,CCCC(NC(=O)c1cc(Cc2n[nH]c(=O)c3ccccc23)ccc1F)C(=O)N[C@@H](CC(C)C)B1O[C@@H]2C[C@@H]3C[C@@H](C3(C)C)[C@]2(C)O1,CHEMBL3105,6.69,2631,15,False,9.353001114964615,0
2456,Cc1c2ccc(N(C)c3ccnc(Nc4ccc(C(=O)Nc5nc6c(C(N)=O)cccc6[nH]5)cc4F)n3)cc2nn1C,CHEMBL3105,6.69,2454,31,False,5.686756793400769,0
56,Nc1ccc2[nH]c(=O)c3ccccc3c2n1,CHEMBL3105,6.68,49,4,False,5.13781815397838,0
1655,NCCOc1c(-c2ccc(N3CCCC3)cc2)[nH]c(=O)c2cc(F)ccc12,CHEMBL3105,6.68,1651,17,False,7.878261032897721,0
121,O=c1[nH]c2c(c3ccccc13)CN(S(=O)(=O)CCN1CCCCC1)CC2,CHEMBL3105,6.68,114,12,False,4.9825351778048175,0
882,Cc1cc(Cc2ccc(F)c(C(=O)N3CCc4cccc5c4C3CNC5=O)c2)n[nH]c1=O,CHEMBL3105,6.68,879,11,False,10.753999615407004,0
1128,COc1cc2c(cc1O)C1(O)c3ccccc3C(=O)N1CC2,CHEMBL3105,6.67,1120,7,False,4.63449983425737,0
1681,NC(=O)c1cccc(NC(=O)/C=C\C(=O)N2CCN(c3ccc(Cl)cc3)CC2)c1,CHEMBL3105,6.66,1142,14,False,4.974999925866725,0
2078,NC(=O)c1cc(Cl)c2ccc(-c3ccc(C(=O)N4CCN(C(=O)C5CC5)CC4)cc3F)nn12,CHEMBL3105,6.66,2076,6,False,5.150588379764232,0
1361,CCN(CC)Cc1ccc2c3c(c(=O)[nH]c2c1)CCCN3,CHEMBL3105,6.66,1374,108,False,4.72207803904739,0
1041,NC(=O)n1ccc2ccc(N3CCCC3)nc21,CHEMBL3105,6.66,1041,3,False,38.75996303561877,0
1015,C=CCN1CCCC(C(=O)N2CCN(C(=O)CCc3nc(=O)c4ccccc4[nH]3)CC2)C1,CHEMBL3105,6.66,1016,3,False,4.97609758267794,0
2872,NC(=O)c1cccc2[nH]c(N3CCN(c4nccc(C(F)(F)F)n4)CC3)nc12,CHEMBL3105,6.66,2864,13,False,6.129200058452607,0
1823,O=C(c1cc(Cc2n[nH]c(=O)c3ccccc23)ccc1F)N1CCC2(CCN(C(=O)C3CC3)CC2)C1,CHEMBL3105,6.65,401,173,False,16.695000995099612,0
1742,O=C(NCCN1CCC(Cc2ccccc2)CC1)c1cc2[nH]c(=O)c3ccccc3c2s1,CHEMBL3105,6.65,singleton,1,True,5.115789345294817,0
1155,O=C1CCN(c2ccccc2C(=O)NCc2ccc(-n3cccn3)cc2)C(=O)N1,CHEMBL3105,6.65,singleton,1,True,5.159589260162262,0
1103,NC(=O)c1cccc2c1O/C(=C\c1ccc(OCC(=O)N3CCOCC3)cc1)C2=O,CHEMBL3105,6.65,1094,14,False,5.057746589268943,0
444,O=C(/C=C/c1ccccc1)Nc1nc(-c2ccccc2)cs1,CHEMBL3105,6.65,444,2,False,4.836923431757667,0
1071,Cc1c(C(=O)N2CCN(C)CC2)sc2c1[nH]c(=O)c1ccccc12,CHEMBL3105,6.64,1071,6,False,5.457704875369894,0
942,Cc1cc2c(N)cccc2c(=O)[nH]1,CHEMBL3105,6.64,939,5,False,4.83333314127393,0
1650,NCCOc1c(-c2ccc(Oc3ccccc3)cc2)[nH]c(=O)c2cc(F)ccc12,CHEMBL3105,6.64,1651,17,False,8.721000675755791,0
2693,CC1CN(C(=O)c2cc(COc3ccccc3C(N)=O)ccc2F)Cc2nnc(-c3ccccn3)n21,CHEMBL3105,6.64,2688,22,False,5.800000098773412,0
516,O=C(CN1CCOCC1)NCCc1c[nH]c2ccc3c(c12)CCNC3=O,CHEMBL3105,6.64,520,17,False,4.662970429117479,0
523,O=C1NCCc2c1ccc1[nH]cc(CCNC(=O)N3CCCN(Cc4ccccc4)CC3)c21,CHEMBL3105,6.64,520,17,False,5.00021045729698,0
1389,COc1cc(CN2CCOCC2)cc2[nH]c(=O)c3c(c12)NCCC3,CHEMBL3105,6.64,1423,37,False,4.743789658217027,0
1495,NC(=O)c1cccc2[nH]n(C3CCN(C4CCCCC4)CC3)c(=O)c12,CHEMBL3105,6.64,1497,12,False,15.600000929832515,0
1353,CN(C)CCc1ccc2c3c(c(=O)[nH]c2c1)CCCN3,CHEMBL3105,6.64,1374,108,False,4.745454663003071,0
1676,NC(=O)c1cccc(NC(=O)/C=C\C(=O)N2CCC(Cc3ccccc3)CC2)c1,CHEMBL3105,6.64,1142,14,False,5.058823405252612,0
1513,NC(=O)c1cccc2[nH]n(C3CCN(Cc4ccco4)CC3)c(=O)c12,CHEMBL3105,6.64,1507,8,False,5.333333333333335,0
2267,NC(=O)/C=C/c1ccc(COc2ccc(-n3cc4cccc(C(N)=O)c4n3)cc2)cc1,CHEMBL3105,6.64,2274,2,False,5.292307672895625,0
2248,CCC1C(=O)N(C)c2cnc(Nc3ccc(C(C)c4nc5c(C(N)=O)cccc5[nH]4)cc3OC)nc2N1C1CCCC1,CHEMBL3105,6.63,2242,17,False,5.413499741864218,0
846,O=C(c1ccc2[nH]c(=O)c3c(c2c1)CCSC3)N1CCN(c2ccccc2)CC1,CHEMBL3105,6.63,853,23,False,6.099000472587385,0
1820,O=C(c1cc(Cc2n[nH]c(=O)c3ccccc23)ccc1F)N1CCC2(CCNCC2)CC1,CHEMBL3105,6.63,401,173,False,12.199997091294026,0
1748,CC(C)(C)OC(=O)N1CCC(C(=O)Nc2cc(Cn3c(=O)[nH]c(=O)c4ccccc43)cnc2Cl)C1,CHEMBL3105,6.63,1747,14,False,8.993845411588522,0
283,CN(Cc1ccccn1)C(=O)c1ccc2[nH]c3c4c(c5c(c3c2c1)CNC5=O)CCC4,CHEMBL3105,6.62,289,14,False,4.821818129563134,0
120,O=C(CCN1CCCCC1)N1CCc2c([nH]c(=O)c3ccccc23)C1,CHEMBL3105,6.62,114,12,False,5.335384517534245,0
2085,CC(C)CC1NCCc2cc(-c3cnn4c(C(N)=O)cc(Cl)c4c3)sc21,CHEMBL3105,6.62,singleton,1,True,4.7446512482893555,0
440,CCOc1ccc(-c2csc(N=Cc3c[nH]c4ccccc34)n2)c(OCC)c1,CHEMBL3105,6.62,singleton,1,True,4.585142747824534,0
407,NC(=O)c1cc(F)c(F)cc1OCc1ccc(F)c(C(=O)N2CCNCC2)c1,CHEMBL3105,6.62,418,8,False,5.504761790184028,0
439,CCOC(=O)CCC(=O)Nc1nc(-c2ccccc2)cs1,CHEMBL3105,6.62,singleton,1,True,4.82555565942033,0
2505,Oc1ccc(C2CNCc3c(O)cccc32)cc1O,CHEMBL3105,6.62,singleton,1,True,4.563157862528043,0
2326,O=c1c(O)c(-c2ccc(O)c(-c3c(O)cc(O)c4c(=O)cc(-c5ccc(OS(=O)(=O)O)cc5)oc34)c2)oc2cc(OS(=O)(=O)O)cc(O)c12,CHEMBL3105,6.62,singleton,1,True,4.950000295043011,0
752,NC(=O)c1cccc2[nH]cnc12,CHEMBL3105,6.62,singleton,1,True,5.934285630068813,0
101,O=c1[nH]c2cc(Cl)ccc2c2ccc(Cl)cc12,CHEMBL3105,6.62,singleton,1,True,4.6280598332436345,0
1494,NC(=O)c1cccc2[nH]n(C3CCN(C4CCCC4)CC3)c(=O)c12,CHEMBL3105,6.62,1507,8,False,22.439991974833507,0
2635,COCC(NC(=O)c1cc(Cc2n[nH]c(=O)c3ccccc23)ccc1F)C(=O)N[C@@H](CC(C)C)B1O[C@@H]2C[C@@H]3C[C@@H](C3(C)C)[C@]2(C)O1,CHEMBL3105,6.61,2631,15,False,9.729001159787314,0
1877,NC(=O)c1cc(F)cc2[nH]c(-c3cc4c(o3)CNCC4)nc12,CHEMBL3105,6.61,1895,18,False,5.6561405401444205,0
55,C[N+]1([O-])CCN(c2ccc3[nH]c(=O)c4ccccc4c3n2)CC1,CHEMBL3105,6.61,68,6,False,5.127761212276917,0
1078,Cc1c(C(=O)NCCN2CCCC2)sc2c1[nH]c(=O)c1ccccc12,CHEMBL3105,6.61,1078,2,False,5.124819247666212,0
1148,Nc1ccc(-c2nc3c4c(cccc4n2)C(=O)NN3)cc1,CHEMBL3105,6.61,1151,3,False,4.896268752544596,0
133,O=C(CCN1CCC(N2CCCC2)CC1)N1CCc2c([nH]c(=O)c3ccccc23)C1,CHEMBL3105,6.61,114,12,False,5.22611116302786,0
2265,NC(=O)c1cccc2cn(-c3ccc(OCCCCCCCC(O)=NO)cc3)nc12,CHEMBL3105,6.61,2272,9,False,19.759985866556736,0
456,O=c1[nH]c(CCCN2CC=C(c3ccccc3)CC2)nc2c1CCC2,CHEMBL3105,6.6,136,28,False,4.878480902235396,0
406,NC(=O)c1ccc(F)cc1OCc1ccc(F)c(C(=O)N2CCNCC2)c1,CHEMBL3105,6.6,418,8,False,6.227499907203023,0
2063,CNCc1ccc(-c2ccc3c(Cl)cc(C(N)=O)n3n2)cc1,CHEMBL3105,6.6,2067,10,False,5.201875193784953,0
218,O=C1N=C(CCCN2CC=C(c3ccccc3)CC2)NC2CCCC12,CHEMBL3105,6.6,223,6,False,28.59997954370056,0
1719,CC(C)(C)OC(=O)N1CCC(NC2CCN(C(=O)c3nc4c(C(N)=O)cccc4[nH]3)CC2)CC1,CHEMBL3105,6.6,1682,26,False,8.023999808692933,0
139,O=c1[nH]c(CCCN2CC=C(c3ccccc3)CC2)nc2cc(Cl)ccc12,CHEMBL3105,6.6,136,28,False,7.760000000000005,0
32,O=C(CCCCCn1c2c(c(=O)[nH]c1=O)CSCC2)NCC(=O)N1CCN(c2ncccn2)CC1,CHEMBL3105,6.6,3,15,False,8.800000000000004,0
1880,CCn1c(-c2cc3c(s2)CNCC3)nc2c(C(N)=O)cc(F)cc21,CHEMBL3105,6.6,1895,18,False,5.307692989089874,0
1222,CCCCNCc1ccc(-c2[nH]c3cccc4c3c2C(=O)NNC4=O)cc1,CHEMBL3105,6.6,1222,5,False,7.54133357306587,0
1817,COc1ccc2nc3ccccc3c(Nc3ccc(-c4nc5c(C(N)=O)cccc5[nH]4)cc3)c2c1,CHEMBL3105,6.6,1817,11,False,7.0834043810819844,0
2145,Cc1ccc(-c2cc(=O)c3c(O)cc(O)c(-c4cccc(-c5cc(=O)c6c(O)cc(O)cc6o5)c4)c3o2)cc1C,CHEMBL3105,6.6,2139,11,False,5.633333669106185,0
1154,O=C1CCN(c2ccccc2C(=O)NCCc2nc(-c3ccccn3)no2)C(=O)N1,CHEMBL3105,6.59,singleton,1,True,5.0013253407123415,0
334,O=c1[nH]c(C2=C[C@H](N3CCC(c4ccc(F)cc4)CC3)CC2)nc2c(Cl)cccc12,CHEMBL3105,6.59,330,6,False,9.473333709769799,0
3183,O=C(CCc1nc(=O)c2cccc(Cl)c2[nH]1)N1CC=C(c2ccc(F)cc2)CC1,CHEMBL3105,6.59,3184,3,False,5.177532547689607,0
2756,N#Cc1ccc(O[C@H]2CC[C@H](NC(=O)CCCc3nc(=O)c4ccccc4[nH]3)CC2)cc1Cl,CHEMBL3105,6.59,2762,13,False,5.327778095338099,0
997,O=C(c1n[nH]c(=O)c2ccccc12)N1CCN(/C=C/c2ccccc2)CC1,CHEMBL3105,6.58,singleton,1,True,6.2624000597229,0
1316,Cc1cccc2c(=O)[nH]c(-c3ccc(CN)cc3)nc12,CHEMBL3105,6.58,1948,9,False,5.696603850462804,0
1364,CC(C)NCc1ccc2c3c(c(=O)[nH]c2c1)CCCN3,CHEMBL3105,6.58,1374,108,False,4.81558453487011,0
754,O=c1[nH]ccc2c(Br)cccc12,CHEMBL3105,6.57,754,3,False,4.956000118160249,0
745,NC(=O)c1cccn2nc(-c3ccccc3)nc12,CHEMBL3105,6.57,singleton,1,True,5.529073781133204,0
1241,Cc1cccc2c(=O)[nH]c(-c3ccc(CN(C)C)cc3)cc12,CHEMBL3105,6.57,1243,3,False,5.041029416183363,0
1404,COc1cc(CNC2CCCC2)cc2[nH]c(=O)c3c(c12)NCCC3,CHEMBL3105,6.57,1423,37,False,4.646249965382739,0
1007,NC(=O)C1CCN(C(=O)CCc2nc(=O)c3ccccc3[nH]2)CC1,CHEMBL3105,6.57,2735,23,False,5.29746043774727,0
1039,NC(=O)n1ccc2ccc(-c3ccc(F)cc3)nc21,CHEMBL3105,6.57,1040,9,False,4.92338717723814,0
1040,NC(=O)n1ccc2ccc(-c3ccccc3)nc21,CHEMBL3105,6.57,1040,9,False,5.013548464214393,0
1675,NC(=O)c1cccc(NC(=O)/C=C\C(=O)N2CCC(c3ccc(F)cc3)CC2)c1,CHEMBL3105,6.57,1142,14,False,4.9744444773888885,0
225,CC1CCC2N=C(CCCN3CC=C(c4ccccc4)CC3)NC(=O)C2C1,CHEMBL3105,6.56,225,2,False,5.882142231066073,0
3179,CN=C(C#N)CC(=N)N1CCN(C(=O)CCc2nc(=O)c3ccccc3[nH]2)CC1,CHEMBL3105,6.56,singleton,1,True,5.387671224078623,0
2634,CC(C)C[C@H](NC(=O)C(NC(=O)c1cc(Cc2n[nH]c(=O)c3ccccc23)ccc1F)C(C)O)B1O[C@@H]2C[C@@H]3C[C@@H](C3(C)C)[C@]2(C)O1,CHEMBL3105,6.56,2631,15,False,10.835554837945114,1
1853,Cc1cc(-c2nnc(-c3ccccc3)o2)c2[nH]c(=O)c3ccccc3c(=O)c2c1,CHEMBL3105,6.56,1856,3,False,5.037831365097103,0
59,CC(C)N1CCN(CC(=O)Nc2ccc3[nH]c(=O)c4ccccc4c3n2)CC1,CHEMBL3105,6.56,71,4,False,5.400000111953074,0
455,CC1CCc2[nH]c(CCCN3CC=C(c4ccccc4)CC3)nc(=O)c2C1,CHEMBL3105,6.56,singleton,1,True,4.870588098677801,0
1076,Cc1c(C(=O)NCCN2CCN(C)CC2)sc2c1[nH]c(=O)c1ccccc12,CHEMBL3105,6.55,1071,6,False,5.263414450503054,0
2282,C=C1C(=O)OC2C[C@@]3(C)CCC=C(COC(=O)C4CN(C(=O)c5cc(Cc6n[nH]c(=O)c7ccccc67)ccc5F)C4)C3=CC12,CHEMBL3105,6.55,2277,10,False,7.658518856654294,0
2583,O=C(OCC1c2ccccc2-c2ccccc21)N1C[C@@H]2CCCN3CCC[C@@H]([C@H]23)[C@H]1CCCc1nc2cc(Cl)c(Cl)cc2[nH]1,CHEMBL3105,6.55,2584,3,False,4.869897894021348,0
1038,NC(=O)n1ccc2ccc(-c3ccc(CN4CCCC4)cc3)nc21,CHEMBL3105,6.55,1040,9,False,26.229987492567318,0
985,CC(=O)c1ccc(N2CCN(C(=O)COc3ccccc3C(N)=O)CC2)c(F)c1,CHEMBL3105,6.55,singleton,1,True,5.850819832206705,0
994,O=C(Cc1n[nH]c(=O)c2ccccc12)NCCc1ccc2c(c1)OCCO2,CHEMBL3105,6.55,singleton,1,True,6.15089254289563,0
1839,O=C(c1cc(Cc2n[nH]c(=O)c3ccccc23)ccc1F)N1CCC12CCCCC2,CHEMBL3105,6.55,401,173,False,16.613341255191777,0
2263,NC(=O)c1cccc2cn(-c3ccc(OCCCCCC(O)=NO)cc3)nc12,CHEMBL3105,6.54,2272,9,False,23.39998326302773,0
1314,Nc1ccc(-c2nc(=O)c3cccc(O)c3[nH]2)cc1,CHEMBL3105,6.54,singleton,1,True,5.421052699604194,0
200,CCS(=O)(=O)Nc1cccc(Cc2n[nH]c(=O)c3ccccc23)c1,CHEMBL3105,6.54,188,13,False,6.280784328406427,0
1406,COc1cc(C[N+](C)(C)C2CCCC2)cc2[nH]c(=O)c3c(c12)NCCC3,CHEMBL3105,6.54,1423,37,False,4.674157378499277,0
2630,CC(C)C[C@H](NC(=O)C(Cc1ccccc1)NC(=O)c1cc(Cc2n[nH]c(=O)c3ccccc23)ccc1F)B(O)O,CHEMBL3105,6.54,2630,2,False,6.844999551206858,0
339,O=c1[nH]c(C2=C[C@H](N3CC=C(c4ccccc4)CC3)CC2)nc2c(Cl)cccc12,CHEMBL3105,6.54,350,11,False,6.00000095367447,0
1790,COc1ccccc1N1CCN(C(=O)c2cc(Cc3n[nH]c(=O)c4ccccc34)cc(F)c2F)CC1,CHEMBL3105,6.53,401,173,False,16.925294058304342,0
2144,Cc1ccc(-c2cc(=O)c3c(O)cc(O)c(-c4cccc(-c5cc(=O)c6c(O)cc(O)cc6o5)c4)c3o2)cc1,CHEMBL3105,6.53,2139,11,False,6.023809284444849,0
8,COc1ccc(C(=O)CNC(=O)CCn2c3c(c(=O)[nH]c2=O)CCCC3)cc1,CHEMBL3105,6.52,singleton,1,True,4.894117647058827,0
1325,CC(C)N(Cc1ccc2c(c1)-c1n[nH]c(=O)c3cccc(c13)O2)C(C)C,CHEMBL3105,6.52,1333,13,False,5.224999922141434,0
3046,N#Cc1nnc(N2CCN(Cc3ccc4c5c(c(=O)[nH]c4c3)CCCN5)CC2)o1,CHEMBL3105,6.52,1374,108,False,7.253332949037925,0
1017,C=CCOC(=O)N1CCCC(C(=O)N2CCN(C(=O)CCc3nc(=O)c4ccccc4[nH]3)CC2)C1,CHEMBL3105,6.52,1016,3,False,5.1034883048879,0
892,COc1ccc(N2CCN(C(=O)CNC(=O)CN3CCc4cccc5c4C3CNC5=O)CC2)cc1,CHEMBL3105,6.52,891,6,False,12.410000739693686,0
446,O=C1NCCn2cnc3cccc1c32,CHEMBL3105,6.52,singleton,1,True,4.906956699768859,0
343,O=c1[nH]c(N2CCC(N3CC=C(c4ccccc4)CC3)C2)nc2ccccc12,CHEMBL3105,6.52,347,3,False,5.048571518456119,0
1700,CCC(CC)N1CCC(NC(=O)c2nc3c(C(N)=O)cccc3[nH]2)CC1,CHEMBL3105,6.52,1682,26,False,6.259230647262564,0
1063,CN(C)CCCNC(=O)c1cc2[nH]c(=O)c3ccccc3c2n1C,CHEMBL3105,6.52,1064,3,False,5.153424775352129,0
1855,Cc1cc(-c2nnc(CNC(=O)c3ccccc3)o2)c2[nH]c(=O)c3ccccc3c(=O)c2c1,CHEMBL3105,6.52,1863,2,False,5.166292114071797,0
472,CN1CCN(C(=O)c2cc3[nH]c(=O)c4ccccc4n3n2)CC1,CHEMBL3105,6.52,472,8,False,23.186669430733062,0
473,Cc1cc2[nH]c(=O)c3ccccc3n2n1,CHEMBL3105,6.52,493,15,False,5.09437493357691,0
1552,O=C(c1cc(Cc2n[nH]c(=O)c3ccccc23)ccc1F)N1CCn2c(nnc2C(F)(F)F)C1Cc1ccccc1,CHEMBL3105,6.52,1558,4,False,7.663333942360396,0
168,O=c1[nH]c2c(c3ccccc13)Cc1cc([N+](=O)[O-])ccc1-2,CHEMBL3105,6.52,172,6,False,5.08869586317211,0
471,O=C(c1cc2[nH]c(=O)c3ccccc3n2n1)N1CCN(CC2CC2)CC1,CHEMBL3105,6.52,472,8,False,5.798064627610188,0
171,Nc1ccc2c(c1)-c1[nH]c(=O)c3ccccc3c1C2,CHEMBL3105,6.52,172,6,False,5.159687370256,0
1701,NC(=O)c1cccc2[nH]c(C(=O)NC3CCN(C4CCCCC4)CC3)nc12,CHEMBL3105,6.51,1682,26,False,6.360200060655596,0
105,Nc1cccc2c1[nH]c(=O)c1ccccc12,CHEMBL3105,6.51,singleton,1,True,5.096491345316496,0
3126,Cc1cccc2c(=O)[nH]c(C[C@@H](C)CC(=O)N3CCC(C(=O)c4cccc(C(=O)O)c4)CC3)nc12,CHEMBL3105,6.51,3121,11,False,5.211951143742318,0
2239,CCOc1cc(-c2nc3c(C(N)=O)cccc3[nH]2)ccc1Nc1ncc2c(n1)N(C1CCCC1)C(CC)C(=O)N2C,CHEMBL3105,6.51,2242,17,False,7.1866660955217565,0
58,O=c1[nH]c2ncccc2c2ccccc12,CHEMBL3105,6.51,singleton,1,True,5.113220504282951,0
1553,CC1CN(C(=O)c2cc(Cc3n[nH]c(=O)c4ccccc34)ccc2F)C(Cc2ccccc2)c2nnc(C(F)(F)F)n21,CHEMBL3105,6.51,1558,4,False,7.14360689242661,0
1180,NC(=O)c1cccc2[nH]c(-c3ccc(-c4ccc(C(=O)N5CCCC5)cc4)cc3)nc12,CHEMBL3105,6.51,1170,19,False,14.090587840063776,0
1809,CCCCc1ccc2nc3ccccc3c(Nc3cccc(-c4nc5c(C(N)=O)cccc5[nH]4)c3)c2c1,CHEMBL3105,6.5,1817,11,False,6.959999505373183,0
1703,NC(=O)c1cccc2[nH]c(C(=O)NC3CCN(C4CCNCC4)CC3)nc12,CHEMBL3105,6.5,1682,26,False,6.331764794682964,0
1398,COc1cc(CN(C)CCOC(C)C)cc2[nH]c(=O)c3c(c12)NCCC3,CHEMBL3105,6.5,1423,37,False,4.69677412130334,0
1369,CN(C)Cc1ccc2[nH]c(=O)c3c(c2c1)NCCC3,CHEMBL3105,6.5,1369,5,False,5.062500301748535,0
1720,NC(=O)c1cccc2[nH]c(C(=O)N3CCC(NC4CCNCC4)CC3)nc12,CHEMBL3105,6.5,1704,5,False,7.632001091766511,0
941,CCCCCc1cc2c(N)cccc2c(=O)[nH]1,CHEMBL3105,6.5,939,5,False,5.440000000000001,0
1787,Cc1ccc(Cl)cc1N1CCN(C(=O)c2cc(Cc3n[nH]c(=O)c4ccccc34)cc(F)c2F)CC1,CHEMBL3105,6.49,401,173,False,14.434284731028095,0
3141,O=C(CCc1nc(=O)c2ccccc2[nH]1)N1CCC(c2ccccc2)CC1,CHEMBL3105,6.49,2735,23,False,5.277324018977484,0
2332,Cc1noc(C)c1-c1ccc2c(c1)C(c1ccccc1)N(CC(=O)NC(c1nc3c(C(N)=O)cccc3[nH]1)C(C)C)C(=O)N2,CHEMBL3105,6.49,2335,9,False,6.55700105523484,0
1971,CC(O)CSc1nnc(-c2cc3ccccc3[nH]2)n1-c1ccccc1,CHEMBL3105,6.48,1974,4,False,4.949999945649975,0
2396,Cc1ccc2c(=O)[nH]c(-c3ccc(C4(O)CC4)cc3)cn12,CHEMBL3105,6.48,2303,16,False,4.822857142857141,0
948,Nc1cccc2c(=O)[nH]c(-c3ccc(C(F)(F)F)cc3)cc12,CHEMBL3105,6.48,947,6,False,5.159687370256,0
2075,NC(=O)c1cc(Cl)c2ccc(-c3ccc(C(=O)N4CCNCC4)cc3)nn12,CHEMBL3105,6.47,2067,10,False,5.946111006099013,0
1506,NC(=O)c1cc(F)cc2[nH]n(C3CCN(C4CCCCC4)CC3)c(=O)c12,CHEMBL3105,6.47,singleton,1,True,5.06357136389735,0
46,O=c1[nH]c2ccc(NCCN3CCOCC3)nc2c2ccccc12,CHEMBL3105,6.47,singleton,1,True,5.261707240579953,0
2451,Cc1c2ccc(N(C)c3ccnc(Nc4cc(F)c(-c5nc6c(C(N)=O)cccc6[nH]5)c(F)c4)n3)cc2nn1C,CHEMBL3105,6.47,2454,31,False,5.935833687136593,0
2400,Cc1ccc2c(=O)[nH]c(-c3ccc([C@@](C)(O)CCO)cc3)cn12,CHEMBL3105,6.47,2303,16,False,4.804444614143534,0
2246,CCC1C(=O)N(C)c2cnc(Nc3ccc(C(=O)NCc4nc5c(C(N)=O)cccc5[nH]4)cc3OC)nc2N1C1CCCC1,CHEMBL3105,6.47,2242,17,False,5.88721524761734,0
2234,CCC1C(=O)N(C)c2cnc(Nc3ccc(-c4nc5c(C(N)=O)cccc5[nH]4)cc3OC)nc2N1Cc1ccc(C)s1,CHEMBL3105,6.47,2242,17,False,6.108169178174764,0
507,O=C1NCCc2c1ccc1[nH]cc(CCNCc3cn[nH]c3)c21,CHEMBL3105,6.47,505,5,False,4.752809065156717,0
1943,CC(C)(O)c1ccc(-c2nc(=O)c3cc(F)ccc3[nH]2)cc1,CHEMBL3105,6.46,1943,11,False,5.643749116966638,0
999,Cc1ccc(NC(=O)CCn2c(=O)[nH]c(=O)c3ccccc32)c(O)c1,CHEMBL3105,6.46,1013,6,False,5.132631691657937,0
2397,Cc1ccc2c(=O)[nH]c(-c3ccc(C4(O)COC4)cc3)cn12,CHEMBL3105,6.46,singleton,1,True,4.892307647445498,0
1897,Cc1cc(C(N)=O)c2[nH]c(-c3cc4c(s3)CNCC4)nc2c1,CHEMBL3105,6.46,singleton,1,True,5.121971826686011,0
66,O=c1[nH]c2ccccc2c2ccccc12,CHEMBL3105,6.46,66,6,False,5.148571362811692,0
1593,O=c1[nH][nH]c2c3c(n(CCN4CCOCC4)c4cccc1c34)=CCC2,CHEMBL3105,6.46,1596,4,False,9.56250056996945,0
2458,Cc1c2ccc(N(C)c3ccnc(Nc4ccc(C(=O)Nc5nc6c(C(N)=O)cccc6[nH]5)c(C(F)(F)F)c4)n3)cc2nn1C,CHEMBL3105,6.46,2454,31,False,5.685365572640912,0
72,O=c1[nH]c2ccc([N+](=O)[O-])cc2c2ccccc12,CHEMBL3105,6.46,108,2,False,6.00000035762789,0
1683,NC(=O)c1cccc2[nH]c(C(=O)NC3CCNC3)nc12,CHEMBL3105,6.46,1704,5,False,6.341176485410337,0
132,O=c1[nH]c2c(c3ccccc13)CCN(S(=O)(=O)CCN1CCC(N3CCCC3)CC1)C2,CHEMBL3105,6.46,119,3,False,5.164102694327547,0
2368,CCc1cc2ncc(CN3CCc4nc(C(=O)NC)ccc4C3)cc2[nH]c1=O,CHEMBL3105,6.46,2355,95,False,8.057777315285009,0
1973,C=CCSc1nnc(-c2cc3ccccc3n2CC=C)n1-c1ccccc1,CHEMBL3105,6.46,singleton,1,True,4.759183754517803,0
1750,CC(C)(C)OC(=O)N1CCC(C(=O)Nc2cc(Cn3c(=O)[nH]c(=O)c4ccccc43)ccc2Br)C1,CHEMBL3105,6.46,1747,14,False,10.645831482588743,0
2042,O=C(OCc1ccccc1)N1CCN(CCSc2nc(=O)c3ccccc3[nH]2)CC1,CHEMBL3105,6.45,2043,4,False,5.5070422905065115,0
2245,CCC1C(=O)N(C)c2cnc(Nc3ccc(Cc4nc5c(C(N)=O)cccc5[nH]4)cc3OC)nc2N1C1CCCC1,CHEMBL3105,6.45,2242,17,False,5.865999860143665,0
3170,Cc1cccc(N2CCN(C(=O)CCc3nc(=O)c4ccccc4[nH]3)CC2)n1,CHEMBL3105,6.45,3144,37,False,5.543478375797237,0
119,O=c1[nH]c2c(c3ccccc13)CN(S(=O)(=O)CCN1CCC(N3CCCC3)CC1)CC2,CHEMBL3105,6.45,119,3,False,5.176282181814168,0
2327,Cc1noc(C)c1-c1ccc2c(c1)C(c1ccccc1)N(Cc1nc3c(C(N)=O)cccc3[nH]1)C(=O)N2,CHEMBL3105,6.44,2335,9,False,5.98181787929589,0
2071,COC1CCN(C(=O)c2ccc(-c3ccc4c(Cl)cc(C(N)=O)n4n3)cc2)C1,CHEMBL3105,6.44,2076,6,False,9.074998737871825,0
1677,NC(=O)c1cccc(NC(=O)/C=C\C(=O)N2CCN(c3ccccc3)CC2)c1,CHEMBL3105,6.43,1142,14,False,5.311076796450986,0
2455,Cc1c2ccc(N(C)c3ccnc(Nc4cc5cc(-c6nc7c(C(N)=O)cccc7[nH]6)ccc5s4)n3)cc2nn1C,CHEMBL3105,6.43,2454,31,False,6.162463991696843,0
2069,CC(C)N1CCN(Cc2ccc(-c3ccc4c(Cl)cc(C(N)=O)n4n3)cc2)CC1,CHEMBL3105,6.43,2067,10,False,5.247246213632336,0
191,CC(C)C(=O)Nc1cccc(Cc2n[nH]c(=O)c3ccccc23)c1,CHEMBL3105,6.43,188,13,False,6.7100001142706205,0
1957,CN1CCN(c2ccc(-c3nc(=O)c4cc(F)ccc4[nH]3)cc2)CC1,CHEMBL3105,6.43,singleton,1,True,5.432258231632425,0
1209,NC(=O)c1cccc2c1C(=O)N(C1CCN(Cc3ccccn3)CC1)C2,CHEMBL3105,6.43,1202,13,False,5.403880500866754,0
1340,CN(C)CCOc1ccc2[nH]c(=O)c3c(c2c1)NCCC3,CHEMBL3105,6.43,1369,5,False,4.894877963388059,0
2784,O=C(CCCSc1nc(=O)c2ccccc2[nH]1)N[C@H]1CC[C@H](c2nnc(-c3ccccc3)o2)CC1,CHEMBL3105,6.42,2728,38,False,10.496664946129206,0
129,O=c1[nH]c2c(c3ccccc13)CCN(S(=O)(=O)CCN1CCCCC1)C2,CHEMBL3105,6.42,119,3,False,5.304788696767318,0
1686,NC(=O)c1cccc2[nH]c(C(=O)NC3CCCN(C4CCCCC4)C3)nc12,CHEMBL3105,6.42,1682,26,False,6.369811091519804,0
524,O=C1NCCc2c1ccc1[nH]cc(CCNC(=O)N3CCCNC(F)(F)C3)c21,CHEMBL3105,6.41,520,17,False,5.013033788440475,0
75,O=c1[nH]ccc2c(O)cccc12,CHEMBL3105,6.41,754,3,False,5.251551486676863,0
1348,CCN(CC)CCOc1ccc2[nH]c(=O)c3c(c2c1)NCCC3,CHEMBL3105,6.41,1341,13,False,4.902857142857142,0
912,O=c1[nH]c(CCCN2CCC(c3ccc(Cl)cc3)CC2)nc2ccccc12,CHEMBL3105,6.41,912,4,False,6.642857821620308,0
181,O=c1[nH]c2c(c3ccccc13)Cc1cc(S(=O)(=O)NCCCn3ccnc3)ccc1-2,CHEMBL3105,6.41,180,3,False,8.123182236336747,0
2147,O=c1cc(-c2cccc(-c3c(O)cc(O)c4c(=O)cc(-c5ccco5)oc34)c2)oc2cc(O)cc(O)c12,CHEMBL3105,6.41,2147,2,False,4.9126925329379185,0
1959,Cc1cc(F)cc2c(=O)[nH]c(-c3ccc(C4CCNCC4)cc3)nc12,CHEMBL3105,6.41,1961,4,False,5.225294044364284,0
3127,Cc1cccc2c(=O)[nH]c(C[C@H](C)CC(=O)N3CCC(C(=O)c4cccc(C(=O)O)c4)CC3)nc12,CHEMBL3105,6.41,3121,11,False,5.3363413858364055,0
2357,CCc1cc2ncc(CN3CCN(c4ccc(C(C)(C)O)nc4)CC3)cc2[nH]c1=O,CHEMBL3105,6.4,2355,95,False,8.388235999968693,0
836,Cc1nc(=O)c2cccc(N)c2[nH]1,CHEMBL3105,6.4,837,3,False,5.270847351129835,0
765,O=c1[nH]c2cc(CO)ccc2c2sccc12,CHEMBL3105,6.4,765,2,False,5.037142737048015,0
174,O=C(CN1CCOCC1)Nc1ccc2c(c1)-c1[nH]c(=O)c3ccccc3c1C2,CHEMBL3105,6.4,178,7,False,5.505882507377021,0
1058,COc1cccc(CN2CCN(C(=O)c3cc4[nH]c(=O)c5ccccc5c4n3C)CC2)c1,CHEMBL3105,6.4,singleton,1,True,5.928788232171194,0
474,CC(C)Cc1cc2[nH]c(=O)c3ccccc3n2n1,CHEMBL3105,6.4,singleton,1,True,5.342424194176772,0
3155,N#Cc1ccc(N2CCN(C(=O)CCc3nc(=O)c4ccncc4[nH]3)CC2)nc1,CHEMBL3105,6.4,3144,37,False,9.555000569522416,0
1141,CNC(=O)/C=C/C(=O)Nc1cccc(C(N)=O)c1,CHEMBL3105,6.4,1142,14,False,5.3075411288182766,0
1865,O=c1[nH]c2c(-c3nnc(/C=C/c4ccccc4)o3)cccc2c(=O)c2ccccc12,CHEMBL3105,6.4,1869,10,False,5.092105207247582,0
1490,O=C(O)c1ccc2c(c1)nc(OCCCO)c1ccccc12,CHEMBL3105,6.4,singleton,1,True,5.124347879206075,0
41,CN(CC(=O)c1ccc2ccccc2c1)C(=O)CCn1c2c(c(=O)[nH]c1=O)CCCC2,CHEMBL3105,6.4,singleton,1,True,5.128915570570122,0
1429,COc1cc(CN(C)C2CCOCC2)cc2[nH]c(=O)c3c(c12)NCCC3,CHEMBL3105,6.39,1423,37,False,4.819784872099381,0
1001,NS(=O)(=O)Nc1ccc(NC(=O)CCn2c(=O)[nH]c(=O)c3ccccc32)cc1,CHEMBL3105,6.39,1013,6,False,5.205890517224403,0
581,Nc1cccc2c1CCNC2=O,CHEMBL3105,6.39,2404,3,False,5.015555384726758,0
1946,CC(C)(O)c1ccc(-c2nc(=O)c3cccc(Cl)c3[nH]2)cc1,CHEMBL3105,6.39,1942,2,False,5.404218709735433,0
2300,C[C@]12CCC=C(CO)C1=CC1C(C2)OC(=O)C1CNCCCCCCCC(=O)N1CCN(C(=O)c2cc(Cc3n[nH]c(=O)c4ccccc34)ccc2F)CC1,CHEMBL3105,6.38,2295,14,False,11.208823804510928,0
1836,O=C(C1CC1)N1CCC2(CC1)CCN2C(=O)c1cc(Cc2n[nH]c(=O)c3ccccc23)ccc1F,CHEMBL3105,6.37,401,173,False,9.518076595776014,0
357,Cn1nc(-c2cccs2)c2c3c(c(=O)[nH]c21)CSC3,CHEMBL3105,6.37,singleton,1,True,7.16,0
1301,Cc1ccc(-c2nc(=O)c3ccccc3[nH]2)cc1,CHEMBL3105,6.37,1301,6,False,5.746980808918161,0
2064,CCN(CC)Cc1ccc(-c2ccc3c(Cl)cc(C(N)=O)n3n2)cc1,CHEMBL3105,6.36,2067,10,False,5.224117651637966,0
2084,CC(C)(C)C1NCCc2sc(-c3cnn4c(C(N)=O)cc(Cl)c4c3)cc21,CHEMBL3105,6.36,2084,6,False,5.097273031093876,0
3114,COc1ccc(C(=O)C2CCN(C(=O)COCc3nc(=O)c4cc(F)cc(F)c4[nH]3)CC2)cn1,CHEMBL3105,6.36,3114,2,False,5.490361359041892,0
2065,NC(=O)c1cc(Cl)c2ccc(-c3ccc(CN4CCCC4)cc3)nn12,CHEMBL3105,6.36,2067,10,False,5.43492047037638,0
2387,Cc1csc2c(=O)[nH]c(-c3ccc(C(C)(C)O)cc3)nc12,CHEMBL3105,6.36,1948,9,False,5.442187459452543,0
973,CC(NC(=O)CCc1nc(=O)c2ccccc2[nH]1)c1ccc(-n2ccnc2)cc1,CHEMBL3105,6.35,968,13,False,5.292025388325662,0
1807,Cc1cccc2c(Nc3cccc(-c4nc5c(C(N)=O)cccc5[nH]4)c3)c3ccccc3nc12,CHEMBL3105,6.35,1817,11,False,7.068399831476216,0
1856,Cc1cc(-c2nnc(/C=C/c3ccccc3)o2)c2[nH]c(=O)c3ccccc3c(=O)c2c1,CHEMBL3105,6.35,1856,3,False,5.2297755050562955,0
25,O=C(CCn1c2c(c(=O)[nH]c1=O)CCCC2)NCC(=O)c1ccccc1,CHEMBL3105,6.35,26,23,False,5.833332869741689,0
2076,NC(=O)c1cc(Cl)c2ccc(-c3ccc(C(=O)N4CCN(C(=O)C5CC5)CC4)cc3)nn12,CHEMBL3105,6.35,2076,6,False,6.021052833056964,0
1106,NC(=O)c1cccc2c1O/C(=C\c1ccc(OCCN3CCN(c4ccc(F)cc4)CC3)cc1)C2=O,CHEMBL3105,6.35,singleton,1,True,5.260465145446339,0
2390,CC(C)(O)c1ccc(-c2cn3cc(F)cc3c(=O)[nH]2)cc1,CHEMBL3105,6.35,2303,16,False,5.124657609563851,0
183,O=c1[nH]c2c(c3ccccc13)Cc1cc(S(=O)(=O)NCCCNN3CCOCC3)c(F)cc1-2,CHEMBL3105,6.35,singleton,1,True,8.503845413038077,0
1341,O=c1[nH]c2ccc(OCCN3CCCCC3)cc2c2c1CCCN2,CHEMBL3105,6.34,1341,13,False,6.933331955804038,0
2235,CCC1C(=O)N(C)c2cnc(Nc3ccc(-c4nc5c(C(N)=O)cccc5[nH]4)cc3OC)nc2N1Cc1ccccc1,CHEMBL3105,6.34,2242,17,False,6.646154089933326,0
1178,CC(=O)Nc1cccc(-c2ccc(-c3nc4c(C(N)=O)cccc4[nH]3)cc2)c1,CHEMBL3105,6.34,1170,19,False,9.239998898506297,0
1821,CC(C)(C)OC(=O)N1CCC2(CC1)CCN(C(=O)c1cc(Cc3n[nH]c(=O)c4ccccc34)ccc1F)CC2,CHEMBL3105,6.34,401,173,False,9.130002720952845,0
122,O=C(CCCN1CCCCC1)N1CCc2[nH]c(=O)c3ccccc3c2C1,CHEMBL3105,6.34,114,12,False,8.49333324895965,0
529,Cc1ccn2c(c1)nc1c3ccccc3c(=O)[nH]c12,CHEMBL3105,6.33,527,10,False,5.348358237503311,0
1217,CC(C)NCc1ccc(-c2cc3c4c(c[nH]c4c2)C(=O)NNC3=O)cc1,CHEMBL3105,6.33,1218,3,False,5.17194455576486,0
1754,O=C(Nc1cc(Cn2c(=O)[nH]c(=O)c3ccccc32)cnc1F)C1CCN(CC(F)(F)F)C1,CHEMBL3105,6.33,1747,14,False,15.478001107072908,2
226,CC1=NC(=O)C2CSCCC2N1,CHEMBL3105,6.33,singleton,1,True,4.878139643073406,0
1243,Cc1cccc2c(=O)[nH]c(-c3ccc(CN4CCC(N(C)C)CC4)cc3)cc12,CHEMBL3105,6.33,1243,3,False,5.732077837772586,0
2753,N#Cc1cccc2c1[nH]c(=O)n2C1CCN(C(=O)CCCc2nc(=O)c3ccccc3[nH]2)CC1,CHEMBL3105,6.33,2735,23,False,5.846351021717873,0
2454,Cc1c2ccc(N(C)c3ccnc(Nc4ccc(-c5ccc(-c6nc7c(C(N)=O)cccc7[nH]6)cc5)cc4)n3)cc2nn1C,CHEMBL3105,6.33,2454,31,False,49.67997631074124,0
2410,O=c1[nH]c(/C=C/c2cccc(F)c2)nc2ccccc12,CHEMBL3105,6.32,singleton,1,True,5.3461764752743655,0
1376,CCOC(=O)CCN(C)Cc1ccc2c3c(c(=O)[nH]c2c1)CCCN3,CHEMBL3105,6.32,singleton,1,True,5.152941031934484,0
939,CCc1cc2c(N)cccc2c(=O)[nH]1,CHEMBL3105,6.31,939,5,False,5.281718754918984,0
837,Cc1nc(=O)c2cccc(C)c2[nH]1,CHEMBL3105,6.31,837,3,False,5.045223804295237,0
2459,Cc1c2ccc(N(C)c3ccnc(Nc4cc(F)c(C(=O)Nc5nc6c(C(N)=O)cccc6[nH]5)c(F)c4)n3)cc2nn1C,CHEMBL3105,6.31,2454,31,False,5.967307728787617,0
2695,O=C(CCOC[C@@H]1CCN1c1cn[nH]c(=O)c1C(F)(F)F)N1CCN2c3ncc(C(F)(F)F)cc3OC[C@@H]2C1,CHEMBL3105,6.31,singleton,1,True,5.475168546659448,0
885,O=C(CN1CCc2cccc3c2C1CNC3=O)NC(Cc1ccccc1)C(=O)N1CC=C(c2ccc(F)cc2)CC1,CHEMBL3105,6.31,886,2,False,6.303529942192466,0
1410,O=c1[nH]c2cc(Cc3nn[nH]n3)ccc2c2c1CCCN2,CHEMBL3105,6.31,singleton,1,True,5.3712939971184674,0
427,Cc1ccc2cccc(C(N)=O)c2n1,CHEMBL3105,6.3,427,2,False,6.038260869565218,0
1321,CCN(CC)CCN(CC)Cc1ccc2c(c1)-c1n[nH]c(=O)c3cccc(c13)O2,CHEMBL3105,6.3,1324,3,False,5.500000093664445,0
1335,COc1ccc2[nH]c(=O)c3c(c2c1)NCCC3,CHEMBL3105,6.3,1369,5,False,5.036842038108867,0
479,Cc1ccc(-c2cc3[nH]c(=O)c4ccccc4n3n2)cc1,CHEMBL3105,6.3,493,15,False,5.280000125885012,0
1214,NC(=O)c1cc(Cl)cc2c1C(=O)N(C1CCN(C3CCC(F)(F)CC3)CC1)C2,CHEMBL3105,6.3,1200,6,False,5.830000833988312,0
2247,CCC1C(=O)N(C)c2cnc(Nc3ccc(CC(=O)NCc4nc5c(C(N)=O)cccc5[nH]4)cc3OC)nc2N1C1CCCC1,CHEMBL3105,6.3,2242,17,False,5.988434027371287,0
477,O=c1[nH]c2cc(-c3cccc(Cl)c3)nn2c2ccccc12,CHEMBL3105,6.3,493,15,False,5.255555668675607,0
344,O=c1[nH]c(N2CC(N3CC=C(c4ccccc4)CC3)C2)nc2ccccc12,CHEMBL3105,6.3,347,3,False,5.351351282385861,0
2077,CC(C)CC(=O)N1CCN(C(=O)c2ccc(-c3ccc4c(Cl)cc(C(N)=O)n4n3)cc2)CC1,CHEMBL3105,6.3,2076,6,False,6.00366664281024,0
169,O=c1[nH]c2c(c3ccccc13)Cc1ccc(F)cc1-2,CHEMBL3105,6.3,172,6,False,5.626229629142412,0
475,O=C(c1cccc(-c2cc3[nH]c(=O)c4ccccc4n3n2)c1)N1CCN2CCC[C@H]2C1,CHEMBL3105,6.3,489,2,False,5.600000121376733,0
476,O=c1[nH]c2cc(-c3ccc(Cl)cc3)nn2c2ccccc12,CHEMBL3105,6.3,493,15,False,5.280000125885012,0
167,O=c1[nH]c2c(c3ccccc13)Cc1ccc([N+](=O)[O-])cc1-2,CHEMBL3105,6.3,singleton,1,True,5.3565219612338,0
478,CCc1ccc(-c2cc3[nH]c(=O)c4ccccc4n3n2)cc1,CHEMBL3105,6.3,493,15,False,5.420289780156649,0
980,Cc1cccc2c(=O)[nH]c(-c3ccc(N)cc3)nc12,CHEMBL3105,6.3,1948,9,False,5.866182021615533,0
184,O=c1[nH]c2c(c3ccccc13)Cc1cc(S(=O)(=O)n3ccnc3)c(F)cc1-2,CHEMBL3105,6.3,singleton,1,True,5.6222222780739814,0
220,O=C1N=C(CCCN2CC=C(c3ccccc3)CC2)NC2CCCCCC12,CHEMBL3105,6.3,223,6,False,72.79994792941959,0
2142,O=c1cc(-c2cccc(-c3c(O)cc(O)c4c(=O)cc(-c5ccc(C(F)(F)F)cc5)oc34)c2)oc2cc(O)cc(O)c12,CHEMBL3105,6.3,2139,11,False,5.0791665909811865,0
2411,CN(C)C(=O)Cc1ccc2[nH]c(=O)c3ccccc3c2c1,CHEMBL3105,6.29,singleton,1,True,5.599999830457904,0
362,Cc1nn(C(C)(C)C)c2[nH]c(=O)c3c(c12)CCC3,CHEMBL3105,6.29,363,6,False,6.32,0
2325,O=c1c(O)c(-c2ccc(O)c(-c3c(O)cc(O)c4c(=O)cc(-c5ccc(O)cc5)oc34)c2)oc2cc(OS(=O)(=O)O)cc(O)c12,CHEMBL3105,6.29,2139,11,False,4.950000295043011,0
2098,CC1(C)C=c2[nH][nH]c(=O)c3cccc4c3c2c(n4CCN(Cc2ccccc2)Cc2ccccc2)C1,CHEMBL3105,6.29,1624,12,False,10.585000420610129,0
1808,Cc1ccc2nc3ccccc3c(Nc3cccc(-c4nc5c(C(N)=O)cccc5[nH]4)c3)c2c1,CHEMBL3105,6.29,1817,11,False,7.1119606180761235,0
1679,NC(=O)c1cccc(NC(=O)/C=C\C(=O)N2CCN(c3ccccc3F)CC2)c1,CHEMBL3105,6.29,1142,14,False,6.0200000683466595,0
977,O=C(CCc1nc(=O)c2ccccc2[nH]1)N[C@H]1CCc2ccccc21,CHEMBL3105,6.29,978,2,False,5.326363731194134,0
1949,CC(C)(O)c1ccc(-c2nc(=O)c3c(F)c(F)ccc3[nH]2)cc1,CHEMBL3105,6.29,1943,11,False,5.638709850886864,0
909,CCCN1CCC(c2nc3c(C(N)=O)cncc3[nH]2)CC1,CHEMBL3105,6.28,908,6,False,6.32000039463954,0
1845,O=C(c1cc(Cc2n[nH]c(=O)c3ccccc23)ccc1F)N1CCC12CNC2,CHEMBL3105,6.28,401,173,False,8.408780512253772,0
1097,NC(=O)c1cccc2c1OC(=Cc1ccc(O)c(O)c1)C2=O,CHEMBL3105,6.28,1094,14,False,5.366153846153846,0
867,CCOC(=O)c1ccc2[nH]c(=O)c3c(c2c1)CCSC3,CHEMBL3105,6.27,853,23,False,5.295632358056617,0
1004,O=C1CN(C(=O)CSc2nc(=O)c3ccccc3[nH]2)c2ccccc2N1,CHEMBL3105,6.27,singleton,1,True,5.522328685961425,0
582,O=C1NCc2cccc3cccc1c23,CHEMBL3105,6.27,singleton,1,True,5.098333282685944,0
1381,O=c1[nH]c2cc(Cn3ccnc3)ccc2c2c1CCCN2,CHEMBL3105,6.27,1374,108,False,5.292987144098334,0
547,CNCc1ccc(-n2cc3c(O)ccc(C(N)=O)c3n2)cc1,CHEMBL3105,6.27,580,33,False,8.151817740103454,0
199,CCCNC(=O)Nc1cccc(Cc2n[nH]c(=O)c3ccccc23)c1,CHEMBL3105,6.27,188,13,False,6.815384865371442,0
2536,O=C(c1cc(CC2=NNB(O)c3ccccc32)ccc1F)N1CCN(C(=O)C2CC2)CC1,CHEMBL3105,6.267606240177031,singleton,1,True,7.076692651888943,0
3195,CC(O)c1cccnc1N1CCP(=O)(c2cc(Cc3n[nH]c(=O)c4ccccc34)ccc2F)CC1,CHEMBL3105,6.26,3197,10,False,7.0884208006123615,0
3196,CCCc1cnc(N2CCP(=O)(c3cc(Cc4n[nH]c(=O)c5ccccc45)ccc3F)CC2)nc1,CHEMBL3105,6.26,3197,10,False,7.103999999999999,0
3188,O=C(C1CCCO1)N1CCP(=O)(c2cc(Cc3n[nH]c(=O)c4ccccc34)ccc2F)CC1,CHEMBL3105,6.26,1767,12,False,8.564210311382435,0
3194,O=c1[nH]nc(Cc2ccc(F)c(P3(=O)CCN(c4cccc(C(F)(F)F)n4)CC3)c2)c2ccccc12,CHEMBL3105,6.26,3197,10,False,7.103999999999999,0
3197,CCN1CCP(=O)(c2cc(Cc3n[nH]c(=O)c4ccccc34)ccc2F)CC1,CHEMBL3105,6.26,3197,10,False,7.39999970595043,0
3198,CC(C)(C)CN1CCP(=O)(c2cc(Cc3n[nH]c(=O)c4ccccc34)ccc2F)CC1,CHEMBL3105,6.26,3197,10,False,7.225882184040728,0
3193,O=c1[nH]nc(Cc2ccc(F)c(P3(=O)CCN(c4ncccc4C(F)(F)F)CC3)c2)c2ccccc12,CHEMBL3105,6.26,3197,10,False,7.235555427771048,0
3192,O=c1[nH]nc(Cc2ccc(F)c(P3(=O)CCN(c4ncc(C(F)(F)F)cc4Cl)CC3)c2)c2ccccc12,CHEMBL3105,6.26,3197,10,False,6.923389550734796,0
781,Nc1cccc2c(=O)n(CCC(=O)O)ccc12,CHEMBL3105,6.26,singleton,1,True,5.3624999300809595,0
1099,NC(=O)c1cccc2c1O/C(=C\c1ccc(OCCN3CCCCC3)cc1)C2=O,CHEMBL3105,6.26,1094,14,False,5.474999918416144,0
1850,CC(C)(C)OC(=O)N1CC2(C1)CN(C(=O)c1cc(Cc3n[nH]c(=O)c4ccccc34)ccc1F)C2,CHEMBL3105,6.26,401,173,False,8.56285732513788,0
349,O=c1[nH]c(C2CCC(N3CCC(c4ccccc4)CC3)C2)nc2ccccc12,CHEMBL3105,6.26,singleton,1,True,5.340000124734804,0
3189,CN(C)C(=O)N1CCP(=O)(c2cc(Cc3n[nH]c(=O)c4ccccc34)ccc2F)CC1,CHEMBL3105,6.26,3197,10,False,7.746383116257144,0
3190,CC(C)(C)C(=O)N1CCP(=O)(c2cc(Cc3n[nH]c(=O)c4ccccc34)ccc2F)CC1,CHEMBL3105,6.26,3197,10,False,7.746383116257144,0
1415,CCOc1cc(CN2CCOCC2)cc2[nH]c(=O)c3c(c12)NCCC3,CHEMBL3105,6.25,1415,6,False,5.184020615371218,0
1127,COc1ccc2c(c1OC)CCN1C(=O)CCCC21,CHEMBL3105,6.25,singleton,1,True,5.013290987941555,0
537,Cc1ccn2c(n1)nc1c3ccccc3c(=O)[nH]c12,CHEMBL3105,6.25,singleton,1,True,5.366176574068809,0
2768,N#Cc1ccc(O[C@H]2CC[C@H](NC(=O)CCCc3nc(=O)c4ccccc4[nH]3)CC2)cc1,CHEMBL3105,6.25,2762,13,False,5.506875106676483,0
1680,NC(=O)c1cccc(NC(=O)/C=C\C(=O)N2CCN(c3ccc(F)cc3)CC2)c1,CHEMBL3105,6.25,1142,14,False,5.48749991822988,0
875,O=C(c1cc(Cc2n[nH]c(=O)c3ccccc23)ccc1F)N1CCc2cccc3c2C1CC3F,CHEMBL3105,6.25,879,11,False,15.330000913739262,2
1308,Cc1ccc(-c2nc(=O)c3cccc(O)c3[nH]2)cc1,CHEMBL3105,6.25,1301,6,False,5.622280689995999,0
1199,NC(=O)c1cccc2c1C(=O)N(C1CCN(C3CCOCC3)CC1)C2,CHEMBL3105,6.25,1200,6,False,5.757377139191193,0
2237,CCC1C(=O)N(C)c2cnc(Nc3ccc(-c4nc5c(C(N)=O)cccc5[nH]4)cc3OC)nc2N1Cc1ccc(OC)cc1OC,CHEMBL3105,6.24,2242,17,False,6.39108131788046,0
871,O=C(N[C@@H]1C[C@@H](O)c2ccccc21)c1cc(Cc2n[nH]c(=O)c3ccccc23)ccc1F,CHEMBL3105,6.24,2256,6,False,8.64,0
2424,Oc1ccc2c(c1)sc1nncn12,CHEMBL3105,6.24,singleton,1,True,5.097142857142856,0
944,Nc1cccc2c(=O)[nH]c(-c3ccc(Cl)cc3)cc12,CHEMBL3105,6.24,947,6,False,5.4022222579997266,0
2755,N#Cc1cc(O[C@H]2CC[C@H](NC(=O)CCCc3nc(=O)c4ccccc4[nH]3)CC2)ccc1Cl,CHEMBL3105,6.23,2762,13,False,5.699249906582013,0
1365,CCCNCc1ccc2c3c(c(=O)[nH]c2c1)CCCN3,CHEMBL3105,6.23,1365,2,False,5.205569777355005,0
991,CCN(CC(=O)Cc1c(F)cccc1F)C(=O)Cc1n[nH]c(=O)c2ccccc12,CHEMBL3105,6.22,singleton,1,True,6.55999995810645,0
2401,Cc1ccc2c(=O)[nH]c(-c3ccc([C@](C)(O)CO)cc3)cn12,CHEMBL3105,6.22,2303,16,False,5.103797599280271,0
480,O=C(c1cc2[nH]c(=O)c3ccccc3n2n1)N1CCN2CCC[C@H]2C1,CHEMBL3105,6.22,472,8,False,5.8239998958587655,0
993,O=C(Cc1n[nH]c(=O)c2ccccc12)NCc1ccc(S(=O)(=O)N2CCOCC2)cc1,CHEMBL3105,6.22,1012,2,False,6.530169781797488,0
1500,CN1CCC(n2[nH]c3cccc(C(N)=O)c3c2=O)CC1,CHEMBL3105,6.22,1507,8,False,6.027272596635113,0
1334,COc1cccc2[nH]c(=O)c3c(c12)NCCC3,CHEMBL3105,6.22,1423,37,False,5.1145713022755155,0
1059,CC(C)S(=O)(=O)N1CCN(C(=O)c2cc3[nH]c(=O)c4ccccc4c3n2C)CC1,CHEMBL3105,6.22,1060,9,False,6.020000022426247,0
481,O=c1[nH]c2cc(-c3cccc(Br)c3)nn2c2ccccc12,CHEMBL3105,6.22,493,15,False,5.351111226287891,0
1142,NC(=O)c1cccc(NC(=O)/C=C\C(=O)N2CCCC2)c1,CHEMBL3105,6.22,1142,14,False,5.579344365877738,0
1431,COCCOc1cc(CN2CCOCC2)cc2[nH]c(=O)c3c(c12)NCCC3,CHEMBL3105,6.21,1415,6,False,5.208400086924554,0
1368,O=c1[nH]c2cc(CN3CCOCC3)ccc2c2c1CCCN2,CHEMBL3105,6.21,1374,108,False,7.289499413441168,0
1961,Cc1cc(F)cc2c(=O)[nH]c(-c3ccc(C4CCN(C)CC4)cc3)nc12,CHEMBL3105,6.21,1961,4,False,5.638181940386121,0
1402,COc1cc(CNC(C)(C)C)cc2[nH]c(=O)c3c(c12)NCCC3,CHEMBL3105,6.21,1423,37,False,5.064302364190875,0
2733,COc1ccc2[nH]c(=O)n(C3CCN(C(=O)CCCc4nc(=O)c5ccccc5[nH]4)CC3)c2c1,CHEMBL3105,6.2,2735,23,False,5.494185974161614,0
2389,CC(C)(O)c1ccc(-c2cn3cc(Cl)cc3c(=O)[nH]2)cc1,CHEMBL3105,6.2,2303,16,False,5.1428571428571415,0
2067,NC(=O)c1cc(Cl)c2ccc(-c3ccc(CN4CCNCC4)cc3)nn12,CHEMBL3105,6.2,2067,10,False,5.688750211922461,0
1947,COc1cccc2c(=O)[nH]c(-c3ccc(C(C)(C)O)cc3)nc12,CHEMBL3105,6.2,1948,9,False,5.826774036701963,0
2760,N#Cc1ccc2c(c1)[nH]c(=O)n2C1CCN(C(=O)CCCc2nc(=O)c3ccccc3[nH]2)CC1,CHEMBL3105,6.2,2735,23,False,5.826923014585082,0
910,NC(=O)c1cncc2[nH]c(C3CCCNC3)nc12,CHEMBL3105,6.2,908,6,False,5.894482516318251,0
1037,CN(C)Cc1ccc(-c2ccc3ccn(C(N)=O)c3n2)cc1,CHEMBL3105,6.2,1040,9,False,5.541212071169397,0
1690,CC(C)(C)OC(=O)N1CCC(NC(=O)c2nc3c(C(N)=O)cccc3[nH]2)CC1,CHEMBL3105,6.19,1682,26,False,6.846154097269282,0
1242,Cc1cccc2c(=O)[nH]c(-c3ccc(CN4CCN(C)CC4)cc3)cc12,CHEMBL3105,6.19,1243,3,False,6.013333333333332,0
1310,O=c1[nH]c(-c2ccc(Cl)cc2)nc2c(O)cccc12,CHEMBL3105,6.19,1315,8,False,5.961320419507183,0
170,O=c1[nH]c2c(c3ccccc13)Cc1cc(F)ccc1-2,CHEMBL3105,6.19,172,6,False,5.766885369870972,0
907,CC(C)N1CCCC(c2nc3c(C(N)=O)cncc3[nH]2)C1,CHEMBL3105,6.19,908,6,False,6.007499713540091,0
2026,CC1c2cc(F)cc(C(N)=O)c2C(=O)N1C1CCN(C2CCCCC2)CC1,CHEMBL3105,6.19,2029,4,False,5.3152778921832855,0
2469,Cc1c2ccc(N(C)c3ccnc(Nc4cccc(-c5nc6cc(F)c(F)cc6[nH]5)c4)n3)cc2nn1C,CHEMBL3105,6.19,2454,31,False,5.314333336852877,0
2141,O=c1cc(-c2cccc(-c3c(O)cc(O)c4c(=O)cc(-c5ccc(O)c(O)c5)oc34)c2)oc2cc(O)cc(O)c12,CHEMBL3105,6.19,2139,11,False,5.110000304579754,0
2073,COC1CCN(C(=O)c2ccc(-c3ccc4c(Cl)cc(C(N)=O)n4n3)c(F)c2)C1,CHEMBL3105,6.18,2074,2,False,7.599998188019238,0
2464,CN(c1ccc(Cl)cc1)c1ccnc(Nc2ccc(-c3nc4cc(F)c(F)cc4[nH]3)cc2)n1,CHEMBL3105,6.18,2465,3,False,5.541052475134096,0
280,CC(C)(C)OC(=O)NCCCCC(NC(=O)OC(C)(C)C)C(=O)NCc1ccc2[nH]c3c4c(c5c(c3c2c1)CNC5=O)CCC4,CHEMBL3105,6.17,279,2,False,5.247623712826495,0
2470,Cc1ccc(Nc2nccc(N(C)c3ccc4c(C)n(C)nc4c3)n2)cc1-c1nc2cc(F)c(F)cc2[nH]1,CHEMBL3105,6.17,2471,5,False,5.144791653889438,0
2465,CC(C)c1ccc(N(C)c2ccnc(Nc3ccc(-c4nc5cc(F)c(F)cc5[nH]4)cc3)n2)cc1,CHEMBL3105,6.17,2465,3,False,5.612499916367234,0
2467,Cc1c2ccc(N(C)c3ccnc(Nc4ccc(-c5nc6cc(F)c(F)cc6[nH]5)c(C(F)(F)F)c4)n3)cc2nn1C,CHEMBL3105,6.17,2471,5,False,5.124949448666042,0
1147,NC(=O)c1cccc(NC(=O)C2CCC(=O)C2)c1,CHEMBL3105,6.16,singleton,1,True,5.522727332578218,0
763,O=C(O)c1ccc2c(c1)[nH]c(=O)c1ccsc12,CHEMBL3105,6.16,96,5,False,5.23361094647214,0
2395,Cc1ccc2c(=O)[nH]c(-c3ccc(C(C)(C)OCCO)cc3)cn12,CHEMBL3105,6.16,2303,16,False,5.212592569578168,0
1131,NC(=O)c1cccc(NC(=O)CCC(=O)O)c1,CHEMBL3105,6.16,1145,5,False,5.741379239542165,0
483,O=c1[nH]c2cc(-c3ccc(Br)cc3)nn2c2ccccc12,CHEMBL3105,6.16,493,15,False,5.448000129890444,0
970,NC(=O)C(Cc1ccccc1)NC(=O)CCc1nc(=O)c2ccccc2[nH]1,CHEMBL3105,6.16,968,13,False,5.7573530723866115,0
482,O=C(c1cc2[nH]c(=O)c3ccccc3n2n1)N1CCCC(CN2CCOCC2)C1,CHEMBL3105,6.16,singleton,1,True,5.778181943420538,0
983,Cc1ccc(-c2nc(=O)c3cccc(C)c3[nH]2)cc1,CHEMBL3105,6.16,1301,6,False,5.658947226400195,0
185,O=c1[nH]c2c(c3ccccc13)Cc1cc(S(=O)(=O)O)ccc1-2,CHEMBL3105,6.16,172,6,False,6.663076480101581,0
239,C=c1c(=C)c2c(O)[nH]c(O)c2c2c1[nH]c1ccccc12,CHEMBL3105,6.16,singleton,1,True,5.249999947845937,0
715,O=c1[nH]c2ccc(OC3CCN(c4ccccc4)CC3)cc2c2c1CSCC2,CHEMBL3105,6.16,710,13,False,5.459493522597439,0
996,CC(C)NS(=O)(=O)c1ccc(NC(=O)Cc2n[nH]c(=O)c3ccccc23)cc1,CHEMBL3105,6.16,singleton,1,True,6.224193919377964,0
1685,CC(C)CCN1CCCC(NC(=O)c2nc3c(C(N)=O)cccc3[nH]2)C1,CHEMBL3105,6.15,singleton,1,True,6.616841773141471,0
1170,NC(=O)c1cccc2[nH]c(-c3ccc(-c4ccccc4)cc3)nc12,CHEMBL3105,6.15,1170,19,False,9.645185568450426,0
963,Cc1sc2[nH]c(SCC(=O)N3CCN(CCO)CC3)nc(=O)c2c1C,CHEMBL3105,6.14,singleton,1,True,5.402608688651727,0
1294,COc1ccc(C(=O)C2CCN(C(=O)CCCc3cn4c(C)ccc4c(=O)[nH]3)CC2)cc1,CHEMBL3105,6.14,singleton,1,True,5.337272770653579,0
2762,O=C(CCCc1nc(=O)c2ccccc2[nH]1)N[C@H]1CC[C@H](Oc2ccncc2)CC1,CHEMBL3105,6.14,2762,13,False,5.424000129318241,0
1102,NC(=O)c1cccc2c1O/C(=C\c1ccc(OCCCN3CCOCC3)cc1)C2=O,CHEMBL3105,6.14,1094,14,False,5.594594684719955,0
1184,NC(=O)c1cccc2[nH]c(-c3ccc(-c4ccc(OCCN5CCCCC5)cc4)cc3)nc12,CHEMBL3105,6.14,2272,9,False,8.526315575491365,0
1864,O=C(NCc1nnc(-c2cccc3c(=O)c4ccccc4c(=O)[nH]c23)o1)c1ccccc1Cl,CHEMBL3105,6.13,1861,3,False,5.6246153846153835,0
1735,CC(C)c1ccc(Cn2cc(/C=C3\SC(=O)NC3=O)c3ccccc32)cc1,CHEMBL3105,6.13,1741,9,False,6.119090378580059,0
2398,Cc1ccc2c(=O)[nH]c(-c3ccc([C@@](C)(O)CO)cc3)cn12,CHEMBL3105,6.13,2303,16,False,5.206329247480098,0
1002,CC(=O)Nc1ccc(NC(=O)CCn2c(=O)[nH]c(=O)c3ccccc32)cc1,CHEMBL3105,6.12,1013,6,False,5.639999327659684,0
2466,Cc1c2ccc(N(C)c3ccnc(Nc4ccc(-c5nc6cc(F)c(F)cc6[nH]5)c(Cl)c4)n3)cc2nn1C,CHEMBL3105,6.12,2471,5,False,5.188571428571429,0
445,O=C(Nc1nc(-c2ccccc2)cs1)c1ccncc1,CHEMBL3105,6.12,singleton,1,True,5.8263334780318905,0
1413,CN(C)Cc1cc(O)c2c3c(c(=O)[nH]c2c1)CCCN3,CHEMBL3105,6.12,1424,2,False,5.275696154766177,0
1098,NC(=O)c1cccc2c1OC(=Cc1ccc(O)cc1O)C2=O,CHEMBL3105,6.12,singleton,1,True,5.547272787389677,0
830,Nc1cccc2c(=O)[nH]cnc12,CHEMBL3105,6.12,829,5,False,5.540339162158616,0
235,O=C1NC(=O)c2c1ccc1[nH]ccc21,CHEMBL3105,6.12,singleton,1,True,5.1034285366642225,0
45,CC(C)(C)OC(=O)N1C[C@H]2C[C@@H]1CN2c1ccc2[nH]c(=O)c3ccccc3c2n1,CHEMBL3105,6.11,57,3,False,5.649230769230768,0
1405,COc1cc(CN2CC(C)OC(C)C2)cc2[nH]c(=O)c3c(c12)NCCC3,CHEMBL3105,6.11,1423,37,False,5.226237734794945,0
2399,Cc1ccc2c(=O)[nH]c(-c3ccc([C@](C)(O)CCO)cc3)cn12,CHEMBL3105,6.11,2303,16,False,5.213333517474898,0
1036,CN1CCN(c2ccc3ccn(C(N)=O)c3n2)CC1,CHEMBL3105,6.11,1041,3,False,5.4501562550758536,0
186,O=c1[nH]nc(Cc2ccccc2)c2ccccc12,CHEMBL3105,6.11,186,6,False,7.60973729568095,0
1950,CC(C)(O)c1ccc(-c2nc(=O)c3cc(F)cc(F)c3[nH]2)cc1,CHEMBL3105,6.11,1943,11,False,5.636567114034988,0
1411,COc1cc(CNN2CCOCC2)cc2[nH]c(=O)c3c(c12)NCCC3,CHEMBL3105,6.11,1423,37,False,5.268068310273274,0
978,O=C(CCc1nc(=O)c2ccccc2[nH]1)N[C@@H]1CCc2ccccc21,CHEMBL3105,6.11,978,2,False,5.5437663324673645,0
27,O=C(CCn1c2c(c(=O)[nH]c1=O)COCC2)NCC(=O)N1CCN(c2ncccn2)CC1,CHEMBL3105,6.1,3,15,False,5.955555240018887,0
3125,COC(=O)c1cccc(C(=O)C2CCN(C(=O)C[C@@H](C)Cc3nc(=O)c4cccc(C)c4[nH]3)CC2)c1,CHEMBL3105,6.1,3125,2,False,5.6045977702653,0
2731,COc1cccc(-c2nnc([C@H]3CC[C@H](NC(=O)CCCc4nc(=O)c5ccccc5[nH]4)CC3)o2)c1,CHEMBL3105,6.1,2728,38,False,5.479310277256758,0
2468,COc1cc(Nc2nccc(N(C)c3ccc4c(C)n(C)nc4c3)n2)ccc1-c1nc2cc(F)c(F)cc2[nH]1,CHEMBL3105,6.1,2471,5,False,5.2579591580898954,0
1493,COC(=O)c1ccc2c(c1)[nH]c(=O)c1ccncc12,CHEMBL3105,6.1,1493,2,False,5.419178161837635,0
173,CN(C)CC(=O)Nc1ccc2c(c1)-c1[nH]c(=O)c3ccccc3c1C2,CHEMBL3105,6.1,178,7,False,7.395000440776375,0
1596,O=c1[nH][nH]c2c3c(n(CCN(Cc4ccccc4)Cc4ccccc4)c4cccc1c34)=CCC2,CHEMBL3105,6.1,1596,4,False,5.462499959301203,0
484,CN(C)CCN(C)C(=O)c1cccc(-c2cc3[nH]c(=O)c4ccccc4n3n2)c1,CHEMBL3105,6.1,484,2,False,5.602564243845924,0
1954,Cc1cc(F)cc2c(=O)[nH]c(-c3ccc(C(C)(C)OCCO)cc3)nc12,CHEMBL3105,6.1,singleton,1,True,5.699999915063383,0
1143,CCN(CC)C(=O)/C=C\C(=O)Nc1cccc(C(N)=O)c1,CHEMBL3105,6.1,singleton,1,True,5.682461548883111,0
2311,Cc1cccc2c(=O)[nH]c(CSc3ncccn3)nc12,CHEMBL3105,6.1,2311,2,False,5.336000089054108,0
984,Cc1cccc2c(=O)[nH]c(-c3ccccc3)nc12,CHEMBL3105,6.1,1948,9,False,5.944285758574095,0
426,CCc1ccc2cccc(C(N)=O)c2n1,CHEMBL3105,6.1,427,2,False,6.258823646448616,0
1678,NC(=O)c1cccc(NC(=O)/C=C\C(=O)N2CCN(c3ccc(-c4ccccc4)cc3)CC2)c1,CHEMBL3105,6.1,1142,14,False,5.867076707873833,0
2471,COc1ccc(-c2nc3cc(F)c(F)cc3[nH]2)cc1Nc1nccc(N(C)c2ccc3c(C)n(C)nc3c2)n1,CHEMBL3105,6.1,2471,5,False,5.319999947150549,0
1689,NC(=O)c1cccc2[nH]c(C(=O)NC3CCCN(C4CCNCC4)C3)nc12,CHEMBL3105,6.1,1682,26,False,6.76872771285194,0
278,Cn1c2ccccc2c2c3c(c4c(c21)CCC4)C(=O)NC3,CHEMBL3105,6.1,278,2,False,5.40810798613846,0
2463,CN(c1ccnc(Nc2ccc(-c3nc4cc(F)c(F)cc4[nH]3)cc2)n1)c1cc(C(C)(C)C)n(C)n1,CHEMBL3105,6.09,2465,3,False,5.573170780320029,0
1687,CC(C)(C)OC(=O)N1CCC(N2CCCC(NC(=O)c3nc4c(C(N)=O)cccc4[nH]3)C2)CC1,CHEMBL3105,6.09,1682,26,False,6.604838531886879,0
1734,CC(C)(C)c1ccc(Cn2cc(/C=C3\SC(=O)NC3=O)c3ccccc32)cc1,CHEMBL3105,6.09,1741,9,False,5.9263631225617885,0
1096,NC(=O)c1cccc2c1OC(=Cc1ccc(O)cc1)C2=O,CHEMBL3105,6.09,1094,14,False,5.996250223377728,0
2066,CN(C)C1CCN(Cc2ccc(-c3ccc4c(Cl)cc(C(N)=O)n4n3)cc2)CC1,CHEMBL3105,6.09,2067,10,False,5.639436581843762,0
987,CC(NC(=O)COc1ccccc1C(N)=O)c1ccccc1,CHEMBL3105,6.09,singleton,1,True,5.823064521727124,0
3115,COc1ccc(C(=O)C2CCN(C(=O)NCCc3nc(=O)c4ccccc4[nH]3)CC2)cc1,CHEMBL3105,6.09,3109,6,False,5.702666920462726,0
988,NC(=O)c1ccc(COc2ccccc2C(N)=O)cc1,CHEMBL3105,6.09,singleton,1,True,7.630435138546468,0
1941,CC(C)(O)c1ccc(-c2nc(=O)c3c(F)cccc3[nH]2)cc1,CHEMBL3105,6.08,1943,11,False,6.297499812319881,0
911,NC(=O)c1cncc2[nH]c(C3CCNCC3)nc12,CHEMBL3105,6.08,908,6,False,6.357142830077484,0
1056,CC(C)N1CCN(C(=O)c2cc3[nH]c(=O)c4ccccc4c3n2C)CC1,CHEMBL3105,6.08,1060,9,False,6.421016689679715,0
1315,O=c1[nH]c(-c2ccc(O)cc2)nc2c(O)cccc12,CHEMBL3105,6.07,1315,8,False,6.182941154792235,0
1673,O=C1SCCc2[nH]c(-c3ccc(C(F)(F)F)cc3)nc(=O)c21,CHEMBL3105,6.07,singleton,1,True,5.539394019436028,0
1707,CC(C)(C)OC(=O)NC1CCN(C(=O)c2nc3c(C(N)=O)cccc3[nH]2)C1,CHEMBL3105,6.07,1682,26,False,7.118654123583941,0
1057,Cn1c(C(=O)N2CCN(Cc3ccccc3)CC2)cc2[nH]c(=O)c3ccccc3c21,CHEMBL3105,6.07,1060,9,False,6.625689478138471,0
527,O=c1[nH]c2c(nc3ccccn32)c2ccccc12,CHEMBL3105,6.07,527,10,False,5.750161362186647,0
1702,CC(C)(C)OC(=O)N1CCC(N2CCC(NC(=O)c3nc4c(C(N)=O)cccc4[nH]3)CC2)CC1,CHEMBL3105,6.06,1682,26,False,6.791034845662336,0
2711,Cc1ccc2c(c1)[nH]c(=O)n2C1CCN(C(=O)CCCc2nc(=O)c3ccccc3[nH]2)CC1,CHEMBL3105,6.06,2735,23,False,5.702168805735227,0
1035,CN(C)c1ccc(-c2ccc3ccn(C(N)=O)c3n2)cc1,CHEMBL3105,6.06,1040,9,False,5.496000131034855,0
946,Cc1ccc(-c2cc3c(N)cccc3c(=O)[nH]2)cc1,CHEMBL3105,6.06,947,6,False,5.62222225945673,0
1120,COc1cc2c(cc1OC)C1(O)c3ccccc3C(=O)N1CC2,CHEMBL3105,6.06,1120,7,False,5.363116683844156,0
1846,CC(C)(C)OC(=O)N1CC2(CCN2C(=O)c2cc(Cc3n[nH]c(=O)c4ccccc34)ccc2F)C1,CHEMBL3105,6.06,401,173,False,8.490212421408616,0
21,O=C(CCn1c2c(c(=O)[nH]c1=O)CCCCC2)NCC(=O)N1CCN(c2ncccn2)CC1,CHEMBL3105,6.05,3,15,False,55.000052452137425,0
12,O=C(CCn1c2c(c(=O)[nH]c1=O)CC=CCC2)NCC(=O)N1CCN(c2ncccn2)CC1,CHEMBL3105,6.05,3,15,False,6.1416663412694765,0
1049,O=c1[nH]c2sccc2c2ccccc12,CHEMBL3105,6.05,singleton,1,True,5.674576454633824,0
2727,O=C(CCCc1nc(=O)c2ccccc2[nH]1)N1CCC(n2c(=O)[nH]c3cc(Cl)ccc32)CC1,CHEMBL3105,6.05,2735,23,False,5.714457962644139,0
3109,COc1ccc(C(=O)C2CCN(C(=O)COCc3nc(=O)c4ccccc4[nH]3)CC2)cc1,CHEMBL3105,6.05,3109,6,False,5.842307853028623,0
756,O=c1[nH]cc(-c2ccccc2)c2ccccc12,CHEMBL3105,6.05,singleton,1,True,5.595762791007937,0
425,NC(=O)c1cccc2ccc(-c3ccccc3)nc12,CHEMBL3105,6.05,singleton,1,True,6.491632566199062,0
966,C[C@@H](NC(=O)CCc1nc(=O)c2ccccc2[nH]1)c1ccccn1,CHEMBL3105,6.05,968,13,False,5.606756684499732,0
945,COc1ccc(-c2cc3c(N)cccc3c(=O)[nH]2)cc1,CHEMBL3105,6.05,947,6,False,5.5878788686214635,0
981,COc1ccc(-c2nc(=O)c3cccc(C)c3[nH]2)cc1,CHEMBL3105,6.05,981,2,False,5.71868868105068,0
1412,COc1cc(CN(C)N2CCOCC2)cc2[nH]c(=O)c3c(c12)NCCC3,CHEMBL3105,6.05,1423,37,False,5.329213618770153,0
2743,O=C(CCCc1nc(=O)c2ccccc2[nH]1)N1CCC(n2c(=O)[nH]c3cc(F)ccc32)CC1,CHEMBL3105,6.05,2735,23,False,5.886075789491791,0
1377,CN(CCC(=O)O)Cc1ccc2c3c(c(=O)[nH]c2c1)CCCN3,CHEMBL3105,6.04,1374,108,False,6.185454612487604,0
1940,CC(C)(O)c1ccc(-c2nc(=O)c3ccccc3[nH]2)cc1,CHEMBL3105,6.04,1943,11,False,6.331110747723934,0
2388,CC(C)(O)c1ccc(-c2cn3cccc3c(=O)[nH]2)cc1,CHEMBL3105,6.04,2303,16,False,5.343466675159878,0
3180,CN(C)C(=O)c1ccc(N2CCN(C(=O)CCc3nc(=O)c4ccccc4[nH]3)CC2)c(Cl)c1,CHEMBL3105,6.04,3135,8,False,10.387692307692308,0
2814,CN1CCCc2c1[nH]c(N1CCN(Cc3ncccc3Cl)CC1)nc2=O,CHEMBL3105,6.04,2831,29,False,7.80900060508852,0
1860,COc1c(Br)cc(Br)cc1/C=C/c1nnc(-c2cc(C)cc3c(=O)c4ccccc4c(=O)[nH]c23)o1,CHEMBL3105,6.03,1869,10,False,9.277273280241301,0
2781,O=C(CCc1nc(=O)c2cc(F)ccc2[nH]1)N[C@H]1CC[C@H](c2nnc(-c3ccccc3)o2)CC1,CHEMBL3105,6.03,2728,38,False,5.625227188904854,0
1370,CN(Cc1ccccc1)Cc1ccc2c3c(c(=O)[nH]c2c1)CCCN3,CHEMBL3105,6.03,1374,108,False,6.102726942044662,0
1034,NC(=O)n1ccc2ccc(-c3ccc[nH]3)nc21,CHEMBL3105,6.03,1040,9,False,5.546406255165493,0
2303,Cc1ccc2c(=O)[nH]c(-c3ccc(C(C)(C)O)cc3)cn12,CHEMBL3105,6.03,2303,16,False,5.27649363719627,0
1354,CN(C)CCCc1ccc2[nH]c(=O)c3c(c2c1)NCCC3,CHEMBL3105,6.03,1369,5,False,5.438481176789233,0
906,CCCN1CCCC(c2nc3c(C(N)=O)cncc3[nH]2)C1,CHEMBL3105,6.03,908,6,False,6.19704913188552,0
1373,CN(C)CCN(C)Cc1ccc2c3c(c(=O)[nH]c2c1)CCCN3,CHEMBL3105,6.03,1374,108,False,7.3066666666666675,0
2871,CCNc1cccnc1N1CCN(c2nc3c(C(N)=O)cccc3[nH]2)CC1,CHEMBL3105,6.03,2864,13,False,7.212115665687887,0
1161,CN1CCCc2c1cc(-c1ccccc1)[nH]c2=O,CHEMBL3105,6.02,1165,5,False,5.963225812184451,0
2474,O=c1[nH]nc(Cc2ccccc2)c2cc(O)ccc12,CHEMBL3105,6.02,186,6,False,7.339091286883393,0
229,O=c1[nH]nc(CCCCN2CCOCC2)c2ccccc12,CHEMBL3105,6.02,227,3,False,36.90003519061585,0
3112,COc1ccc(C(=O)C2CCN(C(=O)COCc3nc(=O)c4cc(F)cc(F)c4[nH]3)CC2)cc1,CHEMBL3105,6.02,3109,6,False,5.98329109861155,0
2507,C[N+]12CCc3cc(O)c(O)cc3C1Cc1cc3c(cc12)OCO3,CHEMBL3105,6.02,singleton,1,True,4.999090868458768,0
2691,CC1CN(C(=O)c2cc(Cc3ccc(=O)[nH]n3)ccc2F)Cc2nnc(-c3ccccn3)n21,CHEMBL3105,6.02,2688,22,False,11.002104572866804,0
2001,COc1cc(O)c(Cl)c(C)c1-c1cc(O)cc2cc3c(c(O)c12)C(=O)c1c(O)c(Cl)c(O)c(Cl)c1C3(C)C,CHEMBL3105,6.02,2001,9,False,5.626000871873035,0
1867,COc1ccc(F)cc1/C=C/c1nnc(-c2cccc3c(=O)c4ccccc4c(=O)[nH]c23)o1,CHEMBL3105,6.02,1869,10,False,6.877500409930971,0
2386,Cc1ccc2c(=O)[nH]c(-c3ccc(C(C)(C)O)cc3)nn12,CHEMBL3105,6.02,singleton,1,True,5.530000119859526,0
1425,CCCOc1cc(CN2CCOCC2)cc2[nH]c(=O)c3c(c12)NCCC3,CHEMBL3105,6.02,1415,6,False,5.436363502168352,0
1122,COc1ccc2c(c1OC)CCN1C(=O)c3ccccc3C21O,CHEMBL3105,6.01,1120,7,False,5.402405014378465,0
1716,CC(C)(C)OC(=O)NC1CCN(C(=O)c2nc3c(C(N)=O)cccc3[nH]2)CC1,CHEMBL3105,6.01,1682,26,False,7.523750448450474,0
2482,Cn1c(COc2ccc3c(Cc4ccc(F)c(C(=O)N5CCN(C(=O)C6CC6)CC5)c4)n[nH]c(=O)c3c2)cnc1[N+](=O)[O-],CHEMBL3105,6.01,2480,5,False,24.959982147229564,0
1810,COc1cccc2c(Nc3cccc(-c4nc5c(C(N)=O)cccc5[nH]4)c3)c3ccccc3nc12,CHEMBL3105,6.01,1817,11,False,7.457546901431286,0
1188,COc1cc(-c2ccc(-c3nc4c(C(N)=O)cc(F)cc4[nH]3)c(F)c2)ccc1NC(=O)C1CC1,CHEMBL3105,6.01,1189,4,False,6.611719144089172,0
1125,Cc1ccc2c(c1)CCN1C(=O)c3ccccc3C21O,CHEMBL3105,6.01,1120,7,False,5.440400090796472,0
413,NC(=O)c1ccccc1OCCc1cccc(C(=O)N2CCNCC2)c1,CHEMBL3105,6.01,410,3,False,9.047999137115562,0
753,NC(=O)c1cccc(C2CO2)c1,CHEMBL3105,6.0,singleton,1,True,5.842963091951015,0
485,CN1CCN(C(=O)c2cccc(-c3cc4[nH]c(=O)c5ccccc5n4n3)c2)CC1,CHEMBL3105,6.0,493,15,False,6.243283587643711,0
157,COc1cccc(C2=CCN(CCCc3nc(=O)c4ccccc4[nH]3)CC2)c1,CHEMBL3105,6.0,158,5,False,12.688001285648477,1
913,O=c1[nH]c(CCCN2CCN(c3cccc(Cl)c3)CC2)nc2ccccc12,CHEMBL3105,6.0,912,4,False,6.571764821090502,0
1210,NC(=O)c1cccc2c1C(=O)N(C1CCN(Cc3ccsc3)CC1)C2,CHEMBL3105,6.0,1202,13,False,5.955820789553857,0
2763,O=C(CCCc1nc(=O)c2ccccc2[nH]1)N1CCN(c2noc3ccccc23)CC1,CHEMBL3105,6.0,2747,4,False,6.07083351425827,0
968,C[C@@H](NC(=O)CCc1nc(=O)c2ccccc2[nH]1)c1ccccc1,CHEMBL3105,6.0,968,13,False,5.725142642645942,0
3132,CC(C)(CC(=O)N1CCC(C(=O)c2ccc(C(=O)O)cc2)CC1)Cc1cc2ccccc2c(=O)[nH]1,CHEMBL3105,6.0,3121,11,False,7.079999208748429,0
85,Cc1nc2c(C(N)=O)cccc2[nH]1,CHEMBL3105,6.0,singleton,1,True,7.733333026038289,0
1492,O=C(O)c1ccc2c(c1)[nH]c(=O)c1ccncc12,CHEMBL3105,6.0,96,5,False,5.58550703407862,0
2794,O=C(CCc1nc(=O)c2ccccc2[nH]1)N[C@H]1CC[C@H](c2nnc(-c3cccc(Cl)c3)o2)CC1,CHEMBL3105,6.0,2728,38,False,5.646265104843132,0
3131,C[C@@H](CC(=O)N1CCC(C(=O)c2cnn(C)c2)CC1)Cc1cc2ccccc2c(=O)[nH]1,CHEMBL3105,6.0,3095,17,False,6.180821756315315,0
1336,CCCN1CCC(Oc2ccc3[nH]c(=O)c4c(c3c2)NCCC4)CC1,CHEMBL3105,5.99,1341,13,False,5.494999945412079,0
1006,Cc1ccc2c(c1)CCCN2C(=O)CCc1nc(=O)c2ccccc2[nH]1,CHEMBL3105,5.99,singleton,1,True,5.982972780209206,0
1307,O=c1[nH]c(-c2ccccc2)nc2c(O)cccc12,CHEMBL3105,5.99,1315,8,False,6.226666666666667,0
2086,CC(C)(C)C1NCCc2cc(-c3cnn4c(C(N)=O)cc(Cl)c4c3)sc21,CHEMBL3105,5.99,2084,6,False,5.453703767914287,0
1380,N#CCNCc1ccc2c3c(c(=O)[nH]c2c1)CCCN3,CHEMBL3105,5.99,1365,2,False,5.728378304553955,0
2730,O=C(CCCc1nc(=O)c2ccccc2[nH]1)N[C@H]1CC[C@H](c2nnc(-c3cccc(F)c3)o2)CC1,CHEMBL3105,5.98,2728,38,False,5.739090986835562,0
1858,COc1ccc(F)cc1/C=C/c1nnc(-c2cc(C)cc3c(=O)c4ccccc4c(=O)[nH]c23)o1,CHEMBL3105,5.98,1869,10,False,5.855556331151898,0
1339,O=C(NCCN1CCCCC1)c1ccc2[nH]c(=O)c3cccnc3c2c1,CHEMBL3105,5.98,singleton,1,True,5.852799958137511,0
1347,O=c1[nH]c2ccc(OCCO)cc2c2c1CCCN2,CHEMBL3105,5.97,1341,13,False,5.528571565518355,0
986,NC(=O)c1ccccc1OCC(=O)N1CC(=O)Nc2cc(C(F)(F)F)ccc21,CHEMBL3105,5.97,singleton,1,True,5.835714317335711,0
1121,COc1ccc2c(c1)CCN1C(=O)c3ccccc3C21O,CHEMBL3105,5.97,1120,7,False,5.457692257645568,0
1524,COc1ccc(C(=O)C2CCN(CC(=O)NCc3nc(=O)c4c([nH]3)CCCC4)CC2)cc1,CHEMBL3105,5.97,950,23,False,37.20997671218183,0
1352,COCn1c(=O)c2c(c3cc(CCN(C)C)ccc31)NCCC2,CHEMBL3105,5.97,singleton,1,True,5.462023859908403,0
1337,CN1CCC(Oc2ccc3[nH]c(=O)c4c(c3c2)NCCC4)CC1,CHEMBL3105,5.97,1341,13,False,5.489135697449042,0
2729,COc1ccc(-c2nnc([C@H]3CC[C@H](NC(=O)CCCc4nc(=O)c5ccccc5[nH]4)CC3)o2)cc1,CHEMBL3105,5.97,2728,38,False,5.670714213285521,0
947,Nc1cccc2c(=O)[nH]c(-c3ccccc3)cc12,CHEMBL3105,5.97,947,6,False,5.7980646053139555,0
2068,NC(=O)c1cc(Cl)c2ccc(-c3ccc(CN4CCN(C5CC5)CC4)cc3)nn12,CHEMBL3105,5.96,2067,10,False,5.8330432968644494,0
1062,CN(C)CCNC(=O)c1cc2[nH]c(=O)c3ccccc3c2n1C,CHEMBL3105,5.96,1064,3,False,5.874929538008665,0
149,O=c1[nH]c(CCCN2CCCCC2)nc2ccccc12,CHEMBL3105,5.96,136,28,False,5.871940246269415,0
887,O=C(CCN1CCc2cccc3c2C1CNC3=O)NCC(=O)N1CC=C(c2ccc(F)cc2)CC1,CHEMBL3105,5.96,891,6,False,5.61586955794061,0
1825,CC(C)(C)OC(=O)N1CCC2(CC1)CCN(C(=O)c1cc(Cc3n[nH]c(=O)c4ccccc34)ccc1F)C2,CHEMBL3105,5.96,401,173,False,9.899999704957011,0
1385,CN1CCCc2c1c1ccc(CN3CCOCC3)cc1[nH]c2=O,CHEMBL3105,5.96,1386,4,False,5.799529281626773,0
1146,CC(=O)CCCC(=O)Nc1cccc(C(N)=O)c1,CHEMBL3105,5.96,1145,5,False,5.932786995390353,0
1861,O=c1[nH]c2c(-c3nnc(-c4ccccc4Cl)o3)cccc2c(=O)c2ccccc12,CHEMBL3105,5.96,1861,3,False,5.674647820629645,0
424,COc1ccc(-c2ccc3cccc(C(N)=O)c3n2)cc1,CHEMBL3105,5.96,452,6,False,6.515293934897986,0
1201,Cc1ccccc1CN1CCC(N2Cc3cccc(C(N)=O)c3C2=O)CC1,CHEMBL3105,5.96,1202,13,False,5.918823384145556,0
3124,COC(=O)c1cccc(C(=O)C2CCN(C(=O)C[C@H](C)Cc3nc(=O)c4cccc(C)c4[nH]3)CC2)c1,CHEMBL3105,5.96,3125,2,False,5.7751724850125035,0
486,O=C(c1cc2[nH]c(=O)c3ccccc3n2n1)N1CCC(CN2CCOCC2)CC1,CHEMBL3105,5.96,472,8,False,6.208732498611068,0
1945,CC(C)(O)c1ccc(-c2nc(=O)c3cccc(F)c3[nH]2)cc1,CHEMBL3105,5.96,1943,11,False,6.0645163155991435,0
2793,O=C(CCc1nc(=O)c2ccccc2[nH]1)N[C@H]1CC[C@H](c2nnc(-c3cccc(F)c3)o2)CC1,CHEMBL3105,5.96,2728,38,False,5.7751724850125035,0
992,O=C(CN1CCN(C(=O)Cc2n[nH]c(=O)c3ccccc23)CC1)Nc1cccc(F)c1,CHEMBL3105,5.96,singleton,1,True,7.565769152719329,0
1145,CC(=O)CCC(=O)Nc1cccc(C(N)=O)c1,CHEMBL3105,5.96,1145,5,False,5.974576536761874,0
2423,C[C@@H](CN1CCC(C(=O)N2CCN(c3ncc(C(F)(F)F)cn3)CC2)C1)Nc1cn[nH]c(=O)c1C(F)(F)F,CHEMBL3105,5.95,2312,3,False,5.8809525144884125,0
1033,NC(=O)n1ccc2ccc(-c3ccc(F)c(C(=O)N4CCN(C(=O)C5CC5)CC4)c3)nc21,CHEMBL3105,5.95,singleton,1,True,6.172200103009702,0
1828,O=C(c1cc(Cc2n[nH]c(=O)c3ccccc23)ccc1F)N1CCC2(CCNC2)C1,CHEMBL3105,5.95,401,173,False,9.242580787329226,0
1811,COc1ccc2nc3ccccc3c(Nc3cccc(-c4nc5c(C(N)=O)cccc5[nH]4)c3)c2c1,CHEMBL3105,5.94,1817,11,False,7.51703702044258,0
1684,CC(C)(C)OC(=O)N1CCCC(NC(=O)c2nc3c(C(N)=O)cccc3[nH]2)C1,CHEMBL3105,5.94,1682,26,False,7.050000420212771,0
1190,CCCN1Cc2cccc(C(N)=O)c2C1=O,CHEMBL3105,5.94,1193,5,False,5.996551650188484,0
1345,NCCOc1ccc2[nH]c(=O)c3c(c2c1)NCCC3,CHEMBL3105,5.94,1341,13,False,5.563636501451875,0
2734,O=C(CCCc1nc(=O)c2ccccc2[nH]1)N[C@H]1CC[C@H](c2nnc(-c3cccc(Cl)c3)o2)CC1,CHEMBL3105,5.94,2728,38,False,5.707142784248811,0
938,CC(C)Cc1cc2c(N)cccc2c(=O)[nH]1,CHEMBL3105,5.93,939,5,False,5.695522550199211,0
838,O=c1[nH]c(-c2ccc(C(F)(F)F)cc2)nc2c1CSCC2,CHEMBL3105,5.93,956,4,False,5.773382358001771,0
1859,COc1ccc(Cl)cc1/C=C/c1nnc(-c2cc(C)cc3c(=O)c4ccccc4c(=O)[nH]c23)o1,CHEMBL3105,5.92,1869,10,False,5.70673462793051,0
979,Cc1cccc2c(=O)[nH]c(-c3ccc(O)cc3)nc12,CHEMBL3105,5.92,1948,9,False,6.323018512376159,0
1010,O=c1[nH]c(O)c(C=Nc2ccccc2N2CCCCC2)c2ccccc12,CHEMBL3105,5.92,singleton,1,True,6.297460490244109,0
1384,CCN(CC)Cc1ccc2c3c(c(=O)[nH]c2c1)CCCN3C,CHEMBL3105,5.92,1386,4,False,5.7360001367569,0
165,Cc1nc(=O)c2c(Cl)cccc2[nH]1,CHEMBL3105,5.92,833,3,False,5.68000008033494,0
1104,NC(=O)c1cccc2c1O/C(=C\c1ccc(OCC3CO3)cc1)C2=O,CHEMBL3105,5.92,1094,14,False,5.8662854645301,0
1712,CC(C)(C)OC(=O)N1CCC(NC2CCN(C(=O)c3nc4c(C(N)=O)cccc4[nH]3)C2)CC1,CHEMBL3105,5.92,1682,26,False,8.023999808692933,0
1833,CC(C)(C)OC(=O)N1CC2(CCN(C(=O)c3cc(Cc4n[nH]c(=O)c5ccccc45)ccc3F)C2)C1,CHEMBL3105,5.92,401,173,False,9.239999724626543,0
1295,COc1ccc(C(=O)C2CCN(C(=O)CCCc3cn4cc(F)cc4c(=O)[nH]3)CC2)cn1,CHEMBL3105,5.92,singleton,1,True,5.823908117797419,0
1832,O=C(c1cc(Cc2n[nH]c(=O)c3ccccc23)ccc1F)N1CCC2(CNC2)C1,CHEMBL3105,5.91,401,173,False,10.708888676122388,0
2777,O=C(CCSc1nc(=O)c2ccccc2[nH]1)N1CCN(c2[nH]nc3ccccc23)CC1,CHEMBL3105,5.91,2747,4,False,6.41014744089809,0
1299,COc1ccc(-c2nc(=O)c3cccc(OC)c3[nH]2)cc1,CHEMBL3105,5.91,981,2,False,5.893114915331092,0
898,O=c1cc(-c2ccc(O)c(O)c2)oc2ccccc12,CHEMBL3105,5.9,904,7,False,5.810526443386344,0
1863,O=C(NCc1nnc(-c2cccc3c(=O)c4ccccc4c(=O)[nH]c23)o1)c1ccccc1,CHEMBL3105,5.9,1863,2,False,5.949999911338092,0
1868,COc1ccc(Cl)cc1/C=C/c1nnc(-c2cccc3c(=O)c4ccccc4c(=O)[nH]c23)o1,CHEMBL3105,5.9,1869,10,False,7.507500447481896,0
2041,O=C1CC2(CCN(C(=O)CN3CCN(CCSc4nc(=O)c5ccccc5[nH]4)CC3)CC2)Oc2ccccc21,CHEMBL3105,5.89,singleton,1,True,5.878125113868158,0
1187,NC(=O)c1cc(F)cc2[nH]c(-c3ccc(-c4cccc(NC(=O)C5CC5)c4)cc3F)nc12,CHEMBL3105,5.89,singleton,1,True,8.06555539530737,0
1302,Nc1ccc(-c2nc(=O)c3ccccc3[nH]2)cc1,CHEMBL3105,5.89,1301,6,False,6.716938685633303,0
998,Cc1ccc(NS(=O)(=O)c2ccc(NC(=O)Cn3c(=O)[nH]c(=O)c4ccccc43)cc2C)c(C)c1,CHEMBL3105,5.89,singleton,1,True,5.7048836576674296,0
1514,Cn1c2cccc(C(N)=O)c2c(=O)n1C1CCN(Cc2ccco2)CC1,CHEMBL3105,5.89,1497,12,False,5.989130372699133,0
2759,O=C(CCCc1nc(=O)c2ccccc2[nH]1)N1CCC(n2c(=O)[nH]c3c(F)cccc32)CC1,CHEMBL3105,5.89,2735,23,False,6.0886074295603265,0
2757,O=C(CCCc1nc(=O)c2ccccc2[nH]1)N[C@H]1CC[C@H](Oc2ccccc2)C1,CHEMBL3105,5.89,2762,13,False,5.736075793566034,0
487,CN(C)CCN(C)C(=O)c1ccc(-c2cc3[nH]c(=O)c4ccccc4n3n2)cc1,CHEMBL3105,5.89,493,15,False,5.871947897404642,0
1124,COc1ccc(OC)c2c1CCN1C(=O)c3ccccc3C21O,CHEMBL3105,5.89,1120,7,False,5.559610183036723,0
1951,CC(C)(O)c1ccc(-c2nc(=O)c3c(F)ccc(F)c3[nH]2)cc1,CHEMBL3105,5.89,singleton,1,True,5.962499911151828,0
2392,CC(C)(O)c1ccc(-c2cn3c(F)c(F)cc3c(=O)[nH]2)cc1,CHEMBL3105,5.89,2303,16,False,5.745277901438562,0
829,Cc1cccc2c(=O)[nH]cnc12,CHEMBL3105,5.88,829,5,False,5.635692204334328,0
2782,N#Cc1ccc2c(c1)[nH]c(=O)n2[C@H]1CC[C@H](NC(=O)CCSc2nc(=O)c3ccccc3[nH]2)CC1,CHEMBL3105,5.87,singleton,1,True,6.023294083857288,0
1741,O=C1NC(=O)/C(=C/c2cn(Cc3ccccc3Cl)c3ccccc23)S1,CHEMBL3105,5.87,1741,9,False,5.61749993448996,0
1312,O=c1[nH]c(-c2ccc(F)cc2)nc2c(O)cccc12,CHEMBL3105,5.87,1315,8,False,6.389999640685228,0
1812,NC(=O)c1cccc2[nH]c(-c3cccc(Nc4c5ccccc5nc5ccccc45)c3)nc12,CHEMBL3105,5.86,1170,19,False,8.372093174121007,0
1123,COc1cc2c(c(OC)c1)C1CCC(=O)N1CC2,CHEMBL3105,5.86,singleton,1,True,5.318024566131766,0
2774,O=C(CSc1nc(=O)c2ccccc2[nH]1)N1CCC(c2nnc(-c3ccccc3)o2)CC1,CHEMBL3105,5.86,singleton,1,True,6.107777838453099,0
904,O=c1cc(-c2ccccc2)oc2ccccc12,CHEMBL3105,5.86,904,7,False,5.755675453147032,0
831,Cc1cc(C)c2[nH]cnc(=O)c2c1,CHEMBL3105,5.86,singleton,1,True,5.3853522618695235,0
2758,O=C(CCCc1nc(=O)c2ccccc2[nH]1)N[C@H]1CC[C@H](Oc2cccc(Cl)c2)CC1,CHEMBL3105,5.86,2762,13,False,5.7951219175203725,0
878,O=C(c1cc(Cc2n[nH]c(=O)c3ccccc23)ccc1F)N1Cc2cccc3c2C(C1)NCC3,CHEMBL3105,5.86,401,173,False,8.93538527088057,0
2586,Cc1ccc(S(=O)(=O)N2C[C@@H]3CCCN4CCC[C@@H]([C@H]34)[C@H]2CCCc2nc3cc(Br)ccc3n2S(=O)(=O)c2ccc(C)cc2)cc1,CHEMBL3105,5.85,2587,3,False,5.3580952745943655,0
84,O=C1NC(=O)c2cccc3cccc1c23,CHEMBL3105,5.85,singleton,1,True,5.450689677578375,0
488,CN1CCN(C(=O)c2ccc(-c3cc4[nH]c(=O)c5ccccc5n4n3)cc2)CC1,CHEMBL3105,5.85,493,15,False,6.689482847989919,0
1841,O=C(c1cc(Cc2n[nH]c(=O)c3ccccc23)ccc1F)N1CC2(CCNCC2)C1,CHEMBL3105,5.85,401,173,False,11.74499877490116,0
1944,CC(C)(O)c1ccc(-c2nc(=O)c3cc(Cl)ccc3[nH]2)cc1,CHEMBL3105,5.85,1943,11,False,6.0876562046434275,0
1346,O=c1[nH]c2ccc(OCCN3CCC(c4ccccc4)CC3)cc2c2c1CCCN2,CHEMBL3105,5.84,1341,13,False,5.77482361445097,0
908,CN1CCC(c2nc3c(C(N)=O)cncc3[nH]2)CC1,CHEMBL3105,5.84,908,6,False,7.307692575736875,0
2771,O=C(CCSc1nc(=O)c2ccccc2[nH]1)N1CCC(n2c(=O)[nH]c3cc(Cl)ccc32)CC1,CHEMBL3105,5.83,singleton,1,True,5.971547508878199,0
2040,O=c1[nH]c(SCCN2CCN(CCCc3nc(-c4ccccc4)no3)CC2)nc2ccccc12,CHEMBL3105,5.83,singleton,1,True,5.892099025577631,0
2735,O=C(CCCc1nc(=O)c2ccccc2[nH]1)N1CCC(n2c(=O)[nH]c3ccccc32)CC1,CHEMBL3105,5.83,2735,23,False,5.993846153846153,0
1343,O=c1[nH]c2ccc(OCCN3CCNCC3)cc2c2c1CCCN2,CHEMBL3105,5.83,1341,13,False,5.71172846231023,0
2403,C1=Cc2ccccc2CN1,CHEMBL3105,5.82,singleton,1,True,5.389850765448365,0
974,CC(NC(=O)CCc1nc(=O)c2ccccc2[nH]1)c1ccc(S(N)(=O)=O)cc1,CHEMBL3105,5.82,968,13,False,6.017297394232128,0
405,NC(=O)c1cc(F)cc(F)c1OCc1ccc(F)c(C(=O)N2CCNCC2)c1,CHEMBL3105,5.82,418,8,False,6.879999999999999,0
1084,C[C@@H]1Cc2cc(F)cc(C(N)=O)c2O1,CHEMBL3105,5.82,1085,6,False,5.738095010083828,0
3121,Cc1cccc2c(=O)[nH]c(CC(C)(C)CC(=O)N3CCC(C(=O)c4cccc(C(=O)O)c4)CC3)nc12,CHEMBL3105,5.82,3121,11,False,6.160999981638788,0
1342,COCCOc1ccc2[nH]c(=O)c3c(c2c1)NCCC3,CHEMBL3105,5.82,1341,13,False,5.611999799299246,0
2772,O=C(CCSc1nc(=O)c2ccccc2[nH]1)N1CCC(c2nnc(-c3ccccc3)o2)CC1,CHEMBL3105,5.82,2706,16,False,7.466666666666669,0
1000,O=C(CCn1c(=O)[nH]c(=O)c2ccccc21)Nc1ccccc1F,CHEMBL3105,5.82,1013,6,False,6.191044676981038,0
1344,CCOc1ccc2[nH]c(=O)c3c(c2c1)NCCC3,CHEMBL3105,5.81,1369,5,False,5.652077712068518,0
1032,CN1CCN(Cc2ccc(-c3ccc4ccn(C(N)=O)c4n3)cc2)CC1,CHEMBL3105,5.81,1042,3,False,6.614999290287574,0
1733,CCc1ccc(Cn2cc(/C=C3\SC(=O)NC3=O)c3ccccc32)cc1,CHEMBL3105,5.81,1741,9,False,5.937499026768065,0
1382,O=c1[nH]c2cc(Cn3cccc3)ccc2c2c1CCCN2,CHEMBL3105,5.81,1374,108,False,6.510000388026261,0
3111,COc1ccc(C(=O)C2CCN(C(=O)COCc3nc(=O)c4ccccc4[nH]3)CC2)cn1,CHEMBL3105,5.8,3109,6,False,6.095121862610347,0
2425,Cc1ccc2c(c1)sc1nnc(N)n12,CHEMBL3105,5.8,singleton,1,True,5.469767563171554,0
346,O=c1[nH]c([C@H]2CC[C@@H](N3CC=C(c4ccccc4)CC3)CC2)nc2ccccc12,CHEMBL3105,5.8,350,11,False,5.945333257734511,0
1197,Cn1cccc1CN1CCC(N2Cc3cccc(C(N)=O)c3C2=O)CC1,CHEMBL3105,5.8,1202,13,False,6.10260863239238,0
2506,C[N+]1(C)CCc2cc(O)c(O)cc2[C@H]1Cc1ccc(O)c(O)c1,CHEMBL3105,5.8,singleton,1,True,5.551764657218977,0
1306,COc1cccc2c(=O)[nH]c(-c3ccc(N)cc3)nc12,CHEMBL3105,5.8,1306,2,False,6.452068700294302,0
2750,N#Cc1cccc(O[C@H]2CC[C@H](NC(=O)CCCc3nc(=O)c4ccccc4[nH]3)CC2)c1,CHEMBL3105,5.8,2762,13,False,6.1098765477058885,0
1674,NC(=O)c1cccc(NC(=O)/C=C\C(=O)N2CCCC(c3ccccc3)C2)c1,CHEMBL3105,5.8,1142,14,False,5.915555594732733,0
780,O=C(O)CNc1cccc2c(=O)[nH]ccc12,CHEMBL3105,5.8,singleton,1,True,6.066666804419626,0
1355,CN(C)CCOc1ccc2c3c(c(=O)[nH]c2c1)CCCN3,CHEMBL3105,5.79,1357,2,False,5.62853648717456,0
1119,COc1cc2c(cc1OC)C1(O)C3C4c5ccccc5C(c5ccccc54)C3C(=O)N1CC2,CHEMBL3105,5.79,singleton,1,True,5.619879409105846,0
1668,Cc1cc(N2C[C@@H](C)N[C@@H](C)C2)ncc1-c1ccc(-c2nc(=O)c3ccn(C)c3[nH]2)cc1,CHEMBL3105,5.79,singleton,1,True,5.7708859453272385,0
2728,O=C(CCCc1nc(=O)c2ccccc2[nH]1)N[C@H]1CC[C@H](c2nnc(-c3ccc(Cl)cc3)o2)CC1,CHEMBL3105,5.78,2728,38,False,5.940000039339067,0
1068,Cn1c(C(=O)N2CC=C(c3ccc(F)cc3)CC2)cc2c1-c1ccccc1C(=O)NC2,CHEMBL3105,5.78,1069,3,False,6.0553846153846145,0
989,Cc1oc(C(N)=O)cc1COc1ccccc1C(N)=O,CHEMBL3105,5.78,singleton,1,True,6.628823645620199,0
2504,CN(C)CCC=C1c2ccccc2CCc2ccccc21,CHEMBL3105,5.78,singleton,1,True,5.37919987174988,0
2767,O=C(CCCc1nc(=O)c2ccccc2[nH]1)N[C@H]1CC[C@H](Oc2ccc(F)cc2)CC1,CHEMBL3105,5.77,2762,13,False,5.9646916213753025,0
3094,C[C@H](CC(=O)N1CCC(C(=O)c2cnn(C)c2)CC1)Cc1nc(=O)c2ccccc2[nH]1,CHEMBL3105,5.77,3095,17,False,7.19400120062848,0
1805,COc1ccc2nc3ccccc3c(Nc3ccccc3-c3nc4c(C(N)=O)cccc4[nH]3)c2c1,CHEMBL3105,5.77,1817,11,False,7.646181735318556,0
2724,COc1cccc(-c2nnc(C3CCN(C(=O)CCCc4nc(=O)c5ccccc5[nH]4)CC3)o2)c1,CHEMBL3105,5.77,2706,16,False,6.132592727974449,0
1938,O=c1[nH]c(-c2ccc3c(c2)OCO3)nc2ccccc12,CHEMBL3105,5.77,1300,2,False,6.168666911787468,0
1186,CCC(=O)Nc1ccc(-c2ccc(-c3nc4c(C(N)=O)cc(F)cc4[nH]3)cc2)cc1,CHEMBL3105,5.76,1189,4,False,8.095652761351227,0
1374,CN1CCN(Cc2ccc3c4c(c(=O)[nH]c3c2)CCCN4)CC1,CHEMBL3105,5.76,1374,108,False,8.815294272186028,0
1540,O=C(CN1CCC(C(=O)c2ccc(OCCC3CC3)cc2)CC1)NCc1nc(=O)c2c([nH]1)CCOC2,CHEMBL3105,5.76,950,23,False,5.76333327607976,0
2761,O=C(CCCc1nc(=O)c2ccccc2[nH]1)N1CCN(c2nsc3ccccc23)CC1,CHEMBL3105,5.75,2747,4,False,6.393750190548603,0
2747,O=C(CCCc1nc(=O)c2ccccc2[nH]1)N1CCN(c2[nH]nc3ccccc23)CC1,CHEMBL3105,5.75,2747,4,False,6.6492538614803145,0
1298,CC(C)n1cc(C(=O)C2CCN(C(=O)CCCc3nc(=O)c4ccn(C)c4[nH]3)CC2)cn1,CHEMBL3105,5.75,3108,3,False,5.810869776042069,0
2236,CCC1C(=O)N(C)c2cnc(Nc3ccc(-c4nc5c(C(N)=O)cccc5[nH]4)cc3OC)nc2N1Cc1cccc(C(F)(F)F)c1,CHEMBL3105,5.75,2242,17,False,7.196849326820977,0
2302,COc1ccc(C2(CNC(=O)c3ccc(NC(=O)c4ccco4)cc3)CCOCC2)cc1,CHEMBL3105,5.75,singleton,1,True,5.9801283559311935,0
2709,COc1ccc2c(c1)[nH]c(=O)n2C1CCN(C(=O)CCCc2nc(=O)c3ccccc3[nH]2)CC1,CHEMBL3105,5.75,2735,23,False,6.043604571577776,0
347,O=c1[nH]c(C2CCCC(N3CC=C(c4ccccc4)CC3)C2)nc2ccccc12,CHEMBL3105,5.75,347,3,False,5.866666666666666,0
422,Nc1cccc2c(=O)[nH]ccc12,CHEMBL3105,5.75,754,3,False,5.940000141620638,0
2241,CCC1C(=O)N(C)c2cnc(Nc3ccc(-c4nc5c(C(N)=O)cccc5[nH]4)cc3OC3CCCC3)nc2N1C1CCCC1,CHEMBL3105,5.74,2242,17,False,11.205000417418795,0
358,Cc1nn(C(C)(C)C)c2[nH]c(=O)c3c(c12)CSC3,CHEMBL3105,5.74,singleton,1,True,5.573033797441446,0
1995,COc1c(Cl)c(O)c(Cl)c(C)c1-c1cc(O)c(Cl)c2cc3c(c(O)c12)C(=O)c1c(O)c(Cl)c(O)c(Cl)c1C3(C)C,CHEMBL3105,5.74,2001,9,False,5.311150299601499,0
1682,CC(C)(C)OC(=O)N1CCC(NC(=O)c2nc3c(C(N)=O)cccc3[nH]2)C1,CHEMBL3105,5.74,1682,26,False,7.4407411021133365,0
995,CC(NC(=O)Cc1n[nH]c(=O)c2ccccc12)c1ccc2c(c1)CCCC2,CHEMBL3105,5.73,singleton,1,True,7.040833752999727,0
2751,O=C(CCCc1nc(=O)c2ccccc2[nH]1)N[C@H]1CC[C@H](Oc2cccnc2)CC1,CHEMBL3105,5.72,2762,13,False,5.8922890508410255,0
2393,Cc1cc2c(=O)[nH]c(-c3ccc(C(C)(C)O)cc3)cn2c1,CHEMBL3105,5.72,2303,16,False,5.700789397677763,0
1296,COc1ccc(C(=O)C2CCN(C(=O)CCCc3nc(=O)c4csc(C)c4[nH]3)CC2)cc1C,CHEMBL3105,5.72,singleton,1,True,5.900217383659122,0
1623,CC1(C)C=c2[nH]n(CCO)c(=O)c3cccc4c3c2c(n4CCO)C1,CHEMBL3105,5.72,1624,12,False,6.59999953284863,0
1213,NC(=O)c1ccc(F)c2c1C(=O)N(C1CCN(C3CCC(F)(F)CC3)CC1)C2,CHEMBL3105,5.72,1200,6,False,6.0284211850133325,0
2485,COc1cc(O)ccc1C(=O)C=Cc1ccc(O)cc1,CHEMBL3105,5.72,singleton,1,True,5.497402563358885,0
436,NC(=O)c1cccc2cccnc12,CHEMBL3105,5.72,singleton,1,True,6.9327268970702525,0
964,O=C1N[C@H]2Cc3ccccc3CN2c2ccccc21,CHEMBL3105,5.72,singleton,1,True,5.946268825994144,0
3096,CC(C)n1cc(C(=O)C2CCN(C(=O)C[C@@H](C)Cc3nc(=O)c4ccccc4[nH]3)CC2)cn1,CHEMBL3105,5.72,3095,17,False,6.118461627295974,0
2778,O=C(CCCc1nc(=O)c2ccccc2[nH]1)N[C@H]1CC[C@H](c2ncc(-c3ccccc3)o2)CC1,CHEMBL3105,5.71,2728,38,False,5.977625075712522,0
2791,O=C(CCc1nc(=O)c2ccccc2[nH]1)N[C@H]1CC[C@H](c2nnc(-c3ccc(F)cc3)o2)CC1,CHEMBL3105,5.71,2728,38,False,6.039250233978788,0
2708,Cc1ccc2[nH]c(=O)n(C3CCN(C(=O)CCCc4nc(=O)c5ccccc5[nH]4)CC3)c2c1,CHEMBL3105,5.71,2735,23,False,6.1322892975471515,0
832,Cc1nc(=O)c2c(F)cccc2[nH]1,CHEMBL3105,5.71,833,3,False,6.004918138402922,0
990,O=C(Cc1n[nH]c(=O)c2ccccc12)NCC(c1ccccc1Cl)N1CCCC1,CHEMBL3105,5.71,singleton,1,True,7.1523335891207145,0
961,O=C1N[C@@H]2N(Cc3ccccc3C23CCOCC3)c2ccccc21,CHEMBL3105,5.71,singleton,1,True,5.921466821963313,0
1164,CN1CCCc2c1cc(-c1ccc(Cl)cc1)[nH]c2=O,CHEMBL3105,5.7,1165,5,False,6.102941181820053,0
972,C[C@@H](CO)NC(=O)CCc1nc(=O)c2ccccc2[nH]1,CHEMBL3105,5.7,968,13,False,6.110144843085678,0
2391,CC(C)(O)c1ccc(-c2cn3c(F)ccc3c(=O)[nH]2)cc1,CHEMBL3105,5.7,2303,16,False,5.810810857615042,0
1806,NC(=O)c1cccc2[nH]c(-c3ccccc3Nc3c4ccccc4nc4ccccc34)nc12,CHEMBL3105,5.7,singleton,1,True,8.535813787840976,0
107,O=C(O)c1cccc2[nH]c(=O)c3ccccc3c12,CHEMBL3105,5.7,singleton,1,True,6.2499999068677425,0
2741,O=C(CCCc1nc(=O)c2ccccc2[nH]1)N1CCC(c2[nH]nc3ccccc23)CC1,CHEMBL3105,5.7,2735,23,False,6.333333584997398,0
242,Cc1cc2[nH]c3ccccc3c2c2c1C(=O)NC2=O,CHEMBL3105,5.7,singleton,1,True,5.882352776180918,0
1165,CN1CCCc2c1cc(-c1ccc(Br)cc1)[nH]c2=O,CHEMBL3105,5.7,1165,5,False,6.102941181820053,0
3116,COc1ccc(C(=O)C2CCN(C(=O)N(C)CCc3nc(=O)c4ccccc4[nH]3)CC2)cc1,CHEMBL3105,5.7,3109,6,False,6.174999907985331,0
1196,NC(=O)c1cccc2c1C(=O)N(CC1CCN(Cc3ccccc3)CC1)C2,CHEMBL3105,5.7,singleton,1,True,8.654544329052277,0
2721,N#Cc1ccc(-c2nnc(C3CCN(C(=O)CCCc4nc(=O)c5ccccc5[nH]4)CC3)o2)cc1,CHEMBL3105,5.69,2728,38,False,6.4020001119327565,0
2240,CCC1C(=O)N(C)c2cnc(Nc3ccc(-c4nc5c(C(N)=O)cccc5[nH]4)cc3OC(C)C)nc2N1C1CCCC1,CHEMBL3105,5.69,2242,17,False,10.546665828492973,0
2739,O=C(CCCc1nc(=O)c2ccccc2[nH]1)N1CC=C(n2c(=O)[nH]c3ccccc32)CC1,CHEMBL3105,5.69,2735,23,False,6.137250237775602,0
2039,O=c1[nH]c(SCCN2CCN(CCCOc3ccc(-c4ccccc4)cc3)CC2)nc2ccccc12,CHEMBL3105,5.69,2043,4,False,6.206086506194594,0
1537,O=C(CN1CCC(C(=O)c2ccc(OCC3CCC3)cc2)CC1)NCc1nc(=O)c2c([nH]1)CCOC2,CHEMBL3105,5.69,950,23,False,5.916064024856324,0
2475,O=c1[nH]nc(Cc2ccccc2)c2ccc(O)cc12,CHEMBL3105,5.68,186,6,False,7.808888992321345,0
1969,S=c1[nH]nc(-c2cc3ccccc3[nH]2)n1-c1ccccc1,CHEMBL3105,5.68,1974,4,False,5.932058989919186,0
1100,NC(=O)c1cccc2c1O/C(=C\c1ccc(OCCN3CCOCC3)cc1)C2=O,CHEMBL3105,5.68,1094,14,False,7.559999098777882,0
1031,NC(=O)n1ccc2ccc(-c3ccc(CN4CCOCC4)cc3)nc21,CHEMBL3105,5.68,1042,3,False,7.251999221944894,0
1086,NC(=O)c1cc(F)cc2c1OCC2,CHEMBL3105,5.67,singleton,1,True,5.980847542217087,0
1192,NC(=O)c1cccc2c1C(=O)N(CCCN1CCOCC1)C2,CHEMBL3105,5.67,1193,5,False,6.41290342309101,0
960,O=C(CSc1nc(=O)c2c3c(sc2[nH]1)CCC3)N(CCO)CCO,CHEMBL3105,5.67,singleton,1,True,5.680941048993703,0
1095,NC(=O)c1cccc2c1O/C(=C\c1cccc(O)c1)C2=O,CHEMBL3105,5.67,1094,14,False,6.134843595735005,0
431,CC#Cc1cnc2c(C(N)=O)cccc2c1,CHEMBL3105,5.66,435,7,False,6.640000000000001,0
2765,O=C(CCCc1nc(=O)c2ccccc2[nH]1)N1CCC(n2nnc3ccccc32)CC1,CHEMBL3105,5.65,2735,23,False,6.18625023967401,0
2770,O=C(CCc1nc(=O)c2ccccc2[nH]1)N[C@H]1CC[C@H](n2c(=O)oc3ccccc32)CC1,CHEMBL3105,5.65,singleton,1,True,6.077564255824166,0
1194,NC(=O)c1cccc2c1C(=O)N(CCN1CCc3ccccc3C1)C2,CHEMBL3105,5.65,1193,5,False,6.596949285833499,0
234,Oc1[nH]c(O)c2c3c(ccc12)=CCC=3,CHEMBL3105,5.65,singleton,1,True,5.534246430743322,0
1970,CC(=O)OC[C@H]1O[C@@H](Sc2nnc(-c3cc4ccccc4[nH]3)n2-c2ccccc2)[C@H](OC(C)=O)[C@@H](OC(C)=O)[C@@H]1OC(C)=O,CHEMBL3105,5.65,singleton,1,True,5.940475954422885,0
2725,O=C(CCCc1nc(=O)c2ccccc2[nH]1)N1CCC(c2nnc(-c3ccc(F)c(Cl)c3)o2)CC1,CHEMBL3105,5.64,2728,38,False,6.474623548023025,0
2648,CCOC(=O)c1ccc(NC(=O)CS/C(=C\C(=O)c2sc(Nc3ccccn3)nc2C)c2ccccc2F)cc1,CHEMBL3105,5.64,singleton,1,True,6.148089772351328,0
1953,CC(C)(OCCO)c1ccc(-c2nc(=O)c3cc(F)ccc3[nH]2)cc1,CHEMBL3105,5.64,1943,11,False,6.310857013889238,0
1183,NC(=O)c1cccc2[nH]c(-c3ccc(-c4ccc(OCCCN5CCCCC5)cc4)cc3)nc12,CHEMBL3105,5.64,2272,9,False,9.358974559224027,0
2775,O=C(CCSCc1nc(=O)c2ccccc2[nH]1)N[C@H]1CC[C@H](c2nnc(-c3ccccc3)o2)CC1,CHEMBL3105,5.64,2728,38,False,6.0240965066722385,0
434,C#Cc1cnc2c(C(N)=O)cccc2c1,CHEMBL3105,5.64,435,7,False,6.730769631954365,0
2815,CN1CCCc2c1[nH]c(N1CCN(Cc3ncccc3Br)CC1)nc2=O,CHEMBL3105,5.63,2831,29,False,6.161012509478495,0
1849,O=C(c1cc(Cc2n[nH]c(=O)c3ccccc23)ccc1F)N1CC2(CNC2)C1,CHEMBL3105,5.62,401,173,False,11.038462196405158,0
1972,C=CCSc1nnc(-c2cc3ccccc3[nH]2)n1-c1ccccc1,CHEMBL3105,5.62,1974,4,False,5.902105022457508,0
2705,O=C(CCCc1nc(=O)c2ccccc2[nH]1)N1CCC(c2nnc(-c3ccc(Cl)cc3)o2)CC1,CHEMBL3105,5.62,2728,38,False,6.4256,0
1305,COc1cccc2c(=O)[nH]c(-c3ccc(C)cc3)nc12,CHEMBL3105,5.62,1306,2,False,6.517192832526155,0
1133,C/C(=C/C(=O)Nc1cccc(C(N)=O)c1)C(=O)O,CHEMBL3105,5.62,1133,2,False,6.361967331227103,0
899,O=c1cc(-c2cccc(O)c2)oc2ccccc12,CHEMBL3105,5.61,904,7,False,6.161579082674269,0
1083,CC1Cc2cc(F)cc(C(N)=O)c2O1,CHEMBL3105,5.61,1085,6,False,5.9880950001497215,0
2796,O=C(CCc1nc(=O)c2ccccc2[nH]1)N[C@H]1CC[C@H](c2nnc(-c3ccncc3)o2)CC1,CHEMBL3105,5.61,2728,38,False,6.085679281038088,0
2740,O=C(CCCc1nc(=O)c2ccccc2[nH]1)N1CCC(n2c(=O)[nH]c3ncccc32)CC1,CHEMBL3105,5.61,2735,23,False,6.180714206771583,0
2834,CN1CCCc2c1[nH]c(N1CCN(Cc3ccccc3C#N)CC1)nc2=O,CHEMBL3105,5.61,2831,29,False,6.8637878601918025,0
2260,Cc1cc(Br)cc2c(=O)[nH]c(CSc3ncccn3)nc12,CHEMBL3105,5.6,2311,2,False,5.801249952455051,0
1831,O=C(c1cc(Cc2n[nH]c(=O)c3ccccc23)ccc1F)N1CCC2(C1)CN(C(=O)C1CC1)C2,CHEMBL3105,5.6,401,173,False,18.112501079589197,1
969,COC(=O)C(Cc1ccccc1)NC(=O)CCc1nc(=O)c2ccccc2[nH]1,CHEMBL3105,5.6,968,13,False,6.2224323472289225,0
1956,CC(C)(O)c1ccc(-c2nc(=O)c3cc(F)ccc3[nH]2)nc1,CHEMBL3105,5.6,1943,11,False,5.925526074133927,0
1503,NC(=O)c1cccc2[nH]n(C3CCN(C4CCC4)CC3)c(=O)c12,CHEMBL3105,5.6,1507,8,False,22.439991974833507,0
1030,NC(=O)n1ccc2cccnc21,CHEMBL3105,5.6,singleton,1,True,6.082758545677105,0
2787,N#Cc1ccc(O[C@H]2CC[C@H](NC(=O)CCSc3nc(=O)c4c([nH]3)CCCC4)CC2)cc1,CHEMBL3105,5.6,singleton,1,True,6.006666682578899,0
489,O=C(c1ccc(-c2cc3[nH]c(=O)c4ccccc4n3n2)cc1)N1CCN2CCC[C@H]2C1,CHEMBL3105,5.6,489,2,False,6.67058810665946,0
2745,O=C(CCCc1nc(=O)c2ccccc2[nH]1)N1CCC(n2c(=O)oc3cc(F)ccc32)CC1,CHEMBL3105,5.59,2706,16,False,6.41865880719206,0
1827,O=C(c1cc(Cc2n[nH]c(=O)c3ccccc23)ccc1F)N1CCC2(CCN(C(=O)C3CC3)C2)C1,CHEMBL3105,5.59,401,173,False,22.20750132367023,1
2582,O=C(CCC[C@@H]1[C@H]2CCCN3CCC[C@@H](CN1C(=O)OCC1c4ccccc4-c4ccccc41)[C@@H]23)Nc1nc2ccccc2[nH]1,CHEMBL3105,5.59,2584,3,False,6.0408509412552265,0
2769,O=C(CCCc1nc(=O)c2ccccc2[nH]1)N[C@H]1CC[C@H](Oc2ccc(Cl)cc2)CC1,CHEMBL3105,5.59,2728,38,False,6.07148155296563,0
1009,O=C1NC(=O)c2ccccc2/C1=C\c1ccc(F)cc1,CHEMBL3105,5.59,singleton,1,True,5.839999999999999,0
2283,C=C1C(=O)OC2C[C@@]3(C)CCC=C(COC(=O)c4cc(Cc5n[nH]c(=O)c6ccccc56)ccc4F)C3=CC12,CHEMBL3105,5.58,2277,10,False,15.228888031604898,0
1349,O=c1[nH]c2ccc(OCCN3CCOCC3)cc2c2c1CCCN2,CHEMBL3105,5.58,1341,13,False,5.983614517989361,0
67,O=c1[nH]c2ccccc2c2ccncc12,CHEMBL3105,5.58,66,6,False,6.07999995470047,0
835,Cc1nc(=O)c2cccc(Cl)c2[nH]1,CHEMBL3105,5.58,837,3,False,5.960597163400294,0
2839,CN1CCCc2c1[nH]c(N1CCN(Cc3cnccn3)CC1)nc2=O,CHEMBL3105,5.58,2831,29,False,6.07999995470047,0
1525,O=C(CN1CCC(C(=O)c2ccc(F)cc2)CC1)NCc1nc(=O)c2c([nH]1)CCCC2,CHEMBL3105,5.57,950,23,False,6.1807230158457145,0
3130,C[C@H](CC(=O)N1CCC(C(=O)c2cnn(C)c2)CC1)Cc1cc2ccccc2c(=O)[nH]1,CHEMBL3105,5.57,3095,17,False,6.746301193595227,0
2703,O=C(CCc1nc(=O)c2ccccc2[nH]1)N[C@H]1CC[C@H](c2nnc(-c3ccccc3)o2)CC1,CHEMBL3105,5.57,2728,38,False,6.175000155717139,0
1303,COc1ccc(-c2nc(=O)c3ccccc3[nH]2)cc1,CHEMBL3105,5.57,1301,6,False,6.726071199482808,0
1224,CNCc1ccc(-c2[nH]c3cccc4c3c2C(=O)NNC4=O)cc1,CHEMBL3105,5.57,1222,5,False,8.699999654293071,0
958,O=c1cc(-c2ccc([N+](=O)[O-])cc2)oc2ccccc12,CHEMBL3105,5.57,904,7,False,6.005853518838334,0
2783,O=C(CCSc1nc(=O)c2ccccc2[nH]1)N[C@H]1CC[C@H](Oc2ccncc2)CC1,CHEMBL3105,5.56,2762,13,False,6.095121818305768,0
2837,CN1CCCc2c1[nH]c(N1CCN(Cc3ncccc3C#N)CC1)nc2=O,CHEMBL3105,5.55,2831,29,False,6.866666666666666,0
2732,O=C(CCCc1nc(=O)c2ccccc2[nH]1)N[C@H]1CC[C@H](c2nnc(-c3ccncc3)o2)CC1,CHEMBL3105,5.55,2728,38,False,6.145243866703896,0
2710,O=C(CCCc1nc(=O)c2ccccc2[nH]1)N1CCC(c2nnc(-c3ccccc3)s2)CC1,CHEMBL3105,5.54,2706,16,False,6.466328840712643,0
1350,O=c1[nH]c2ccc(OCCCCN3CCCCC3)cc2c2c1CCCN2,CHEMBL3105,5.54,1341,13,False,6.933331955804038,0
54,O=c1[nH]c2ccccc2c2ncccc12,CHEMBL3105,5.54,49,4,False,6.14285689876194,0
1029,NC(=O)n1ccc2ccc(-c3ccc(C(=O)N4CCCCC4)cc3)nc21,CHEMBL3105,5.54,1040,9,False,7.257692324330469,0
1300,O=c1[nH]c(-c2ccccc2)nc2ccccc12,CHEMBL3105,5.54,1300,2,False,6.39999990463257,0
2720,N#Cc1cccc(-c2nnc(C3CCN(C(=O)CCCc4nc(=O)c5ccccc5[nH]4)CC3)o2)c1,CHEMBL3105,5.54,2706,16,False,6.607316962707122,0
1838,CC(C)(C)OC(=O)N1CCC2(CC1)CCN2C(=O)c1cc(Cc2n[nH]c(=O)c3ccccc23)ccc1F,CHEMBL3105,5.53,401,173,False,9.55326143898397,0
40,O=c1[nH]c(=O)n(CCCCN2CCN(c3ncccn3)CC2)c2c1CCCC2,CHEMBL3105,5.52,singleton,1,True,6.315342594665668,0
1,O=C(CCn1c2c(c(=O)[nH]c1=O)CCC2)NCC(=O)N1CCN(c2ncccn2)CC1,CHEMBL3105,5.52,3,15,False,42.07497115956734,0
1027,NC(=O)n1ccc2ccc(N3CCCCC3)nc21,CHEMBL3105,5.52,1041,3,False,38.75996303561877,0
1028,NC(=O)n1ccc2ccc(-c3ccccc3F)nc21,CHEMBL3105,5.52,1040,9,False,6.230303120328487,0
2704,O=C(CCCc1nc(=O)c2ccccc2[nH]1)N1CCC(c2nnc(-c3cccc(Cl)c3)o2)CC1,CHEMBL3105,5.52,2728,38,False,6.498461836414239,0
1357,CN(C)CCCOc1ccc2c3c(c(=O)[nH]c2c1)CCCN3,CHEMBL3105,5.52,1357,2,False,5.928915547692115,0
276,O=CN1Cc2c(c3c(c4[nH]c5ccccc5c24)CCC3)C1=O,CHEMBL3105,5.52,singleton,1,True,6.159999761839179,0
2816,CN1CCCc2c1[nH]c(N1CCN(Cc3ncccc3O)CC1)nc2=O,CHEMBL3105,5.52,2831,29,False,6.390909125538896,0
1205,NC(=O)c1cccc2c1C(=O)N(C1CCN(Cc3cccc(C(F)(F)F)c3)CC1)C2,CHEMBL3105,5.52,1202,13,False,6.509714357773141,0
1386,CCN(C)Cc1ccc2c3c(c(=O)[nH]c2c1)CCCN3C,CHEMBL3105,5.52,1386,4,False,8.330001268850626,0
769,O=C(Nc1cccc2c(=O)[nH]ccc12)c1ccc([N+](=O)[O-])cc1,CHEMBL3105,5.52,767,11,False,6.740983711945952,0
1351,CN1CCCc2c1c1cc(OCCN3CCCCC3)ccc1[nH]c2=O,CHEMBL3105,5.51,1341,13,False,6.098249872780594,0
1736,O=C1NC(=O)/C(=C/c2cn(Cc3cccc(C(F)(F)F)c3)c3ccccc23)S1,CHEMBL3105,5.51,1741,9,False,6.228000148487094,0
1842,CC(C)(C)OC(=O)N1CCC2(CC1)CN(C(=O)c1cc(Cc3n[nH]c(=O)c4ccccc34)ccc1F)C2,CHEMBL3105,5.51,401,173,False,9.908181281296702,0
1309,O=c1[nH]c(-c2ccc(C(F)(F)F)cc2)nc2c(O)cccc12,CHEMBL3105,5.51,1315,8,False,6.837068684468242,0
971,CC[C@@H](CO)NC(=O)CCc1nc(=O)c2ccccc2[nH]1,CHEMBL3105,5.51,968,13,False,6.31056337498396,0
3097,CC(C)n1cc(C(=O)C2CCN(C(=O)C[C@H](C)Cc3nc(=O)c4ccccc4[nH]3)CC2)cn1,CHEMBL3105,5.5,3095,17,False,6.392051374857989,0
2746,Cn1c(=O)n(C2CCN(C(=O)CCCc3nc(=O)c4ccccc4[nH]3)CC2)c2ccccc21,CHEMBL3105,5.5,2735,23,False,6.355555597646736,0
815,O=c1[nH]cnc2cccc(Cl)c12,CHEMBL3105,5.5,815,2,False,5.878261021900721,0
2722,Cc1cccc(-c2nnc(C3CCN(C(=O)CCCc4nc(=O)c5ccccc5[nH]4)CC3)o2)c1,CHEMBL3105,5.5,2706,16,False,6.523846452962732,0
3122,COC(=O)c1ccc(C(=O)C2CCN(C(=O)CC(C)(C)Cc3nc(=O)c4cccc(C)c4[nH]3)CC2)cc1C,CHEMBL3105,5.5,3121,11,False,6.48470584597472,0
2037,O=C(Nc1cccc(C(O)=NO)c1)c1ccc(-c2ccc(-c3ccccc3)cc2)cc1,CHEMBL3105,5.5,singleton,1,True,6.942545695306455,0
2715,COc1ccc(-c2nnc(C3CCN(C(=O)CCCc4nc(=O)c5ccccc5[nH]4)CC3)o2)cc1,CHEMBL3105,5.5,2728,38,False,6.523846452962732,0
94,Nc1ccc2c(c1)[nH]c(=O)c1cc(N)ccc12,CHEMBL3105,5.49,singleton,1,True,5.909850914509642,0
534,O=c1[nH]c2c(nc3cnccn32)c2ccccc12,CHEMBL3105,5.49,527,10,False,6.2826471799771895,0
3113,Cn1cc(C(=O)C2CCN(C(=O)COCc3nc(=O)c4cccc(F)c4[nH]3)CC2)cn1,CHEMBL3105,5.48,3114,2,False,6.673670840759036,0
2723,Cc1ccc(-c2nnc(C3CCN(C(=O)CCCc4nc(=O)c5ccccc5[nH]4)CC3)o2)cc1,CHEMBL3105,5.48,2728,38,False,6.6048,0
528,Cc1cccn2c1nc1c3ccccc3c(=O)[nH]c12,CHEMBL3105,5.48,527,10,False,6.294706003739142,0
2070,NC(=O)c1cc(Cl)c2ccc(-c3ccc(CN4CCN(c5ccc(C(F)(F)F)cc5)CC4)cc3)nn12,CHEMBL3105,5.48,2067,10,False,6.367252839004313,0
1094,COc1ccc(/C=C2\Oc3c(C(N)=O)cccc3C2=O)cc1,CHEMBL3105,5.48,1094,14,False,6.332727341356358,0
3129,Cn1cc(C(=O)C2CCN(C(=O)CC(C)(C)Cc3cc4ccccc4c(=O)[nH]3)CC2)cn1,CHEMBL3105,5.47,singleton,1,True,6.784865039744635,0
435,Cc1cnc2c(C(N)=O)cccc2c1,CHEMBL3105,5.47,435,7,False,7.069183811055083,0
1162,COc1ccc(-c2cc3c(c(=O)[nH]2)CCCN3C)cc1,CHEMBL3105,5.47,1165,5,False,6.350714204600272,0
2780,O=C(CCc1nc(=O)c2ccccc2[nH]1)N1CCC(c2nnc(-c3ccccc3)o2)CC1,CHEMBL3105,5.46,2728,38,False,6.639154818105785,0
3123,Cc1cc(C(=O)C2CCN(C(=O)CC(C)(C)Cc3nc(=O)c4cccc(C)c4[nH]3)CC2)ccc1C(=O)O,CHEMBL3105,5.46,3121,11,False,6.581951497003208,0
877,O=C1CC2c3c(cccc31)CCN2C(=O)c1cc(Cc2n[nH]c(=O)c3ccccc23)ccc1F,CHEMBL3105,5.46,879,11,False,20.828574266239475,1
2773,O=C(CCc1nc(=O)c2c([nH]1)NCCC2)N[C@H]1CC[C@H](c2nnc(-c3ccccc3)o2)CC1,CHEMBL3105,5.46,singleton,1,True,6.151304571002109,0
2820,COc1ccnc(CN2CCN(c3nc(=O)c4c([nH]3)N(C)CCC4)CC2)n1,CHEMBL3105,5.46,2831,29,False,6.1757141016636625,0
2866,CCNc1cnc(N2CCN(c3nc4c(C(N)=O)cccc4[nH]3)CC2)nc1,CHEMBL3105,5.45,2864,13,False,8.015384909387182,0
1356,O=c1[nH]c2cc(OCCN3CCCCC3)ccc2c2c1CCCN2,CHEMBL3105,5.45,1341,13,False,6.168749871309848,0
2842,CN1CCCc2c1[nH]c(N1CCN(Cc3ncc(F)cc3F)CC1)nc2=O,CHEMBL3105,5.45,2831,29,False,6.708333399974637,0
2803,O=C(CCSc1nc(=O)c2cc(F)ccc2[nH]1)N[C@H]1CC[C@H](c2nnc(-c3ccccc3)o2)CC1,CHEMBL3105,5.45,2803,2,False,6.288461793834449,0
2072,COC1CCN(C(=O)c2ccc(-c3ccc4c(Cl)cc(C(N)=O)n4n3)cc2)CC1,CHEMBL3105,5.45,2076,6,False,9.074998737871825,0
1085,C[C@H]1Cc2cc(F)cc(C(N)=O)c2O1,CHEMBL3105,5.44,1085,6,False,6.190475944488777,0
1093,COc1cc(C=C2Oc3c(C(N)=O)cccc3C2=O)ccc1O,CHEMBL3105,5.44,1094,14,False,6.298591274336403,0
2417,O=c1[nH]c2c(c(=O)[nH]1)C(c1cccs1)c1[nH]c(=S)n(-c3ccccc3)c(=O)c1O2,CHEMBL3105,5.44,2416,3,False,6.003838329617678,0
2414,Nc1nn(-c2cc([N+](=O)[O-])ccc2[N+](=O)[O-])c2c1Oc1[nH]c(=O)[nH]c(=O)c1C2c1cccs1,CHEMBL3105,5.44,singleton,1,True,6.035157985614344,0
1166,CN1CCN(c2nc(=O)c3c([nH]2)CCCC3)CC1,CHEMBL3105,5.44,singleton,1,True,6.074929516265799,0
1129,NC(=O)c1cccc(NC(=O)/C=C/C(=O)O)c1,CHEMBL3105,5.44,1142,14,False,6.524999902769924,0
1960,CN1CCC(c2ccc(-c3nc(=O)c4cc(F)cc(F)c4[nH]3)cc2)CC1,CHEMBL3105,5.43,1961,4,False,6.4181158533218525,0
433,CCc1cnc2c(C(N)=O)cccc2c1,CHEMBL3105,5.43,435,7,False,7.241538594347489,0
1139,NC(=O)c1cccc(NC(=O)CCCC(=O)O)c1,CHEMBL3105,5.43,1145,5,False,6.62466692990728,0
2385,Cc1cc2c(=O)[nH]c(-c3ccc(C(C)(C)O)cc3)cn2n1,CHEMBL3105,5.43,2303,16,False,6.102105186586566,0
1338,CN1CCCc2c1c1cc(OC3CCNCC3)ccc1[nH]c2=O,CHEMBL3105,5.42,singleton,1,True,6.127407290175674,0
2706,O=C(CCCc1nc(=O)c2ccccc2[nH]1)N1CCC(c2nnc(-c3cccc(F)c3)o2)CC1,CHEMBL3105,5.42,2706,16,False,6.696585132206295,0
2717,O=C(CCCc1nc(=O)c2ccccc2[nH]1)N1CCC(c2nnc(COc3ccc(Cl)cc3)o2)CC1,CHEMBL3105,5.42,2706,16,False,6.441600184295659,0
3110,Cn1cc(C(=O)C2CCN(C(=O)COCc3nc(=O)c4ccccc4[nH]3)CC2)cn1,CHEMBL3105,5.42,3095,17,False,6.616708581194334,0
2744,O=C(CCCc1nc(=O)c2ccccc2[nH]1)N1CCC(n2c(=O)[nH]c3cc(C(F)(F)F)ccc32)CC1,CHEMBL3105,5.42,2735,23,False,6.537143005578699,0
1026,COc1ccc(-c2ccc3ccn(C(N)=O)c3n2)cc1,CHEMBL3105,5.42,1040,9,False,6.264000149345402,0
2792,O=C(CCc1nc(=O)c2ccccc2[nH]1)N[C@H]1CC[C@H](c2nnc(-c3ccccc3Cl)o2)CC1,CHEMBL3105,5.41,2728,38,False,6.230444460949485,0
1824,O=C(c1cc(Cc2n[nH]c(=O)c3ccccc23)ccc1F)N1CCC2(CCNCC2)C1,CHEMBL3105,5.41,401,173,False,15.859997282177677,1
1939,CC(C)(C)c1ccc(-c2nc(=O)c3cc(F)ccc3[nH]2)cc1,CHEMBL3105,5.41,1943,11,False,6.562499902211131,0
2786,O=C(CCSc1nc(=O)c2c([nH]1)CCCC2)N[C@H]1CC[C@H](c2nnc(-c3ccccc3)o2)CC1,CHEMBL3105,5.41,2803,2,False,6.205576944416222,0
782,O=C(Oc1cccc2c(=O)[nH]ccc12)c1ccccc1,CHEMBL3105,5.39,1667,2,False,6.554531085181665,0
536,O=c1[nH]c2c(nc3c4ccccc4ccn32)c2ccccc12,CHEMBL3105,5.39,527,10,False,6.436363729366587,0
2413,Nc1[nH]c(=S)nc2c1Oc1[nH]c(=O)[nH]c(=O)c1C2c1cccs1,CHEMBL3105,5.39,2416,3,False,6.126374899580891,0
2394,CC(C)(O)c1ccc(-c2cn3c(CO)ccc3c(=O)[nH]2)cc1,CHEMBL3105,5.38,2303,16,False,6.070256206155378,0
2587,Cc1ccc(S(=O)(=O)N2C[C@@H]3CCCN4CCC[C@@H]([C@H]34)[C@H]2CCCc2nc3ccc(Br)cc3n2S(=O)(=O)c2ccc(C)cc2)cc1,CHEMBL3105,5.38,2587,3,False,5.877333373369489,0
3106,COc1ccc(C(=O)C2CCN(C(=O)CCC(C)(C)c3nc(=O)c4ccccc4[nH]3)CC2)cc1,CHEMBL3105,5.38,3109,6,False,6.574999902024867,0
1266,CC(C)C1c2n[nH]c(=O)c3cccc(c23)NC1c1ccccc1,CHEMBL3105,5.38,1244,25,False,9.500713517182401,0
530,Cc1ccc2nc3c4ccccc4c(=O)[nH]c3n2c1,CHEMBL3105,5.37,527,10,False,6.427353065120618,0
902,O=c1cc(-c2ccc(O)c(O)c2)oc2cc(O)cc(O)c12,CHEMBL3105,5.37,2139,11,False,6.165000367462658,0
1942,CC(C)(O)c1ccc(-c2nc(=O)c3c(Cl)cccc3[nH]2)cc1,CHEMBL3105,5.37,1942,2,False,7.114137784815291,0
1829,CC(C)(C)OC(=O)N1CCC2(CCN(C(=O)c3cc(Cc4n[nH]c(=O)c5ccccc45)ccc3F)C2)C1,CHEMBL3105,5.36,401,173,False,10.194544902143427,0
1130,NC(=O)c1cccc(NC(=O)/C=C\C(=O)O)c1,CHEMBL3105,5.36,1142,14,False,6.624999901279808,0
1144,COC(=O)/C=C\C(=O)Nc1cccc(C(N)=O)c1,CHEMBL3105,5.36,1142,14,False,6.561904910902861,0
2718,O=C(CCCc1nc(=O)c2ccccc2[nH]1)N1CCC(c2nnc(-c3ccccc3F)o2)CC1,CHEMBL3105,5.35,2706,16,False,6.839873371276025,0
1536,O=C(CN1CCC(C(=O)c2ccc(OCC3CC3)cc2)CC1)NCc1nc(=O)c2c([nH]1)CCOC2,CHEMBL3105,5.35,950,23,False,6.338586948308495,0
2788,COc1ccc(-c2nnc([C@H]3CC[C@H](NC(=O)CCSc4nc(=O)c5ccccc5[nH]4)CC3)o2)cc1,CHEMBL3105,5.35,2728,38,False,6.397209337795665,0
2813,CN1CCCc2c1[nH]c(N1CCN(Cc3ncccn3)CC1)nc2=O,CHEMBL3105,5.35,2831,29,False,6.405920977271846,0
775,O=C(Nc1cccc2c(=O)[nH]ccc12)c1ccccc1I,CHEMBL3105,5.35,767,11,False,6.957930948677586,0
443,COc1cc(/C=C/C(=O)Nc2nc(-c3ccccc3)cs2)cc(OC)c1,CHEMBL3105,5.34,444,2,False,6.206666605008974,0
2752,O=C(CCCc1nc(=O)c2ccccc2[nH]1)N1CCC(N2C(=O)C(F)(F)c3ccccc32)CC1,CHEMBL3105,5.34,2735,23,False,6.803077234996155,0
2002,COc1cc(O)c(Cl)c(C)c1-c1cc(O)c(Br)c2cc3c(c(O)c12)C(=O)c1c(O)cc(O)cc1C3(C)C,CHEMBL3105,5.34,2001,9,False,5.729655160637446,0
2336,COc1cc(OC)c2c(=O)[nH]c(-c3ccc(OCCOc4ccccc4C(N)=O)cc3)nc2c1,CHEMBL3105,5.34,2381,2,False,14.76923076923077,0
2838,CN1CCCc2c1[nH]c(N1CCN(Cc3nccc(Cl)n3)CC1)nc2=O,CHEMBL3105,5.33,2831,29,False,6.420651891047326,0
1087,CC1Cc2c(N)ccc(C(N)=O)c2O1,CHEMBL3105,5.33,singleton,1,True,6.460500282388939,0
1005,NC(=O)c1ccc(NC(=O)CCCc2nc(=O)c3ccccc3[nH]2)cc1,CHEMBL3105,5.33,singleton,1,True,7.614285843956229,0
1091,NC(=O)c1cccc2c1O/C(=C\c1cccc(Oc3ccccc3)c1)C2=O,CHEMBL3105,5.33,1094,14,False,6.481323535092898,0
2797,O=C(CCc1nc(=O)c2ccccc2[nH]1)N[C@H]1CC[C@H](c2nnc(-c3ncccn3)o2)CC1,CHEMBL3105,5.33,2728,38,False,6.438375081548376,0
1740,O=C1NC(=O)/C(=C/c2cn(Cc3cccc(Cl)c3)c3ccccc23)S1,CHEMBL3105,5.32,1741,9,False,6.468090164874222,0
872,O=C(N[C@@H]1C[C@H](O)c2ccccc21)c1cc(Cc2n[nH]c(=O)c3ccccc23)ccc1F,CHEMBL3105,5.32,2256,6,False,9.271914705481128,0
1163,CN1CCCc2c1cc(-c1ccc(C(F)(F)F)cc1)[nH]c2=O,CHEMBL3105,5.32,1165,5,False,6.627536140282448,0
2000,COc1cc(O)c(Cl)c(C)c1-c1cc(O)c(Cl)c2cc3c(c(O)c12)C(=O)c1c(O)cc(O)cc1C3(C)C,CHEMBL3105,5.32,2001,9,False,5.764285689744413,0
1535,CCCOc1ccc(C(=O)C2CCN(CC(=O)NCc3nc(=O)c4c([nH]3)CCOC4)CC2)cc1,CHEMBL3105,5.32,950,23,False,6.295744537136145,0
2726,O=C(CCCc1nc(=O)c2ccccc2[nH]1)N1CCC(n2c(=O)[nH]c3cccnc32)CC1,CHEMBL3105,5.31,2735,23,False,6.587777821406906,0
2719,O=C(CCCc1nc(=O)c2ccccc2[nH]1)N1CCC(c2nnc(-c3ccncc3)o2)CC1,CHEMBL3105,5.31,2728,38,False,6.7326314099805895,0
1998,COc1cc(O)c(Cl)c(C)c1-c1cc(O)cc2cc3c(c(O)c12)C(=O)c1c(O)cc(O)cc1C3(C)C,CHEMBL3105,5.31,2001,9,False,5.774999975413084,0
1738,O=C1NC(=O)/C(=C/c2cn(Cc3ccc(F)cc3)c3ccccc23)S1,CHEMBL3105,5.3,1741,9,False,6.6214284492694615,0
1967,O=C(c1cc(Cc2n[nH]c(=O)c3ccccc23)ccc1F)N1CCn2cnnc2C1,CHEMBL3105,5.3,401,173,False,13.114286495958101,0
238,Cc1cc2c(c3c1[nH]c1ccccc13)C(=O)NC2=O,CHEMBL3105,5.3,singleton,1,True,6.225882326746482,0
2790,O=C(CCc1nc(=O)c2ccccc2[nH]1)N[C@H]1CC[C@H](c2nnc(-c3ccccc3F)o2)CC1,CHEMBL3105,5.29,2728,38,False,6.633690353805146,0
940,Nc1cccc2c(=O)[nH]c(Cc3ccccc3)cc12,CHEMBL3105,5.29,939,5,False,6.829016520225917,0
2716,O=C(CCCc1nc(=O)c2ccccc2[nH]1)N1CCC(c2nnc(-c3ccccc3Cl)o2)CC1,CHEMBL3105,5.29,2706,16,False,6.6367090810818015,0
3117,CN(CCc1nc(=O)c2ccccc2[nH]1)C(=O)N1CCC(C(=O)c2cnn(C)c2)CC1,CHEMBL3105,5.28,3095,17,False,6.699999900162222,0
1191,COCCCN1Cc2cccc(C(N)=O)c2C1=O,CHEMBL3105,5.28,1193,5,False,6.721269758602451,0
833,Cc1nc(=O)c2c(C)cccc2[nH]1,CHEMBL3105,5.28,833,3,False,6.488421195114753,0
2826,CN1CCCc2c1[nH]c(N1CCN(Cc3ccccn3)CC1)nc2=O,CHEMBL3105,5.27,2831,29,False,6.644605299636123,0
2707,O=C(CCCc1nc(=O)c2ccccc2[nH]1)N1CCC(c2nnc(-c3ccc(F)cc3)o2)CC1,CHEMBL3105,5.27,2728,38,False,6.8736000000000015,0
1207,NC(=O)c1cccc2c1C(=O)N(C1CCN(Cc3ccncc3)CC1)C2,CHEMBL3105,5.27,1202,13,False,7.745834372130674,0
2802,O=C(CCc1nc(=O)c2ccccc2[nH]1)N[C@H]1CC[C@H](c2nnc(-c3cnccn3)o2)CC1,CHEMBL3105,5.26,2728,38,False,6.375913708793024,0
3187,O=C(C1CCCC1)N1CCP(=O)(c2cc(Cc3n[nH]c(=O)c4ccccc34)ccc2F)CC1,CHEMBL3105,5.26,421,39,False,12.13052623968045,0
3191,N#Cc1ccc(N2CCP(=O)(c3cc(Cc4n[nH]c(=O)c5ccccc45)ccc3F)CC2)cc1,CHEMBL3105,5.26,3197,10,False,9.912888652547204,0
2483,Cn1c([N+](=O)[O-])cnc1COc1ccc2c(Cc3ccc(F)c(C(=O)N4CCN(C(=O)C5CC5)CC4)c3)n[nH]c(=O)c2c1,CHEMBL3105,5.26,2480,5,False,37.69997303487799,0
2799,O=C(CCc1nc(=O)c2ccccc2[nH]1)N[C@H]1CC[C@H](c2nnc(C3CCCCC3)o2)CC1,CHEMBL3105,5.26,2728,38,False,6.497922193610987,0
2821,Cc1ccnc(CN2CCN(c3nc(=O)c4c([nH]3)N(C)CCC4)CC2)n1,CHEMBL3105,5.25,2831,29,False,6.528022243123381,0
956,O=c1[nH]c(-c2ccc(C(F)(F)F)cc2)nc2c1CCSC2,CHEMBL3105,5.25,956,4,False,6.603382358729298,0
1522,CC(C)Oc1ccc(C(=O)C2CCN(CC(=O)NCc3nc(=O)c4c([nH]3)CCOC4)CC2)cc1,CHEMBL3105,5.25,950,23,False,6.377659428883271,0
89,Cc1nc(=O)c2ccccc2[nH]1,CHEMBL3105,5.25,1301,6,False,6.510339075129666,0
1136,NC(=O)c1cccc(NC(=O)C2CC2C(=O)O)c1,CHEMBL3105,5.25,singleton,1,True,6.698095390185752,0
827,O=c1[nH]cnc2c(Cl)cccc12,CHEMBL3105,5.25,829,5,False,6.372307575440267,0
2764,O=C(CCCc1nc(=O)c2ccccc2[nH]1)N1CCC(c2noc3ccc(F)cc23)CC1,CHEMBL3105,5.25,2706,16,False,6.862963114468324,0
943,Nc1cccc2c(=O)[nH]c(-c3cccs3)cc12,CHEMBL3105,5.25,947,6,False,6.4919119467991075,0
2795,O=C(CCc1nc(=O)c2ccccc2[nH]1)N[C@H]1CC[C@H](c2nnc(-c3ccccn3)o2)CC1,CHEMBL3105,5.25,2728,38,False,6.418888905893136,0
535,O=c1[nH]c2c(nc3ncccn32)c2ccccc12,CHEMBL3105,5.24,527,10,False,6.6008956515786394,0
1955,COCCOC(C)(C)c1ccc(-c2nc(=O)c3cc(F)ccc3[nH]2)cc1,CHEMBL3105,5.24,1943,11,False,6.813714146470053,0
432,C=Cc1cnc2c(C(N)=O)cccc2c1,CHEMBL3105,5.24,435,7,False,7.327036648836667,0
1538,O=C(CN1CCC(C(=O)c2ccc(OC3CCOCC3)cc2)CC1)NCc1nc(=O)c2c([nH]1)CCOC2,CHEMBL3105,5.24,950,23,False,6.467441829088059,0
2748,O=C(CCCc1nc(=O)c2ccccc2[nH]1)N[C@H]1CC[C@H](Oc2ccccn2)CC1,CHEMBL3105,5.24,2762,13,False,6.490617360369569,0
1994,COc1cc(O)c(Cl)c(C)c1-c1cc(O)c(Cl)c2cc3c(c(O)c12)C(=O)c1c(O)c(Cl)c(O)c(Cl)c1C3(C)C,CHEMBL3105,5.23,2001,9,False,5.857256479600846,0
2818,CC(c1ncccn1)N1CCN(c2nc(=O)c3c([nH]2)N(C)CCC3)CC1,CHEMBL3105,5.23,2831,29,False,6.347901113117602,0
1167,O=c1[nH]c(N2CCN(Cc3ccncc3)CC2)nc2c1CCCC2,CHEMBL3105,5.23,singleton,1,True,6.939552127681615,0
2841,Cc1nccnc1CN1CCN(c2nc(=O)c3c([nH]2)N(C)CCC3)CC1,CHEMBL3105,5.23,2831,29,False,6.576292416702973,0
533,O=c1[nH]c2c(nc3cc(Cl)ccn32)c2ccccc12,CHEMBL3105,5.23,527,10,False,6.694626901405747,0
1189,COc1cc(-c2ccc(-c3nc4c(C(N)=O)cc(F)cc4[nH]3)cc2)ccc1NC(=O)C1CC1,CHEMBL3105,5.22,1189,4,False,8.066207327598931,0
2749,N#Cc1ccccc1O[C@H]1CC[C@H](NC(=O)CCCc2nc(=O)c3ccccc3[nH]2)CC1,CHEMBL3105,5.22,2762,13,False,7.109189372428413,0
2828,COc1ccccc1CN1CCN(c2nc(=O)c3c([nH]2)N(C)CCC3)CC1,CHEMBL3105,5.22,2831,29,False,6.674359142668623,0
1204,NC(=O)c1cccc2c1C(=O)N(C1CCN(Cc3ccc(Br)cc3)CC1)C2,CHEMBL3105,5.22,1202,13,False,9.395999551963829,0
224,CN1CCC2N=C(CCCN3CC=C(c4ccccc4)CC3)NC(=O)C2C1,CHEMBL3105,5.21,225,2,False,6.301022880915093,0
1092,NC(=O)c1cccc2c1O/C(=C\c1ccc(Cl)cc1)C2=O,CHEMBL3105,5.21,1094,14,False,8.018182296102726,0
99,O=c1[nH]c2c([N+](=O)[O-])cccc2c2ccccc12,CHEMBL3105,5.21,singleton,1,True,6.503538431719915,0
3089,CCCC1C=c2[nH][nH]c(=O)c3cccc4[nH]c(c2c43)C1,CHEMBL3105,5.2,singleton,1,True,9.343999999999998,0
1080,C[C@@H]1Cc2cccc(C(N)=O)c2O1,CHEMBL3105,5.2,1085,6,False,7.253333333333334,0
967,C[C@H](NC(=O)CCc1nc(=O)c2ccccc2[nH]1)c1ccccc1,CHEMBL3105,5.2,968,13,False,7.012500417977594,0
2712,O=C(CCCc1nc(=O)c2ccccc2[nH]1)N1CCC(c2nnc(-c3ccccn3)o2)CC1,CHEMBL3105,5.2,2706,16,False,6.748354654408411,0
975,O=C(CCc1nc(=O)c2ccccc2[nH]1)N[C@H](CO)Cc1ccccc1,CHEMBL3105,5.19,968,13,False,6.779718264326456,0
2737,O=C(CCCc1nc(=O)c2ccccc2[nH]1)N1CCC(n2c(O)cc3ccccc32)CC1,CHEMBL3105,5.19,2735,23,False,6.9411689386301045,0
1304,O=c1[nH]c(-c2ccc(O)cc2)nc2ccccc12,CHEMBL3105,5.19,1315,8,False,7.005438581840116,0
1669,Cc1cccc2c(=O)[nH]c(CCC(=O)Nc3ccc(C(=O)Nc4cccc5cccnc45)cc3)nc12,CHEMBL3105,5.19,1670,2,False,7.657999817419056,0
1067,CN(C)C1CCN(C(=O)c2cc3c(n2C)-c2ccccc2C(=O)NC3)CC1,CHEMBL3105,5.19,1069,3,False,6.7589334622497566,0
1529,O=C(CN1CCC2(CC1)Cc1cc(F)ccc1C2=O)NCc1nc(=O)c2c([nH]1)CCOC2,CHEMBL3105,5.19,950,23,False,6.59989037791006,0
1530,CCOc1ccc(C(=O)C2CCN(CC(=O)NCc3nc(=O)c4c([nH]3)CCOC4)CC2)cc1,CHEMBL3105,5.19,950,23,False,6.457956716075286,0
2840,CN1CCCc2c1[nH]c(N1CCN(Cc3nccnc3Cl)CC1)nc2=O,CHEMBL3105,5.19,2831,29,False,6.5431249512499186,0
1206,CN(C)c1ccc(CN2CCC(N3Cc4cccc(C(N)=O)c4C3=O)CC2)cc1,CHEMBL3105,5.18,1202,13,False,9.06181700336062,0
1672,O=C(O)CCc1nc(=O)c2ccccc2[nH]1,CHEMBL3105,5.18,968,13,False,6.827541170404732,0
778,O=C(O)C=Cc1cccc2c(=O)[nH]ccc12,CHEMBL3105,5.18,singleton,1,True,6.727499912283384,0
1993,COc1cc(O)c(Cl)c(C)c1-c1cc(O)c(Cl)c2cc3c(c(O)c12)C(=O)c1c(cc(O)c(Cl)c1O)C3(C)C,CHEMBL3105,5.18,2001,9,False,5.926737005720908,0
1671,Cc1cccc2c(=O)[nH]c(CCC(=O)O)nc12,CHEMBL3105,5.18,singleton,1,True,6.640000068830408,0
1088,NC(=O)c1nn(CCCN2C(=O)C(=O)c3ccccc32)c2ccccc12,CHEMBL3105,5.17,singleton,1,True,6.8540844610101095,0
1539,COCCOc1ccc(C(=O)C2CCN(CC(=O)NCc3nc(=O)c4c([nH]3)CCOC4)CC2)cc1,CHEMBL3105,5.17,950,23,False,6.461368672399054,0
79,O=c1[nH]ccc2ccccc12,CHEMBL3105,5.16,singleton,1,True,6.706315936741738,0
354,Cc1nn(C)c2[nH]c3c(c(=O)c12)CCC3,CHEMBL3105,5.16,363,6,False,8.750000521540674,0
2822,CN1CCCc2c1[nH]c(N1CCN(Cc3ncc(C(F)(F)F)cn3)CC1)nc2=O,CHEMBL3105,5.16,2831,29,False,6.553414705600113,0
2713,O=C(CCCc1nc(=O)c2ccccc2[nH]1)N1CCC(c2nnc(-c3cccnc3)o2)CC1,CHEMBL3105,5.15,2706,16,False,6.879873127037291,0
814,O=c1[nH]cnc2cccc(F)c12,CHEMBL3105,5.15,815,2,False,6.6071425945985975,0
3103,Cn1cc(C(=O)C2CCN(C(=O)CC3(Cc4nc(=O)c5ccccc5[nH]4)CC3)CC2)cn1,CHEMBL3105,5.15,3095,17,False,6.844675494223149,0
1134,COC(CC(=O)O)C(=O)Nc1cccc(C(N)=O)c1,CHEMBL3105,5.14,singleton,1,True,6.878769243384819,0
3120,COC(=O)c1cccc(C(=O)C2CCN(C(=O)CC(C)(C)Cc3nc(=O)c4cccc(C)c4[nH]3)CC2)c1,CHEMBL3105,5.14,3121,11,False,6.868235197793242,0
2824,Cc1cnc(CN2CCN(c3nc(=O)c4c([nH]3)N(C)CCC4)CC2)nc1,CHEMBL3105,5.14,2831,29,False,6.610222226599999,0
3092,CC(N1C=c2[nH]c3cccc4c(=O)[nH][nH]c(c2c34)C1)C(C)(C)N,CHEMBL3105,5.14,1608,10,False,12.541666168305632,0
2736,O=C(CCCc1nc(=O)c2ccccc2[nH]1)N1CCC(c2nnc(-c3ccccc3)o2)CC1,CHEMBL3105,5.13,2728,38,False,7.019589339134339,0
2766,O=C(CCCc1nc(=O)c2ccccc2[nH]1)N1CCC(c2c(O)[nH]c3cc(Cl)ccc23)CC1,CHEMBL3105,5.13,singleton,1,True,6.945308647086081,0
2801,CC(C)(c1ccccc1)c1nnc([C@H]2CC[C@H](NC(=O)CCc3nc(=O)c4ccccc4[nH]3)CC2)o1,CHEMBL3105,5.13,2728,38,False,6.5721685567072985,0
2738,O=C(CCCc1nc(=O)c2ccccc2[nH]1)N1CCC(n2c(=O)oc3ccccc32)CC1,CHEMBL3105,5.12,2735,23,False,6.9372971576029965,0
2754,O=C(CCCc1nc(=O)c2ccccc2[nH]1)N[C@H]1CC[C@H](OCc2ccccc2)C1,CHEMBL3105,5.12,2762,13,False,6.835064972101446,0
2817,CC(c1ncc(F)cn1)N1CCN(c2nc(=O)c3c([nH]2)N(C)CCC3)CC1,CHEMBL3105,5.12,singleton,1,True,6.532682774876785,0
824,O=c1[nH]cnc2cc(C(F)(F)F)ccc12,CHEMBL3105,5.12,singleton,1,True,6.4826470360943595,0
900,O=c1cc(-c2ccc(O)c(O)c2)oc2cc(O)ccc12,CHEMBL3105,5.12,900,2,False,6.453976051927498,0
1543,COc1ccc(C(=O)C2CCN(CC(=O)NCc3cc4c(c(=O)[nH]3)COCC4)CC2)cc1,CHEMBL3105,5.12,singleton,1,True,6.657954468791304,0
1528,O=C(CN1CCC(c2noc3cc(F)ccc23)CC1)NCc1nc(=O)c2c([nH]1)CCOC2,CHEMBL3105,5.12,950,23,False,6.771235828081808,0
127,O=C1NC2CCCCC2c2ccccc21,CHEMBL3105,5.12,singleton,1,True,6.287324028113512,0
2785,O=C(CCCSc1nc(=O)c2ccccc2[nH]1)N1CCC(c2nnc(-c3ccccc3)o2)CC1,CHEMBL3105,5.12,2706,16,False,7.466666666666669,0
773,O=C(Nc1cccc2c(=O)[nH]ccc12)c1ccc(I)cc1,CHEMBL3105,5.12,767,11,False,7.419642825553916,0
3108,CC(C)n1cc(C(=O)C2CCN(C(=O)CC(C)(C)Cc3nc(=O)c4ccn(C)c4[nH]3)CC2)cn1,CHEMBL3105,5.11,3108,3,False,6.622934774027006,0
1739,O=C1NC(=O)/C(=C/c2cn(Cc3ccc(Cl)cc3Cl)c3ccccc23)S1,CHEMBL3105,5.11,1741,9,False,6.622934774027006,0
2836,CN1CCCc2c1[nH]c(N1CCN(Cc3ncc(F)cn3)CC1)nc2=O,CHEMBL3105,5.11,2831,29,False,6.751558561763086,0
2304,COc1cc2ncnc(N3CCC(CN4Cc5ccccc5NC4=O)CC3)c2cc1OC,CHEMBL3105,5.1,singleton,1,True,6.760975570440434,0
1974,S=c1[nH]nc(CSc2nnc(-c3cc4ccccc4[nH]3)n2-c2ccccc2)n1-c1ccccc1,CHEMBL3105,5.09,1974,4,False,6.567804725279348,0
1070,Cn1c(C(=O)NCCN2CCCC2)cc2c1-c1ccccc1C(=O)NC2,CHEMBL3105,5.09,singleton,1,True,6.675189722326969,0
81,O=c1[nH]c(=O)c2ccccc2[nH]1,CHEMBL3105,5.09,66,6,False,6.79105278070779,0
2776,O=C(CCSCc1nc(=O)c2ccccc2[nH]1)N1CCC(c2nnc(-c3ccc(F)cc3)o2)CC1,CHEMBL3105,5.08,2706,16,False,7.056923400481087,0
2800,O=C(CCc1nc(=O)c2ccccc2[nH]1)N[C@H]1CC[C@H](c2nnc(Cc3ccccc3)o2)CC1,CHEMBL3105,5.08,2728,38,False,6.790833603176815,0
1670,O=C(CCc1nc(=O)c2ccccc2[nH]1)Nc1ccc(C(=O)Nc2cccc3cccnc23)cc1,CHEMBL3105,5.08,1670,2,False,8.41894789664042,0
2827,CN1CCCc2c1[nH]c(N1CCN(Cc3ncccc3F)CC1)nc2=O,CHEMBL3105,5.08,2831,29,False,7.1597263313856585,0
345,O=c1[nH]c([C@H]2CC[C@H](N3CC=C(c4ccccc4)CC3)CC2)nc2ccccc12,CHEMBL3105,5.08,350,11,False,6.977390924626823,0
1534,Cc1ccc(C(=O)C2CCN(CC(=O)NCc3nc(=O)c4c([nH]3)CCOC4)CC2)cc1,CHEMBL3105,5.08,950,23,False,6.658271683331145,0
888,O=C(CCN1CCc2cccc3c2C1CNC3=O)NCC(=O)N1CCN(c2ccccn2)CC1,CHEMBL3105,5.07,891,6,False,7.403022681156881,0
222,O=C1N=C(CCCN2CC=C(c3ccccc3)CC2)NC2CCNCC12,CHEMBL3105,5.07,223,6,False,11.936152915795951,0
2714,O=C(CCCc1nc(=O)c2ccccc2[nH]1)N1CCC(c2nnc(-c3cnccn3)o2)CC1,CHEMBL3105,5.07,2706,16,False,6.860609786018845,0
82,O=C1NC(CCCl)Oc2ccccc21,CHEMBL3105,5.07,singleton,1,True,6.434285714285713,0
779,O=C(O)CCc1cccc2c(=O)[nH]ccc12,CHEMBL3105,5.07,singleton,1,True,6.992096861579013,0
1079,C[C@H]1Cc2cccc(C(N)=O)c2O1,CHEMBL3105,5.07,1085,6,False,7.426666666666667,0
891,COc1ccc(N2CCN(C(=O)CNC(=O)CCN3CCc4cccc5c4C3CNC5=O)CC2)cc1,CHEMBL3105,5.06,891,6,False,12.410000739693686,0
895,O=C1NCC2c3c(cccc31)CCN2CC(=O)N1C[C@H]2CNC[C@H]2C1,CHEMBL3105,5.06,895,3,False,9.357499930281193,0
2829,CN1CCCc2c1[nH]c(N1CCN(Cc3ccccc3F)CC1)nc2=O,CHEMBL3105,5.06,2831,29,False,7.251428447937481,0
1999,COc1cc(O)c(Cl)c(C)c1-c1cc(O)cc2cc3c(c(O)c12)C(=O)c1c(cc(O)c(Cl)c1O)C3(C)C,CHEMBL3105,5.05,2001,9,False,6.0577320778784225,0
889,O=C(CCN1CCc2cccc3c2C1CNC3=O)NCC(=O)N1CCN(c2ccccc2F)CC1,CHEMBL3105,5.05,891,6,False,7.584931482076868,0
1132,C/C(=C/C(=O)O)C(=O)Nc1cccc(C(N)=O)c1,CHEMBL3105,5.05,1133,2,False,6.945714443427369,0
916,CCCCc1nc(=O)c2ccccc2[nH]1,CHEMBL3105,5.05,singleton,1,True,6.749531256285991,0
3107,COc1ccc(C(=O)C2CCN(C(=O)CC(C)(C)Cc3nc(=O)c4ccn(C)c4[nH]3)CC2)cn1,CHEMBL3105,5.05,3108,3,False,6.694021730456634,0
890,COc1ccc(N2CCN(C(=O)CNC(=O)CCCN3CCc4cccc5c4C3CNC5=O)CC2)cc1,CHEMBL3105,5.05,891,6,False,10.290000613331829,0
1521,O=C(CN1CCC(C(=O)c2ccc(Cl)cc2)CC1)NCc1nc(=O)c2c([nH]1)CCOC2,CHEMBL3105,5.04,950,23,False,6.692682780884764,0
3133,CC(C)(CC(=O)N1CCC(C(=O)c2cccc(C(=O)O)c2)CC1)Cc1cc2ccccc2c(=O)[nH]1,CHEMBL3105,5.04,3121,11,False,7.266216356681159,0
817,O=c1[nH]cnc2ccc(F)cc12,CHEMBL3105,5.04,820,4,False,6.738094970347399,0
965,C[C@H](NC(=O)CCc1nc(=O)c2ccccc2[nH]1)c1ccccn1,CHEMBL3105,5.04,968,13,False,6.8351350470473955,0
73,NC(=O)c1cccc(O)c1,CHEMBL3105,5.04,78,2,False,6.9176469618061445,0
893,O=C1NCC2c3c(cccc31)CCN2CC(=O)N1CC2CCCNC2C1,CHEMBL3105,5.03,895,3,False,7.992564273577318,0
1082,NC(=O)c1cccc2c1OCC2,CHEMBL3105,5.03,singleton,1,True,7.441836589855339,0
441,COc1cc(/C=C/C(=O)Nc2nc3c(s2)CCCC3)cc(OC)c1,CHEMBL3105,5.03,singleton,1,True,6.308313370796677,0
894,O=C1NCC2c3c(cccc31)CCN2CC(=O)N1CCC2CNCC21,CHEMBL3105,5.03,895,3,False,9.228710245237675,0
1515,COc1ccc(C(=O)C2CCN(C3CCN(Cc4nc(=O)c5c([nH]4)CCOC5)C3=O)CC2)cc1,CHEMBL3105,5.03,1519,5,False,6.6669228061809545,0
1135,CC(C)(CC(=O)Nc1cccc(C(N)=O)c1)C(=O)O,CHEMBL3105,5.03,1145,5,False,7.225166846105626,0
901,O=c1cc(-c2cccc(O)c2)oc2cc(O)ccc12,CHEMBL3105,5.02,900,2,False,6.673999860769513,0
77,O=c1[nH]cnc2ccccc12,CHEMBL3105,5.02,singleton,1,True,6.835254333962384,0
962,N#Cc1c(-c2ccccc2)cn2c1[nH]c(=O)c1ccccc12,CHEMBL3105,5.02,singleton,1,True,7.056969633238156,0
366,Cc1nn(-c2ccccc2)c2[nH]c(=O)c3c(c12)CCCC3,CHEMBL3105,5.01,363,6,False,9.232352714586018,0
1140,CNC(=O)/C=C\C(=O)Nc1cccc(C(N)=O)c1,CHEMBL3105,5.01,1142,14,False,7.039344454888091,0
243,O=C1NC(=O)c2c1ccc1[nH]c3ccccc3c21,CHEMBL3105,5.0,singleton,1,True,6.514285714285713,0
1531,COc1ccc(C(=O)C2CCN(CC(=O)NCc3nc(=O)c4c([nH]3)CCOC4)CC2)cc1,CHEMBL3105,5.0,950,23,False,6.702197530023182,0
1069,CN1CCCN(C(=O)c2cc3c(n2C)-c2ccccc2C(=O)NC3)CC1,CHEMBL3105,5.0,1069,3,False,7.1657141392766235,0
1202,Cc1cccc(CN2CCC(N3Cc4cccc(C(N)=O)c4C3=O)CC2)c1,CHEMBL3105,5.0,1202,13,False,10.779999678730974,0
240,Oc1[nH]c(O)c2c1c1c(c3[nH]c4ccccc4c32)=CCCC=1,CHEMBL3105,5.0,233,2,False,14.639998254776211,1
897,O=c1cc(-c2ccc(F)cc2)oc2ccccc12,CHEMBL3105,5.0,904,7,False,6.932432343090774,0
244,O=C1NC(=O)c2c1c1c(c3[nH]c4ccccc4c23)CCO1,CHEMBL3105,5.0,singleton,1,True,6.620869805429753,0
241,O=C1NCc2c3c(c4[nH]c5ccccc5c4c21)CCC3,CHEMBL3105,5.0,singleton,1,True,10.506250391388326,1
277,CN1Cc2c(c3c(c4c2c2ccccc2n4C)CCC3)C1=O,CHEMBL3105,5.0,278,2,False,6.823943581769827,0
2789,O=C(CCSc1nc(=O)c2ccccc2[nH]1)N[C@H]1CC[C@H](c2nnc(-c3ccncc3)o2)CC1,CHEMBL3105,4.99,2728,38,False,7.6999992233057055,0
950,O=C(CN1CCC(C(=O)c2ccc(F)cc2)CC1)NCc1nc(=O)c2c([nH]1)CCOC2,CHEMBL3105,4.98,950,23,False,6.945714197000679,0
1138,CC1=C(C)C(=O)N(c2cccc(C(N)=O)c2)C1=O,CHEMBL3105,4.98,singleton,1,True,6.950877352889486,0
954,O=c1[nH]c(-c2ccc(C(F)(F)F)cc2)nc2c1SCCC2,CHEMBL3105,4.98,956,4,False,6.93294118254758,0
1081,CC1Cc2cccc(C(N)=O)c2O1,CHEMBL3105,4.98,1085,6,False,7.546666666666667,0
770,O=C(Nc1cccc2c(=O)[nH]ccc12)c1ccc(C(F)(F)F)cc1,CHEMBL3105,4.97,767,11,False,7.522373033345212,0
2742,O=C(CCCc1nc(=O)c2ccccc2[nH]1)N1CCC(n2c(=O)sc3ccccc32)CC1,CHEMBL3105,4.97,2735,23,False,6.9878049390008234,0
2798,O=C(CCc1nc(=O)c2ccccc2[nH]1)N[C@H]1CC[C@H](c2nnc(-c3cccnc3)o2)CC1,CHEMBL3105,4.97,2728,38,False,6.817500077400891,0
1168,CC(=O)Nc1ccccc1COc1ccc(-c2ccc(-c3nc4c(C(=O)O)cc(C)cc4[nH]3)cc2)cc1,CHEMBL3105,4.97,1169,2,False,8.39033915257735,0
525,O=C1NCCc2c(OCCCCN3CCCCC3)cccc21,CHEMBL3105,4.97,singleton,1,True,6.600379687076463,0
818,O=c1[nH]cnc2ccc(Cl)cc12,CHEMBL3105,4.96,820,4,False,6.596716318144568,0
3104,Cn1cc(C(=O)C2CCN(C(=O)C(C)(C)CCc3nc(=O)c4ccccc4[nH]3)CC2)cn1,CHEMBL3105,4.96,3095,17,False,7.0999998942017575,0
2416,O=c1[nH]c2c(c(=O)[nH]1)C(c1cccs1)c1[nH]c(=S)[nH]c(=S)c1O2,CHEMBL3105,4.96,2416,3,False,6.4574999518878755,0
953,O=c1[nH]c(-c2ccc(C(F)(F)F)cc2)nc2c1CCCC2,CHEMBL3105,4.95,956,4,False,7.183548276600557,0
1223,CC(C)NCc1ccc(-c2[nH]c3cccc4c3c2C(=O)NNC4=O)cc1,CHEMBL3105,4.95,1222,5,False,8.119999806404117,0
870,CN(C(=O)c1cc(Cc2n[nH]c(=O)c3ccccc23)ccc1F)C1CC(=O)c2ccccc21,CHEMBL3105,4.95,singleton,1,True,9.857142185678331,0
772,O=C(Nc1cccc2c(=O)[nH]ccc12)c1ccc(Cl)cc1,CHEMBL3105,4.95,767,11,False,7.613333333333333,0
2700,NC(=O)c1cccc(NC(=O)CCC(=O)NCCc2cn(CCNS(=O)(=O)c3cccc(C(=O)O)c3)nn2)c1,CHEMBL3105,4.93,singleton,1,True,6.929302364001732,0
86,O=c1[nH]ncc2ccccc12,CHEMBL3105,4.92,singleton,1,True,7.415848789724357,0
1090,NC(=O)c1cccc2c1O/C(=C\c1ccccc1)C2=O,CHEMBL3105,4.92,1094,14,False,11.812500704079909,1
3093,Cn1cc(C(=O)C2CCN(C(=O)CC(C)(C)Cc3nc(=O)c4ccccc4[nH]3)CC2)cn1,CHEMBL3105,4.92,3095,17,False,7.224999892339111,0
532,O=c1[nH]c2c(nc3ccc(Br)cn32)c2ccccc12,CHEMBL3105,4.92,527,10,False,6.970000134408476,0
442,CCOC(=O)CCC(=O)Nc1nc2c(s1)CCCC2,CHEMBL3105,4.91,singleton,1,True,6.4871795664955965,0
3105,Cn1cc(C(=O)C2CCN(C(=O)CCC(C)(C)c3nc(=O)c4ccccc4[nH]3)CC2)cn1,CHEMBL3105,4.89,3095,17,False,7.187499892897907,0
834,Cc1cc(C)c2[nH]c(C)nc(=O)c2c1,CHEMBL3105,4.88,singleton,1,True,6.475774827289387,0
768,Cc1ccc(C(=O)Nc2cccc3c(=O)[nH]ccc23)cc1,CHEMBL3105,4.87,767,11,False,7.72,0
1208,NC(=O)c1cccc2c1C(=O)N(C1CCN(Cc3cccnc3)CC1)C2,CHEMBL3105,4.87,1202,13,False,7.518484767005464,0
1737,Cc1ccc(Cn2cc(/C=C3\SC(=O)NC3=O)c3ccccc32)cc1,CHEMBL3105,4.86,1741,9,False,7.0623256205532465,0
767,O=C(Nc1cccc2c(=O)[nH]ccc12)c1ccccc1,CHEMBL3105,4.86,767,11,False,7.84074032532337,0
2588,O=S(=O)(c1cccc2ccccc12)N1C[C@@H]2CCCN3CCC[C@@H]([C@H]23)[C@H]1CCCc1nc2cc(F)ccc2n1S(=O)(=O)c1cccc2ccccc12,CHEMBL3105,4.86,singleton,1,True,6.874166692274932,0
64,O=c1[nH]c2ccccc2c2cccnc12,CHEMBL3105,4.85,49,4,False,8.098750241361568,0
959,O=c1[nH]cnc2ccsc12,CHEMBL3105,4.85,singleton,1,True,6.57222217385988,0
3102,CC(C)C[C@@H](CC(=O)N1CCC(C(=O)c2cnn(C)c2)CC1)Cc1nc(=O)c2ccccc2[nH]1,CHEMBL3105,4.85,3095,17,False,7.165125138799291,0
109,O=c1[nH]c2ccc(S(=O)(=O)NCC(c3ccccc3)c3ccccc3)cc2c2ccccc12,CHEMBL3105,4.85,singleton,1,True,6.971917865145025,0
2585,O=S(=O)(c1ccc(C(F)(F)F)cc1)N1C[C@@H]2CCCN3CCC[C@@H]([C@H]23)[C@H]1CCCc1nc2cc(Cl)ccc2n1S(=O)(=O)c1ccc(C(F)(F)F)cc1,CHEMBL3105,4.84,2587,3,False,6.523396417159299,0
1532,CC#CCOc1ccc(C(=O)C2CCN(CC(=O)N(Cc3nc(=O)c4c([nH]3)CCOC4)CC3CC3)CC2)cc1,CHEMBL3105,4.83,singleton,1,True,6.858019542957738,0
2415,Nc1ncnc2c1Oc1[nH]c(=O)[nH]c(=O)c1C2c1cccs1,CHEMBL3105,4.83,singleton,1,True,6.739629599873093,0
531,O=c1[nH]c2c(nc3ccc(Cl)cn32)c2ccccc12,CHEMBL3105,4.83,527,10,False,7.078529548266047,0
2426,COc1ccc(OC)c2c1sc1nnc(N)n12,CHEMBL3105,4.82,singleton,1,True,6.485142812966328,0
438,NC(=O)c1cccc2cc(-c3ccccc3)cnc12,CHEMBL3105,4.82,435,7,False,8.13019585038552,0
2832,COc1cccnc1CN1CCN(c2nc(=O)c3c([nH]2)N(C)CCC3)CC1,CHEMBL3105,4.82,2831,29,False,7.114074388171759,0
1997,COc1cc(O)cc(C)c1-c1cc(O)cc2cc3c(c(O)c12)C(=O)c1c(cc(O)c(Cl)c1O)C3(C)C,CHEMBL3105,4.81,2001,9,False,6.315051670567064,0
3091,CC1c2cccc3c(=O)nnc4c(c23)C1CCC4,CHEMBL3105,4.8,singleton,1,True,6.646835242439365,0
3095,C[C@@H](CC(=O)N1CCC(C(=O)c2cnn(C)c2)CC1)Cc1nc(=O)c2ccccc2[nH]1,CHEMBL3105,4.8,3095,17,False,7.299999891221526,0
1179,CC(=O)Nc1ccc(-c2ccc(-c3nc4c(C(N)=O)cccc4[nH]3)cc2)cc1,CHEMBL3105,4.8,1170,19,False,12.69666742344702,0
2419,Nc1cc(-c2ccc([N+](=O)[O-])cc2)nc2c1C(c1cccs1)c1c([nH]c(=O)[nH]c1=O)O2,CHEMBL3105,4.8,singleton,1,True,6.882093147271194,0
1523,COc1ccc(C(=O)C2CCN(CC(=O)N(Cc3nc(=O)c4c([nH]3)CCCC4)CC3CC3)CC2)cc1,CHEMBL3105,4.79,1519,5,False,6.925862325194626,0
1089,NC(=O)c1cccc2c(O)coc12,CHEMBL3105,4.79,singleton,1,True,7.5374999222417305,0
2418,Cc1nc(=O)c2c([nH]1)Oc1[nH]c(=O)[nH]c(=O)c1C2c1cccs1,CHEMBL3105,4.79,singleton,1,True,6.809347958435467,0
1516,O=C(c1ccc(Cl)cc1)C1CCN(C2CCN(Cc3nc(=O)c4c([nH]3)CCOC4)C2=O)CC1,CHEMBL3105,4.78,1519,5,False,7.0034144814258426,0
1541,O=C(CN1CCC(C(=O)c2ccc3c(c2)CCO3)CC1)NCc1nc(=O)c2c([nH]1)CCOC2,CHEMBL3105,4.78,950,23,False,7.018372058973338,0
777,Cc1cc2c(NC(=O)c3ccccc3)cccc2c(=O)[nH]1,CHEMBL3105,4.78,767,11,False,8.018181644392412,0
1175,Cc1cc(C(N)=O)c2[nH]c(-c3ccc(-c4ccc(C(=O)N5CCCC5)nc4)cc3)nc2c1,CHEMBL3105,4.77,singleton,1,True,8.64490893164174,0
76,COc1cccc(C(N)=O)c1,CHEMBL3105,4.77,singleton,1,True,7.150727009247956,0
3118,CC(C)(CC(=O)N1CCC(C(=O)c2ccc(C(=O)O)cc2)CC1)Cc1nc(=O)c2ccccc2[nH]1,CHEMBL3105,4.77,3121,11,False,7.470259855912255,0
1542,COc1ccc(C(=O)C2CCN(CC(=O)NCc3nc(=O)c4c([nH]3)CCOC4)CC2)cc1C,CHEMBL3105,4.77,950,23,False,7.017011725009559,0
1225,NCc1nc(=O)c2c3c(sc2[nH]1)CCC3,CHEMBL3105,4.77,singleton,1,True,6.623116811340787,0
2830,Cc1ccccc1CN1CCN(c2nc(=O)c3c([nH]2)N(C)CCC3)CC1,CHEMBL3105,4.76,2831,29,False,7.354285881276036,0
2275,COc1ccc(C(=O)C(=O)c2c(-c3ccc(OC)cc3)nc(NC(=O)CN3CCc4cc(OC)c(OC)cc4C3)n2C)cc1,CHEMBL3105,4.76,singleton,1,True,7.114074388171762,0
1526,COc1ccc(C(=O)C2CCN(CC(=O)NCc3nc(=O)c4c([nH]3)CCC4)CC2)cc1,CHEMBL3105,4.75,950,23,False,37.20997671218183,0
771,O=C(Nc1cccc2c(=O)[nH]ccc12)c1ccc(F)cc1,CHEMBL3105,4.75,767,11,False,7.88,0
1962,C[C@@H]1CN(c2cc(F)c3c(c2)N(C)C(=O)C32CCN(c3nc(=O)c4c([nH]3)N(C)CCC4)CC2)C[C@H](C)O1,CHEMBL3105,4.74,singleton,1,True,7.073406556342163,0
952,O=C(CCc1ccccc1)N(Cc1nc(=O)c2ccccc2[nH]1)Cc1cccs1,CHEMBL3105,4.74,singleton,1,True,7.261866805175784,0
1996,COc1cc(O)cc(C)c1-c1cc(O)cc2cc3c(c(O)c12)C(=O)c1c(O)cc(O)cc1C3(C)C,CHEMBL3105,4.74,singleton,1,True,6.403829645112449,0
826,O=c1[nH]cnc2c(F)cccc12,CHEMBL3105,4.73,829,5,False,7.386610020245332,0
1763,NC(=O)c1ccc(Oc2cccc(C(=O)N3CCN(c4ccc(F)cc4)CC3)c2)cc1,CHEMBL3105,4.72,singleton,1,True,8.063448093558327,0
74,Cc1cccc(C(N)=O)c1,CHEMBL3105,4.72,singleton,1,True,7.286153846153847,0
957,CC(C)c1ccc(-c2cc(=O)c3ccccc3o2)cc1,CHEMBL3105,4.72,904,7,False,7.01358032948977,0
80,NC(=O)c1cccc(F)c1,CHEMBL3105,4.7,singleton,1,True,7.310769230769231,0
1520,COc1ccc(C(=O)C2CCN(C3CCN(Cc4nc5c(=O)ccccc5[nH]4)C3=O)CC2)cc1C,CHEMBL3105,4.7,singleton,1,True,7.482857258704689,0
69,NC(=O)c1ccccc1,CHEMBL3105,4.7,singleton,1,True,7.39039994713974,0
3100,CC(C)[C@H](CC(=O)N1CCC(C(=O)c2cnn(C)c2)CC1)Cc1nc(=O)c2ccccc2[nH]1,CHEMBL3105,4.68,3095,17,False,7.411794979407318,0
2831,Cc1cccnc1CN1CCN(c2nc(=O)c3c([nH]2)N(C)CCC3)CC1,CHEMBL3105,4.67,2831,29,False,7.80900060508852,0
2651,O=C1N[C@H](C2CC2)C(C(=O)N2CCC(N3CCCCC3)CC2)c2ccc(F)cc21,CHEMBL3105,4.66,singleton,1,True,7.17249994656071,0
785,O=C(Nc1cc(Cl)ccc1Oc1ccc2ccccc2c1Cl)c1cc(Cl)cc(Br)c1O,CHEMBL3105,4.66,singleton,1,True,7.1538458586444635,0
83,NC(=O)c1cccc(Cl)c1,CHEMBL3105,4.66,singleton,1,True,7.36,0
776,O=C(Nc1cccc2c(=O)[nH]ccc12)c1cccs1,CHEMBL3105,4.65,767,11,False,7.375909170843354,0
2812,CC1(C)C=c2[nH][nH]c(=O)c3cc(F)cc4c3c2c(n4CCO)C1,CHEMBL3105,4.64,1624,12,False,16.270835515422416,0
423,NC(=O)c1cccc2cc(-c3ccccc3)c[n+]([O-])c12,CHEMBL3105,4.64,singleton,1,True,7.754576083169321,0
2384,Cc1ncc2c(=O)[nH]c(-c3ccc(C(C)(C)O)cc3)cn12,CHEMBL3105,4.64,2303,16,False,7.028571260997232,0
1517,O=C(c1ccc(F)cc1)C1CCN(C2CCN(Cc3nc(=O)c4c([nH]3)CCOC4)C2=O)CC1,CHEMBL3105,4.63,950,23,False,7.370714191572399,0
1518,COc1ccc(C(=O)C2CCN(C3CCN(Cc4nc(=O)c5c([nH]4)CCOC5)C3=O)CC2)cc1C,CHEMBL3105,4.62,1519,5,False,7.182954462746175,0
828,O=c1[nH]cnc2c(C(F)(F)F)cccc12,CHEMBL3105,4.6,829,5,False,7.209090830964491,0
816,Cc1cccc2[nH]cnc(=O)c12,CHEMBL3105,4.6,singleton,1,True,7.030163851994017,0
820,O=c1[nH]cnc2ccc(O)cc12,CHEMBL3105,4.6,820,4,False,7.132307561501951,0
821,Cc1ccc2[nH]cnc(=O)c2c1,CHEMBL3105,4.6,823,2,False,6.895652352614308,0
823,Nc1ccc2[nH]cnc(=O)c2c1,CHEMBL3105,4.6,823,2,False,6.902857142857144,0
822,O=c1[nH]cnc2ccc([N+](=O)[O-])cc12,CHEMBL3105,4.6,singleton,1,True,6.959154818575196,0
819,O=c1[nH]cnc2ccc(I)cc12,CHEMBL3105,4.6,820,4,False,7.010447655171058,0
825,Cc1ccc2c(=O)[nH]cnc2c1,CHEMBL3105,4.6,singleton,1,True,7.010447655171058,0
2484,CC1(COc2ccc(/C=C3/SC(=O)NC3=O)cc2)CCCCC1,CHEMBL3105,4.6,singleton,1,True,6.6879517688064585,0
3090,CC(C)c1ccc(C2C=c3[nH][nH]c(=O)c4cc(F)cc5[nH]c(c3c54)C2)cc1,CHEMBL3105,4.59,1579,6,False,12.692306993981123,0
896,Cc1ccc(-c2cc(=O)c3ccccc3o2)cc1,CHEMBL3105,4.59,904,7,False,7.315920966566538,0
3101,CC(C)C[C@H](CC(=O)N1CCC(C(=O)c2cnn(C)c2)CC1)Cc1nc(=O)c2ccccc2[nH]1,CHEMBL3105,4.58,3095,17,False,7.499250145271796,0
2337,O=c1[nH]ccc2c(S(=O)(=O)N3CCCNCC3)cccc12,CHEMBL3105,4.57,singleton,1,True,7.462609005082544,0
428,N#Cc1ccc(-c2cnc3c(C(N)=O)cccc3c2)cc1,CHEMBL3105,4.57,singleton,1,True,8.404615538755115,0
2383,Cc1ncc2c(=O)[nH]c(-c3ccc(C(C)(C)C)cc3)cn12,CHEMBL3105,4.55,singleton,1,True,7.046999825985948,0
2779,O=C(CSc1nc(=O)c2ccccc2[nH]1)N[C@H]1CC[C@H](c2nnc(-c3ccccc3)o2)CC1,CHEMBL3105,4.54,2728,38,False,10.496664946129206,0
3119,CC(C)(CC(=O)N1CCC(C(=O)c2cccc(C(=O)O)c2)CC1)Cc1nc(=O)c2ccccc2[nH]1,CHEMBL3105,4.54,3121,11,False,7.8184618969358795,0
2106,COc1cc(/C=N/NC(N)=S)c(Br)c(Br)c1OC,CHEMBL3105,4.53,singleton,1,True,6.6654544009847125,0
1519,COc1ccc(C(=O)C2CCN(C3CCN(Cc4nc(=O)c5c([nH]4)CCC5)C3=O)CC2)cc1,CHEMBL3105,4.53,1519,5,False,7.201071213962783,0
774,Cc1ccccc1C(=O)Nc1cccc2c(=O)[nH]ccc12,CHEMBL3105,4.5,767,11,False,8.007999856805805,0
1533,O=C(CN1CCC(n2c(=O)[nH]c3ccccc32)CC1)NCc1nc(=O)c2c([nH]1)CCOC2,CHEMBL3105,4.49,950,23,False,7.409638703206852,0
78,NC(=O)c1cccc(N)c1,CHEMBL3105,4.48,78,2,False,7.695848970055029,0
2819,CCC(c1ncccn1)N1CCN(c2nc(=O)c3c([nH]2)N(C)CCC3)CC1,CHEMBL3105,4.47,2831,29,False,7.293658366932325,0
108,O=c1[nH]c2cc([N+](=O)[O-])ccc2c2ccc([N+](=O)[O-])cc12,CHEMBL3105,4.46,108,2,False,7.0309860099333905,0
1527,N#CCN(Cc1nc(=O)c2c([nH]1)CCOC2)C(=O)CN1CCC(C(=O)c2ccc(F)cc2)CC1,CHEMBL3105,4.37,950,23,False,10.608887799860629,0
1160,Cc1ccc(-c2cc3cnccc3c(=O)[nH]2)cc1,CHEMBL3105,4.37,singleton,1,True,7.415142680352078,0
429,Cc1ccc(-c2cnc3c(C(N)=O)cccc3c2)cc1,CHEMBL3105,4.37,435,7,False,8.777999790716176,0
1169,CC(=O)Nc1ccc(COc2ccc(-c3ccc(-c4nc5c(C(=O)O)cc(C)cc5[nH]4)cc3)cc2)cc1,CHEMBL3105,4.36,1169,2,False,9.394736567032313,0
2835,CN1CCCc2c1[nH]c(N1CCN(Cc3ccccc3Cl)CC1)nc2=O,CHEMBL3105,4.33,2831,29,False,7.794868463845691,0
2412,N#CC1C(=N)Oc2[nH]c(=O)[nH]c(=O)c2C1c1cccs1,CHEMBL3105,4.31,singleton,1,True,7.454999925941229,0
2420,CCO/C=N/C1=C(C#N)C(c2cccs2)c2c([nH]c(=O)[nH]c2=O)O1,CHEMBL3105,4.31,singleton,1,True,7.531071204128017,0
437,NC(=O)c1cccc2cc(-c3cccc(C(F)(F)F)c3)cnc12,CHEMBL3105,4.28,singleton,1,True,8.517857106592583,0
955,CC(C)CC(=O)Nc1nnc2n1CCS2,CHEMBL3105,4.26,singleton,1,True,7.632592592592592,0
88,NC(=O)c1cccc(Br)c1,CHEMBL3105,4.26,singleton,1,True,8.240833578929314,0
1903,COc1ccc(C(N)=O)cc1,CHEMBL3105,4.24,singleton,1,True,7.728301886792453,0
2107,CCOC(=O)c1ccc(NC(=S)N/N=C/c2cc(OC)c(OC)c(Br)c2Br)cc1,CHEMBL3105,4.23,singleton,1,True,7.40197686217931,0
430,COc1ccc(-c2cnc3c(C(N)=O)cccc3c2)cc1,CHEMBL3105,4.21,452,6,False,8.856415432981866,0
2497,CCN(c1ccccc1)S(=O)(=O)c1ccc(NC(=O)C2CC(=O)c3cc(C)c(C)cc3O2)cc1,CHEMBL3105,4.2,singleton,1,True,7.529702899199164,0
787,O=C(O)c1ccccc1C(=O)Nc1ccc(Oc2ccc3ccccc3c2)c(Cl)c1,CHEMBL3105,4.18,singleton,1,True,7.982608585321612,0
951,O=C(CCc1ccccc1)N(Cc1ccsc1)Cc1nc(=O)c2c([nH]1)CCOC2,CHEMBL3105,4.15,singleton,1,True,7.754597988038426,0
874,NC1CC2c3c(cccc31)CCN2C(=O)c1cc(Cc2n[nH]c(=O)c3ccccc23)ccc1F,CHEMBL3105,4.12,879,11,False,18.86500112444169,1
786,Cc1ccc(C(C)C)c(Br)c1Oc1ccc(Cl)cc1NC(=O)c1cc(Cl)cc(Br)c1O,CHEMBL3105,4.11,singleton,1,True,7.443181858513474,0
1240,COc1ccc(C(=O)Nc2ccc(C(=O)N(c3ccncn3)c3ccccc3Cl)cc2)cc1,CHEMBL3105,4.11,singleton,1,True,8.12199994190693,0
2825,CN1CCCc2c1[nH]c(N1CCN(Cc3ncc(Cl)cn3)CC1)nc2=O,CHEMBL3105,4.11,2831,29,False,7.821098860116586,0
873,O=C(NC1CC(=O)c2ccccc21)c1cc(Cc2n[nH]c(=O)c3ccccc23)ccc1F,CHEMBL3105,4.08,2256,6,False,11.54978743910412,0
869,O=C(NC1CNC(=O)c2ccccc21)c1cc(Cc2n[nH]c(=O)c3ccccc23)ccc1F,CHEMBL3105,4.06,2256,6,False,13.046969979755156,0
876,O=C(c1cc(Cc2n[nH]c(=O)c3ccccc23)ccc1F)N1CCc2cccc3c2C1CC3O,CHEMBL3105,4.06,879,11,False,19.723808180231718,1
2833,CN1CCCc2c1[nH]c(N1CCN(Cc3ccccc3C(F)(F)F)CC1)nc2=O,CHEMBL3105,4.02,2831,29,False,8.241558486216183,0
903,O=c1cc(-c2ccc(O)cc2)oc2cc(O)cc(O)c12,CHEMBL3105,4.0,2139,11,False,8.77500052303079,0
2421,NC(=O)c1ccc(I)c([N+](=O)[O-])c1,CHEMBL3105,4.0,singleton,1,True,8.103000354182736,0
839,O=C(Nc1cccc2cccnc12)c1ccc(-n2c(O)c3c(c2O)[C@H]2C=C[C@@H]3C2)cc1,CHEMBL3105,4.0,singleton,1,True,8.811692275371213,0
1230,Cc1ccc2c(c1)C(=O)NCC2,CHEMBL3105,4.0,1227,5,False,7.454929783992937,0
1231,O=C1NCCc2ccc(C(F)(F)F)cc21,CHEMBL3105,4.0,1227,5,False,7.537499943841248,0
1228,O=C1NCCc2ccc(Cl)cc21,CHEMBL3105,4.0,1227,5,False,7.454929783992937,0
1226,O=C1NCCc2ccccc21,CHEMBL3105,4.0,singleton,1,True,7.627692195779474,0
1227,O=C1NCCc2ccc(F)cc21,CHEMBL3105,4.0,1227,5,False,8.104444551791676,0
1229,O=C1NCCc2ccc(Br)cc21,CHEMBL3105,4.0,1227,5,False,7.45723076239253,0
2811,CC(C)(C)C(=O)ONC(Cc1ccccc1)C(=O)N1C=c2[nH]c3cccc4c(=O)[nH][nH]c(c2c34)C1,CHEMBL3105,4.0,1608,10,False,12.166666022053505,0
